filepath,true_label,pred_score,pred_label
/home/student/Downloads/imagenet_ai_0419_biggan/val/nature/ILSVRC2012_val_00000009.JPEG,0,0.0000,0
/home/student/Downloads/imagenet_ai_0419_biggan/val/nature/ILSVRC2012_val_00000035.JPEG,0,0.0000,0
/home/student/Downloads/imagenet_ai_0419_biggan/val/nature/ILSVRC2012_val_00000038.JPEG,0,0.0000,0
/home/student/Downloads/imagenet_ai_0419_biggan/val/nature/ILSVRC2012_val_00000039.JPEG,0,0.0005,0
/home/student/Downloads/imagenet_ai_0419_biggan/val/nature/ILSVRC2012_val_00000051.JPEG,0,0.0010,0
/home/student/Downloads/imagenet_ai_0419_biggan/val/nature/ILSVRC2012_val_00000062.JPEG,0,0.0000,0
/home/student/Downloads/imagenet_ai_0419_biggan/val/nature/ILSVRC2012_val_00000067.JPEG,0,0.1029,0
/home/student/Downloads/imagenet_ai_0419_biggan/val/nature/ILSVRC2012_val_00000075.JPEG,0,0.0062,0
/home/student/Downloads/imagenet_ai_0419_biggan/val/nature/ILSVRC2012_val_00000101.JPEG,0,0.0010,0
/home/student/Downloads/imagenet_ai_0419_biggan/val/nature/ILSVRC2012_val_00000116.JPEG,0,0.0001,0
/home/student/Downloads/imagenet_ai_0419_biggan/val/nature/ILSVRC2012_val_00000119.JPEG,0,0.0000,0
/home/student/Downloads/imagenet_ai_0419_biggan/val/nature/ILSVRC2012_val_00000128.JPEG,0,0.0000,0
/home/student/Downloads/imagenet_ai_0419_biggan/val/nature/ILSVRC2012_val_00000131.JPEG,0,0.0013,0
/home/student/Downloads/imagenet_ai_0419_biggan/val/nature/ILSVRC2012_val_00000133.JPEG,0,0.0012,0
/home/student/Downloads/imagenet_ai_0419_biggan/val/nature/ILSVRC2012_val_00000135.JPEG,0,0.0001,0
/home/student/Downloads/imagenet_ai_0419_biggan/val/nature/ILSVRC2012_val_00000139.JPEG,0,0.0000,0
/home/student/Downloads/imagenet_ai_0419_biggan/val/nature/ILSVRC2012_val_00000140.JPEG,0,0.0003,0
/home/student/Downloads/imagenet_ai_0419_biggan/val/nature/ILSVRC2012_val_00000174.JPEG,0,0.0000,0
/home/student/Downloads/imagenet_ai_0419_biggan/val/nature/ILSVRC2012_val_00000176.JPEG,0,0.0007,0
/home/student/Downloads/imagenet_ai_0419_biggan/val/nature/ILSVRC2012_val_00000183.JPEG,0,0.0002,0
/home/student/Downloads/imagenet_ai_0419_biggan/val/nature/ILSVRC2012_val_00000198.JPEG,0,0.0015,0
/home/student/Downloads/imagenet_ai_0419_biggan/val/nature/ILSVRC2012_val_00000209.JPEG,0,0.0004,0
/home/student/Downloads/imagenet_ai_0419_biggan/val/nature/ILSVRC2012_val_00000210.JPEG,0,0.0000,0
/home/student/Downloads/imagenet_ai_0419_biggan/val/nature/ILSVRC2012_val_00000247.JPEG,0,0.0054,0
/home/student/Downloads/imagenet_ai_0419_biggan/val/nature/ILSVRC2012_val_00000276.JPEG,0,0.0002,0
/home/student/Downloads/imagenet_ai_0419_biggan/val/nature/ILSVRC2012_val_00000297.JPEG,0,0.0000,0
/home/student/Downloads/imagenet_ai_0419_biggan/val/nature/ILSVRC2012_val_00000308.JPEG,0,0.0001,0
/home/student/Downloads/imagenet_ai_0419_biggan/val/nature/ILSVRC2012_val_00000312.JPEG,0,0.0261,0
/home/student/Downloads/imagenet_ai_0419_biggan/val/nature/ILSVRC2012_val_00000332.JPEG,0,0.0003,0
/home/student/Downloads/imagenet_ai_0419_biggan/val/nature/ILSVRC2012_val_00000333.JPEG,0,0.0000,0
/home/student/Downloads/imagenet_ai_0419_biggan/val/nature/ILSVRC2012_val_00000343.JPEG,0,0.0000,0
/home/student/Downloads/imagenet_ai_0419_biggan/val/nature/ILSVRC2012_val_00000347.JPEG,0,0.0011,0
/home/student/Downloads/imagenet_ai_0419_biggan/val/nature/ILSVRC2012_val_00000351.JPEG,0,0.0002,0
/home/student/Downloads/imagenet_ai_0419_biggan/val/nature/ILSVRC2012_val_00000358.JPEG,0,0.0000,0
/home/student/Downloads/imagenet_ai_0419_biggan/val/nature/ILSVRC2012_val_00000367.JPEG,0,0.0275,0
/home/student/Downloads/imagenet_ai_0419_biggan/val/nature/ILSVRC2012_val_00000368.JPEG,0,0.8498,1
/home/student/Downloads/imagenet_ai_0419_biggan/val/nature/ILSVRC2012_val_00000372.JPEG,0,0.0000,0
/home/student/Downloads/imagenet_ai_0419_biggan/val/nature/ILSVRC2012_val_00000374.JPEG,0,0.0006,0
/home/student/Downloads/imagenet_ai_0419_biggan/val/nature/ILSVRC2012_val_00000378.JPEG,0,0.0000,0
/home/student/Downloads/imagenet_ai_0419_biggan/val/nature/ILSVRC2012_val_00000382.JPEG,0,0.0000,0
/home/student/Downloads/imagenet_ai_0419_biggan/val/nature/ILSVRC2012_val_00000386.JPEG,0,0.6644,1
/home/student/Downloads/imagenet_ai_0419_biggan/val/nature/ILSVRC2012_val_00000395.JPEG,0,0.0003,0
/home/student/Downloads/imagenet_ai_0419_biggan/val/nature/ILSVRC2012_val_00000402.JPEG,0,0.0000,0
/home/student/Downloads/imagenet_ai_0419_biggan/val/nature/ILSVRC2012_val_00000418.JPEG,0,0.0000,0
/home/student/Downloads/imagenet_ai_0419_biggan/val/nature/ILSVRC2012_val_00000424.JPEG,0,0.0014,0
/home/student/Downloads/imagenet_ai_0419_biggan/val/nature/ILSVRC2012_val_00000428.JPEG,0,0.0000,0
/home/student/Downloads/imagenet_ai_0419_biggan/val/nature/ILSVRC2012_val_00000434.JPEG,0,0.0000,0
/home/student/Downloads/imagenet_ai_0419_biggan/val/nature/ILSVRC2012_val_00000439.JPEG,0,0.0002,0
/home/student/Downloads/imagenet_ai_0419_biggan/val/nature/ILSVRC2012_val_00000442.JPEG,0,0.0002,0
/home/student/Downloads/imagenet_ai_0419_biggan/val/nature/ILSVRC2012_val_00000453.JPEG,0,0.0001,0
/home/student/Downloads/imagenet_ai_0419_biggan/val/nature/ILSVRC2012_val_00000461.JPEG,0,0.0000,0
/home/student/Downloads/imagenet_ai_0419_biggan/val/nature/ILSVRC2012_val_00000509.JPEG,0,0.0002,0
/home/student/Downloads/imagenet_ai_0419_biggan/val/nature/ILSVRC2012_val_00000518.JPEG,0,0.0004,0
/home/student/Downloads/imagenet_ai_0419_biggan/val/nature/ILSVRC2012_val_00000525.JPEG,0,0.0001,0
/home/student/Downloads/imagenet_ai_0419_biggan/val/nature/ILSVRC2012_val_00000526.JPEG,0,0.0022,0
/home/student/Downloads/imagenet_ai_0419_biggan/val/nature/ILSVRC2012_val_00000530.JPEG,0,0.0000,0
/home/student/Downloads/imagenet_ai_0419_biggan/val/nature/ILSVRC2012_val_00000541.JPEG,0,0.1416,0
/home/student/Downloads/imagenet_ai_0419_biggan/val/nature/ILSVRC2012_val_00000564.JPEG,0,0.0004,0
/home/student/Downloads/imagenet_ai_0419_biggan/val/nature/ILSVRC2012_val_00000568.JPEG,0,0.0000,0
/home/student/Downloads/imagenet_ai_0419_biggan/val/nature/ILSVRC2012_val_00000570.JPEG,0,0.0007,0
/home/student/Downloads/imagenet_ai_0419_biggan/val/nature/ILSVRC2012_val_00000571.JPEG,0,0.0009,0
/home/student/Downloads/imagenet_ai_0419_biggan/val/nature/ILSVRC2012_val_00000591.JPEG,0,0.0003,0
/home/student/Downloads/imagenet_ai_0419_biggan/val/nature/ILSVRC2012_val_00000596.JPEG,0,0.0001,0
/home/student/Downloads/imagenet_ai_0419_biggan/val/nature/ILSVRC2012_val_00000606.JPEG,0,0.0002,0
/home/student/Downloads/imagenet_ai_0419_biggan/val/nature/ILSVRC2012_val_00000612.JPEG,0,0.0000,0
/home/student/Downloads/imagenet_ai_0419_biggan/val/nature/ILSVRC2012_val_00000631.JPEG,0,0.0000,0
/home/student/Downloads/imagenet_ai_0419_biggan/val/nature/ILSVRC2012_val_00000665.JPEG,0,0.0000,0
/home/student/Downloads/imagenet_ai_0419_biggan/val/nature/ILSVRC2012_val_00000670.JPEG,0,0.0000,0
/home/student/Downloads/imagenet_ai_0419_biggan/val/nature/ILSVRC2012_val_00000687.JPEG,0,0.0195,0
/home/student/Downloads/imagenet_ai_0419_biggan/val/nature/ILSVRC2012_val_00000696.JPEG,0,0.0004,0
/home/student/Downloads/imagenet_ai_0419_biggan/val/nature/ILSVRC2012_val_00000698.JPEG,0,0.0000,0
/home/student/Downloads/imagenet_ai_0419_biggan/val/nature/ILSVRC2012_val_00000710.JPEG,0,0.0001,0
/home/student/Downloads/imagenet_ai_0419_biggan/val/nature/ILSVRC2012_val_00000715.JPEG,0,0.0004,0
/home/student/Downloads/imagenet_ai_0419_biggan/val/nature/ILSVRC2012_val_00000726.JPEG,0,0.0000,0
/home/student/Downloads/imagenet_ai_0419_biggan/val/nature/ILSVRC2012_val_00000767.JPEG,0,0.0000,0
/home/student/Downloads/imagenet_ai_0419_biggan/val/nature/ILSVRC2012_val_00000771.JPEG,0,0.0001,0
/home/student/Downloads/imagenet_ai_0419_biggan/val/nature/ILSVRC2012_val_00000783.JPEG,0,0.0847,0
/home/student/Downloads/imagenet_ai_0419_biggan/val/nature/ILSVRC2012_val_00000784.JPEG,0,0.0000,0
/home/student/Downloads/imagenet_ai_0419_biggan/val/nature/ILSVRC2012_val_00000788.JPEG,0,0.0267,0
/home/student/Downloads/imagenet_ai_0419_biggan/val/nature/ILSVRC2012_val_00000789.JPEG,0,0.0000,0
/home/student/Downloads/imagenet_ai_0419_biggan/val/nature/ILSVRC2012_val_00000794.JPEG,0,0.0002,0
/home/student/Downloads/imagenet_ai_0419_biggan/val/nature/ILSVRC2012_val_00000809.JPEG,0,0.0000,0
/home/student/Downloads/imagenet_ai_0419_biggan/val/nature/ILSVRC2012_val_00000814.JPEG,0,0.0180,0
/home/student/Downloads/imagenet_ai_0419_biggan/val/nature/ILSVRC2012_val_00000827.JPEG,0,0.0001,0
/home/student/Downloads/imagenet_ai_0419_biggan/val/nature/ILSVRC2012_val_00000838.JPEG,0,0.0000,0
/home/student/Downloads/imagenet_ai_0419_biggan/val/nature/ILSVRC2012_val_00000850.JPEG,0,0.0002,0
/home/student/Downloads/imagenet_ai_0419_biggan/val/nature/ILSVRC2012_val_00000884.JPEG,0,0.0000,0
/home/student/Downloads/imagenet_ai_0419_biggan/val/nature/ILSVRC2012_val_00000886.JPEG,0,0.0008,0
/home/student/Downloads/imagenet_ai_0419_biggan/val/nature/ILSVRC2012_val_00000897.JPEG,0,0.0000,0
/home/student/Downloads/imagenet_ai_0419_biggan/val/nature/ILSVRC2012_val_00000934.JPEG,0,0.0000,0
/home/student/Downloads/imagenet_ai_0419_biggan/val/nature/ILSVRC2012_val_00000938.JPEG,0,0.0000,0
/home/student/Downloads/imagenet_ai_0419_biggan/val/nature/ILSVRC2012_val_00000939.JPEG,0,0.0013,0
/home/student/Downloads/imagenet_ai_0419_biggan/val/nature/ILSVRC2012_val_00000945.JPEG,0,0.0000,0
/home/student/Downloads/imagenet_ai_0419_biggan/val/nature/ILSVRC2012_val_00000948.JPEG,0,0.0000,0
/home/student/Downloads/imagenet_ai_0419_biggan/val/nature/ILSVRC2012_val_00000950.JPEG,0,0.0001,0
/home/student/Downloads/imagenet_ai_0419_biggan/val/nature/ILSVRC2012_val_00000959.JPEG,0,0.0004,0
/home/student/Downloads/imagenet_ai_0419_biggan/val/nature/ILSVRC2012_val_00000966.JPEG,0,0.0000,0
/home/student/Downloads/imagenet_ai_0419_biggan/val/nature/ILSVRC2012_val_00000982.JPEG,0,0.0004,0
/home/student/Downloads/imagenet_ai_0419_biggan/val/nature/ILSVRC2012_val_00000991.JPEG,0,0.0046,0
/home/student/Downloads/imagenet_ai_0419_biggan/val/nature/ILSVRC2012_val_00001017.JPEG,0,0.0001,0
/home/student/Downloads/imagenet_ai_0419_biggan/val/nature/ILSVRC2012_val_00001045.JPEG,0,0.0002,0
/home/student/Downloads/imagenet_ai_0419_biggan/val/nature/ILSVRC2012_val_00001058.JPEG,0,0.0003,0
/home/student/Downloads/imagenet_ai_0419_biggan/val/nature/ILSVRC2012_val_00001062.JPEG,0,0.0000,0
/home/student/Downloads/imagenet_ai_0419_biggan/val/nature/ILSVRC2012_val_00001073.JPEG,0,0.0057,0
/home/student/Downloads/imagenet_ai_0419_biggan/val/nature/ILSVRC2012_val_00001076.JPEG,0,0.0071,0
/home/student/Downloads/imagenet_ai_0419_biggan/val/nature/ILSVRC2012_val_00001079.JPEG,0,0.0001,0
/home/student/Downloads/imagenet_ai_0419_biggan/val/nature/ILSVRC2012_val_00001105.JPEG,0,0.0043,0
/home/student/Downloads/imagenet_ai_0419_biggan/val/nature/ILSVRC2012_val_00001114.JPEG,0,0.0000,0
/home/student/Downloads/imagenet_ai_0419_biggan/val/nature/ILSVRC2012_val_00001118.JPEG,0,0.0001,0
/home/student/Downloads/imagenet_ai_0419_biggan/val/nature/ILSVRC2012_val_00001123.JPEG,0,0.0000,0
/home/student/Downloads/imagenet_ai_0419_biggan/val/nature/ILSVRC2012_val_00001137.JPEG,0,0.0000,0
/home/student/Downloads/imagenet_ai_0419_biggan/val/nature/ILSVRC2012_val_00001138.JPEG,0,0.0000,0
/home/student/Downloads/imagenet_ai_0419_biggan/val/nature/ILSVRC2012_val_00001153.JPEG,0,0.0000,0
/home/student/Downloads/imagenet_ai_0419_biggan/val/nature/ILSVRC2012_val_00001157.JPEG,0,0.0000,0
/home/student/Downloads/imagenet_ai_0419_biggan/val/nature/ILSVRC2012_val_00001163.JPEG,0,0.0183,0
/home/student/Downloads/imagenet_ai_0419_biggan/val/nature/ILSVRC2012_val_00001186.JPEG,0,0.0000,0
/home/student/Downloads/imagenet_ai_0419_biggan/val/nature/ILSVRC2012_val_00001197.JPEG,0,0.0000,0
/home/student/Downloads/imagenet_ai_0419_biggan/val/nature/ILSVRC2012_val_00001198.JPEG,0,0.0000,0
/home/student/Downloads/imagenet_ai_0419_biggan/val/nature/ILSVRC2012_val_00001201.JPEG,0,0.0000,0
/home/student/Downloads/imagenet_ai_0419_biggan/val/nature/ILSVRC2012_val_00001206.JPEG,0,0.0000,0
/home/student/Downloads/imagenet_ai_0419_biggan/val/nature/ILSVRC2012_val_00001217.JPEG,0,0.0000,0
/home/student/Downloads/imagenet_ai_0419_biggan/val/nature/ILSVRC2012_val_00001223.JPEG,0,0.0010,0
/home/student/Downloads/imagenet_ai_0419_biggan/val/nature/ILSVRC2012_val_00001228.JPEG,0,0.0058,0
/home/student/Downloads/imagenet_ai_0419_biggan/val/nature/ILSVRC2012_val_00001240.JPEG,0,0.0028,0
/home/student/Downloads/imagenet_ai_0419_biggan/val/nature/ILSVRC2012_val_00001249.JPEG,0,0.0436,0
/home/student/Downloads/imagenet_ai_0419_biggan/val/nature/ILSVRC2012_val_00001251.JPEG,0,0.0009,0
/home/student/Downloads/imagenet_ai_0419_biggan/val/nature/ILSVRC2012_val_00001263.JPEG,0,0.0002,0
/home/student/Downloads/imagenet_ai_0419_biggan/val/nature/ILSVRC2012_val_00001265.JPEG,0,0.0000,0
/home/student/Downloads/imagenet_ai_0419_biggan/val/nature/ILSVRC2012_val_00001271.JPEG,0,0.0000,0
/home/student/Downloads/imagenet_ai_0419_biggan/val/nature/ILSVRC2012_val_00001272.JPEG,0,0.0000,0
/home/student/Downloads/imagenet_ai_0419_biggan/val/nature/ILSVRC2012_val_00001277.JPEG,0,0.0001,0
/home/student/Downloads/imagenet_ai_0419_biggan/val/nature/ILSVRC2012_val_00001299.JPEG,0,0.0000,0
/home/student/Downloads/imagenet_ai_0419_biggan/val/nature/ILSVRC2012_val_00001300.JPEG,0,0.0175,0
/home/student/Downloads/imagenet_ai_0419_biggan/val/nature/ILSVRC2012_val_00001308.JPEG,0,0.0012,0
/home/student/Downloads/imagenet_ai_0419_biggan/val/nature/ILSVRC2012_val_00001317.JPEG,0,0.0286,0
/home/student/Downloads/imagenet_ai_0419_biggan/val/nature/ILSVRC2012_val_00001322.JPEG,0,0.0000,0
/home/student/Downloads/imagenet_ai_0419_biggan/val/nature/ILSVRC2012_val_00001335.JPEG,0,0.0001,0
/home/student/Downloads/imagenet_ai_0419_biggan/val/nature/ILSVRC2012_val_00001350.JPEG,0,0.0000,0
/home/student/Downloads/imagenet_ai_0419_biggan/val/nature/ILSVRC2012_val_00001357.JPEG,0,0.0000,0
/home/student/Downloads/imagenet_ai_0419_biggan/val/nature/ILSVRC2012_val_00001369.JPEG,0,0.0000,0
/home/student/Downloads/imagenet_ai_0419_biggan/val/nature/ILSVRC2012_val_00001376.JPEG,0,0.0002,0
/home/student/Downloads/imagenet_ai_0419_biggan/val/nature/ILSVRC2012_val_00001379.JPEG,0,0.0001,0
/home/student/Downloads/imagenet_ai_0419_biggan/val/nature/ILSVRC2012_val_00001383.JPEG,0,0.0005,0
/home/student/Downloads/imagenet_ai_0419_biggan/val/nature/ILSVRC2012_val_00001384.JPEG,0,0.2025,0
/home/student/Downloads/imagenet_ai_0419_biggan/val/nature/ILSVRC2012_val_00001393.JPEG,0,0.0000,0
/home/student/Downloads/imagenet_ai_0419_biggan/val/nature/ILSVRC2012_val_00001408.JPEG,0,0.0000,0
/home/student/Downloads/imagenet_ai_0419_biggan/val/nature/ILSVRC2012_val_00001421.JPEG,0,0.0000,0
/home/student/Downloads/imagenet_ai_0419_biggan/val/nature/ILSVRC2012_val_00001429.JPEG,0,0.0008,0
/home/student/Downloads/imagenet_ai_0419_biggan/val/nature/ILSVRC2012_val_00001450.JPEG,0,0.0001,0
/home/student/Downloads/imagenet_ai_0419_biggan/val/nature/ILSVRC2012_val_00001456.JPEG,0,0.0000,0
/home/student/Downloads/imagenet_ai_0419_biggan/val/nature/ILSVRC2012_val_00001484.JPEG,0,0.0003,0
/home/student/Downloads/imagenet_ai_0419_biggan/val/nature/ILSVRC2012_val_00001516.JPEG,0,0.0000,0
/home/student/Downloads/imagenet_ai_0419_biggan/val/nature/ILSVRC2012_val_00001519.JPEG,0,0.0000,0
/home/student/Downloads/imagenet_ai_0419_biggan/val/nature/ILSVRC2012_val_00001522.JPEG,0,0.0000,0
/home/student/Downloads/imagenet_ai_0419_biggan/val/nature/ILSVRC2012_val_00001530.JPEG,0,0.0000,0
/home/student/Downloads/imagenet_ai_0419_biggan/val/nature/ILSVRC2012_val_00001562.JPEG,0,0.0007,0
/home/student/Downloads/imagenet_ai_0419_biggan/val/nature/ILSVRC2012_val_00001563.JPEG,0,0.0003,0
/home/student/Downloads/imagenet_ai_0419_biggan/val/nature/ILSVRC2012_val_00001567.JPEG,0,0.0207,0
/home/student/Downloads/imagenet_ai_0419_biggan/val/nature/ILSVRC2012_val_00001582.JPEG,0,0.0009,0
/home/student/Downloads/imagenet_ai_0419_biggan/val/nature/ILSVRC2012_val_00001587.JPEG,0,0.0002,0
/home/student/Downloads/imagenet_ai_0419_biggan/val/nature/ILSVRC2012_val_00001589.JPEG,0,0.0000,0
/home/student/Downloads/imagenet_ai_0419_biggan/val/nature/ILSVRC2012_val_00001595.JPEG,0,0.0029,0
/home/student/Downloads/imagenet_ai_0419_biggan/val/nature/ILSVRC2012_val_00001597.JPEG,0,0.0000,0
/home/student/Downloads/imagenet_ai_0419_biggan/val/nature/ILSVRC2012_val_00001599.JPEG,0,0.0001,0
/home/student/Downloads/imagenet_ai_0419_biggan/val/nature/ILSVRC2012_val_00001600.JPEG,0,0.0000,0
/home/student/Downloads/imagenet_ai_0419_biggan/val/nature/ILSVRC2012_val_00001603.JPEG,0,0.0000,0
/home/student/Downloads/imagenet_ai_0419_biggan/val/nature/ILSVRC2012_val_00001633.JPEG,0,0.0000,0
/home/student/Downloads/imagenet_ai_0419_biggan/val/nature/ILSVRC2012_val_00001668.JPEG,0,0.0000,0
/home/student/Downloads/imagenet_ai_0419_biggan/val/nature/ILSVRC2012_val_00001669.JPEG,0,0.0001,0
/home/student/Downloads/imagenet_ai_0419_biggan/val/nature/ILSVRC2012_val_00001674.JPEG,0,0.0136,0
/home/student/Downloads/imagenet_ai_0419_biggan/val/nature/ILSVRC2012_val_00001683.JPEG,0,0.0002,0
/home/student/Downloads/imagenet_ai_0419_biggan/val/nature/ILSVRC2012_val_00001702.JPEG,0,0.0000,0
/home/student/Downloads/imagenet_ai_0419_biggan/val/nature/ILSVRC2012_val_00001710.JPEG,0,0.0000,0
/home/student/Downloads/imagenet_ai_0419_biggan/val/nature/ILSVRC2012_val_00001717.JPEG,0,0.0030,0
/home/student/Downloads/imagenet_ai_0419_biggan/val/nature/ILSVRC2012_val_00001741.JPEG,0,0.0000,0
/home/student/Downloads/imagenet_ai_0419_biggan/val/nature/ILSVRC2012_val_00001748.JPEG,0,0.0000,0
/home/student/Downloads/imagenet_ai_0419_biggan/val/nature/ILSVRC2012_val_00001752.JPEG,0,0.0003,0
/home/student/Downloads/imagenet_ai_0419_biggan/val/nature/ILSVRC2012_val_00001757.JPEG,0,0.0000,0
/home/student/Downloads/imagenet_ai_0419_biggan/val/nature/ILSVRC2012_val_00001763.JPEG,0,0.1100,0
/home/student/Downloads/imagenet_ai_0419_biggan/val/nature/ILSVRC2012_val_00001768.JPEG,0,0.0000,0
/home/student/Downloads/imagenet_ai_0419_biggan/val/nature/ILSVRC2012_val_00001776.JPEG,0,0.0000,0
/home/student/Downloads/imagenet_ai_0419_biggan/val/nature/ILSVRC2012_val_00001786.JPEG,0,0.0000,0
/home/student/Downloads/imagenet_ai_0419_biggan/val/nature/ILSVRC2012_val_00001795.JPEG,0,0.0000,0
/home/student/Downloads/imagenet_ai_0419_biggan/val/nature/ILSVRC2012_val_00001797.JPEG,0,0.0000,0
/home/student/Downloads/imagenet_ai_0419_biggan/val/nature/ILSVRC2012_val_00001829.JPEG,0,0.0004,0
/home/student/Downloads/imagenet_ai_0419_biggan/val/nature/ILSVRC2012_val_00001836.JPEG,0,0.0001,0
/home/student/Downloads/imagenet_ai_0419_biggan/val/nature/ILSVRC2012_val_00001843.JPEG,0,0.0000,0
/home/student/Downloads/imagenet_ai_0419_biggan/val/nature/ILSVRC2012_val_00001844.JPEG,0,0.0000,0
/home/student/Downloads/imagenet_ai_0419_biggan/val/nature/ILSVRC2012_val_00001857.JPEG,0,0.0028,0
/home/student/Downloads/imagenet_ai_0419_biggan/val/nature/ILSVRC2012_val_00001861.JPEG,0,0.0000,0
/home/student/Downloads/imagenet_ai_0419_biggan/val/nature/ILSVRC2012_val_00001871.JPEG,0,0.0005,0
/home/student/Downloads/imagenet_ai_0419_biggan/val/nature/ILSVRC2012_val_00001878.JPEG,0,0.0000,0
/home/student/Downloads/imagenet_ai_0419_biggan/val/nature/ILSVRC2012_val_00001884.JPEG,0,0.0001,0
/home/student/Downloads/imagenet_ai_0419_biggan/val/nature/ILSVRC2012_val_00001897.JPEG,0,0.0005,0
/home/student/Downloads/imagenet_ai_0419_biggan/val/nature/ILSVRC2012_val_00001910.JPEG,0,0.0002,0
/home/student/Downloads/imagenet_ai_0419_biggan/val/nature/ILSVRC2012_val_00001933.JPEG,0,0.0001,0
/home/student/Downloads/imagenet_ai_0419_biggan/val/nature/ILSVRC2012_val_00001935.JPEG,0,0.0005,0
/home/student/Downloads/imagenet_ai_0419_biggan/val/nature/ILSVRC2012_val_00001977.JPEG,0,0.0447,0
/home/student/Downloads/imagenet_ai_0419_biggan/val/nature/ILSVRC2012_val_00001997.JPEG,0,0.0000,0
/home/student/Downloads/imagenet_ai_0419_biggan/val/nature/ILSVRC2012_val_00002010.JPEG,0,0.0000,0
/home/student/Downloads/imagenet_ai_0419_biggan/val/nature/ILSVRC2012_val_00002026.JPEG,0,0.0010,0
/home/student/Downloads/imagenet_ai_0419_biggan/val/nature/ILSVRC2012_val_00002034.JPEG,0,0.0001,0
/home/student/Downloads/imagenet_ai_0419_biggan/val/nature/ILSVRC2012_val_00002046.JPEG,0,0.0000,0
/home/student/Downloads/imagenet_ai_0419_biggan/val/nature/ILSVRC2012_val_00002050.JPEG,0,0.0001,0
/home/student/Downloads/imagenet_ai_0419_biggan/val/nature/ILSVRC2012_val_00002052.JPEG,0,0.0247,0
/home/student/Downloads/imagenet_ai_0419_biggan/val/nature/ILSVRC2012_val_00002053.JPEG,0,0.0000,0
/home/student/Downloads/imagenet_ai_0419_biggan/val/nature/ILSVRC2012_val_00002069.JPEG,0,0.0009,0
/home/student/Downloads/imagenet_ai_0419_biggan/val/nature/ILSVRC2012_val_00002092.JPEG,0,0.0001,0
/home/student/Downloads/imagenet_ai_0419_biggan/val/nature/ILSVRC2012_val_00002103.JPEG,0,0.0000,0
/home/student/Downloads/imagenet_ai_0419_biggan/val/nature/ILSVRC2012_val_00002106.JPEG,0,0.0000,0
/home/student/Downloads/imagenet_ai_0419_biggan/val/nature/ILSVRC2012_val_00002113.JPEG,0,0.0003,0
/home/student/Downloads/imagenet_ai_0419_biggan/val/nature/ILSVRC2012_val_00002124.JPEG,0,0.0001,0
/home/student/Downloads/imagenet_ai_0419_biggan/val/nature/ILSVRC2012_val_00002130.JPEG,0,0.0000,0
/home/student/Downloads/imagenet_ai_0419_biggan/val/nature/ILSVRC2012_val_00002138.JPEG,0,0.0000,0
/home/student/Downloads/imagenet_ai_0419_biggan/val/nature/ILSVRC2012_val_00002144.JPEG,0,0.0001,0
/home/student/Downloads/imagenet_ai_0419_biggan/val/nature/ILSVRC2012_val_00002151.JPEG,0,0.0037,0
/home/student/Downloads/imagenet_ai_0419_biggan/val/nature/ILSVRC2012_val_00002155.JPEG,0,0.0046,0
/home/student/Downloads/imagenet_ai_0419_biggan/val/nature/ILSVRC2012_val_00002162.JPEG,0,0.0000,0
/home/student/Downloads/imagenet_ai_0419_biggan/val/nature/ILSVRC2012_val_00002170.JPEG,0,0.0000,0
/home/student/Downloads/imagenet_ai_0419_biggan/val/nature/ILSVRC2012_val_00002171.JPEG,0,0.0000,0
/home/student/Downloads/imagenet_ai_0419_biggan/val/nature/ILSVRC2012_val_00002174.JPEG,0,0.0005,0
/home/student/Downloads/imagenet_ai_0419_biggan/val/nature/ILSVRC2012_val_00002177.JPEG,0,0.0000,0
/home/student/Downloads/imagenet_ai_0419_biggan/val/nature/ILSVRC2012_val_00002205.JPEG,0,0.0167,0
/home/student/Downloads/imagenet_ai_0419_biggan/val/nature/ILSVRC2012_val_00002209.JPEG,0,0.0000,0
/home/student/Downloads/imagenet_ai_0419_biggan/val/nature/ILSVRC2012_val_00002229.JPEG,0,0.0141,0
/home/student/Downloads/imagenet_ai_0419_biggan/val/nature/ILSVRC2012_val_00002232.JPEG,0,0.0000,0
/home/student/Downloads/imagenet_ai_0419_biggan/val/nature/ILSVRC2012_val_00002241.JPEG,0,0.0000,0
/home/student/Downloads/imagenet_ai_0419_biggan/val/nature/ILSVRC2012_val_00002249.JPEG,0,0.0041,0
/home/student/Downloads/imagenet_ai_0419_biggan/val/nature/ILSVRC2012_val_00002256.JPEG,0,0.0002,0
/home/student/Downloads/imagenet_ai_0419_biggan/val/nature/ILSVRC2012_val_00002262.JPEG,0,0.0001,0
/home/student/Downloads/imagenet_ai_0419_biggan/val/nature/ILSVRC2012_val_00002277.JPEG,0,0.0001,0
/home/student/Downloads/imagenet_ai_0419_biggan/val/nature/ILSVRC2012_val_00002296.JPEG,0,0.0000,0
/home/student/Downloads/imagenet_ai_0419_biggan/val/nature/ILSVRC2012_val_00002300.JPEG,0,0.0004,0
/home/student/Downloads/imagenet_ai_0419_biggan/val/nature/ILSVRC2012_val_00002315.JPEG,0,0.0000,0
/home/student/Downloads/imagenet_ai_0419_biggan/val/nature/ILSVRC2012_val_00002318.JPEG,0,0.0001,0
/home/student/Downloads/imagenet_ai_0419_biggan/val/nature/ILSVRC2012_val_00002328.JPEG,0,0.0002,0
/home/student/Downloads/imagenet_ai_0419_biggan/val/nature/ILSVRC2012_val_00002332.JPEG,0,0.0001,0
/home/student/Downloads/imagenet_ai_0419_biggan/val/nature/ILSVRC2012_val_00002344.JPEG,0,0.0002,0
/home/student/Downloads/imagenet_ai_0419_biggan/val/nature/ILSVRC2012_val_00002345.JPEG,0,0.0000,0
/home/student/Downloads/imagenet_ai_0419_biggan/val/nature/ILSVRC2012_val_00002347.JPEG,0,0.0013,0
/home/student/Downloads/imagenet_ai_0419_biggan/val/nature/ILSVRC2012_val_00002349.JPEG,0,0.0000,0
/home/student/Downloads/imagenet_ai_0419_biggan/val/nature/ILSVRC2012_val_00002353.JPEG,0,0.0000,0
/home/student/Downloads/imagenet_ai_0419_biggan/val/nature/ILSVRC2012_val_00002358.JPEG,0,0.0003,0
/home/student/Downloads/imagenet_ai_0419_biggan/val/nature/ILSVRC2012_val_00002362.JPEG,0,0.0002,0
/home/student/Downloads/imagenet_ai_0419_biggan/val/nature/ILSVRC2012_val_00002383.JPEG,0,0.0011,0
/home/student/Downloads/imagenet_ai_0419_biggan/val/nature/ILSVRC2012_val_00002389.JPEG,0,0.0002,0
/home/student/Downloads/imagenet_ai_0419_biggan/val/nature/ILSVRC2012_val_00002403.JPEG,0,0.0000,0
/home/student/Downloads/imagenet_ai_0419_biggan/val/nature/ILSVRC2012_val_00002412.JPEG,0,0.0000,0
/home/student/Downloads/imagenet_ai_0419_biggan/val/nature/ILSVRC2012_val_00002415.JPEG,0,0.0008,0
/home/student/Downloads/imagenet_ai_0419_biggan/val/nature/ILSVRC2012_val_00002420.JPEG,0,0.3229,0
/home/student/Downloads/imagenet_ai_0419_biggan/val/nature/ILSVRC2012_val_00002424.JPEG,0,0.0000,0
/home/student/Downloads/imagenet_ai_0419_biggan/val/nature/ILSVRC2012_val_00002425.JPEG,0,0.0001,0
/home/student/Downloads/imagenet_ai_0419_biggan/val/nature/ILSVRC2012_val_00002429.JPEG,0,0.0001,0
/home/student/Downloads/imagenet_ai_0419_biggan/val/nature/ILSVRC2012_val_00002430.JPEG,0,0.0000,0
/home/student/Downloads/imagenet_ai_0419_biggan/val/nature/ILSVRC2012_val_00002440.JPEG,0,0.0000,0
/home/student/Downloads/imagenet_ai_0419_biggan/val/nature/ILSVRC2012_val_00002464.JPEG,0,0.0000,0
/home/student/Downloads/imagenet_ai_0419_biggan/val/nature/ILSVRC2012_val_00002470.JPEG,0,0.0000,0
/home/student/Downloads/imagenet_ai_0419_biggan/val/nature/ILSVRC2012_val_00002491.JPEG,0,0.0000,0
/home/student/Downloads/imagenet_ai_0419_biggan/val/nature/ILSVRC2012_val_00002509.JPEG,0,0.0000,0
/home/student/Downloads/imagenet_ai_0419_biggan/val/nature/ILSVRC2012_val_00002553.JPEG,0,0.0000,0
/home/student/Downloads/imagenet_ai_0419_biggan/val/nature/ILSVRC2012_val_00002572.JPEG,0,0.0000,0
/home/student/Downloads/imagenet_ai_0419_biggan/val/nature/ILSVRC2012_val_00002585.JPEG,0,0.0000,0
/home/student/Downloads/imagenet_ai_0419_biggan/val/nature/ILSVRC2012_val_00002589.JPEG,0,0.0207,0
/home/student/Downloads/imagenet_ai_0419_biggan/val/nature/ILSVRC2012_val_00002594.JPEG,0,0.0000,0
/home/student/Downloads/imagenet_ai_0419_biggan/val/nature/ILSVRC2012_val_00002597.JPEG,0,0.0008,0
/home/student/Downloads/imagenet_ai_0419_biggan/val/nature/ILSVRC2012_val_00002603.JPEG,0,0.0000,0
/home/student/Downloads/imagenet_ai_0419_biggan/val/nature/ILSVRC2012_val_00002604.JPEG,0,0.0000,0
/home/student/Downloads/imagenet_ai_0419_biggan/val/nature/ILSVRC2012_val_00002625.JPEG,0,0.0001,0
/home/student/Downloads/imagenet_ai_0419_biggan/val/nature/ILSVRC2012_val_00002631.JPEG,0,0.0001,0
/home/student/Downloads/imagenet_ai_0419_biggan/val/nature/ILSVRC2012_val_00002635.JPEG,0,0.0000,0
/home/student/Downloads/imagenet_ai_0419_biggan/val/nature/ILSVRC2012_val_00002638.JPEG,0,0.0000,0
/home/student/Downloads/imagenet_ai_0419_biggan/val/nature/ILSVRC2012_val_00002658.JPEG,0,0.0001,0
/home/student/Downloads/imagenet_ai_0419_biggan/val/nature/ILSVRC2012_val_00002663.JPEG,0,0.0000,0
/home/student/Downloads/imagenet_ai_0419_biggan/val/nature/ILSVRC2012_val_00002664.JPEG,0,0.0003,0
/home/student/Downloads/imagenet_ai_0419_biggan/val/nature/ILSVRC2012_val_00002667.JPEG,0,0.0002,0
/home/student/Downloads/imagenet_ai_0419_biggan/val/nature/ILSVRC2012_val_00002673.JPEG,0,0.0000,0
/home/student/Downloads/imagenet_ai_0419_biggan/val/nature/ILSVRC2012_val_00002677.JPEG,0,0.0000,0
/home/student/Downloads/imagenet_ai_0419_biggan/val/nature/ILSVRC2012_val_00002682.JPEG,0,0.0001,0
/home/student/Downloads/imagenet_ai_0419_biggan/val/nature/ILSVRC2012_val_00002698.JPEG,0,0.0256,0
/home/student/Downloads/imagenet_ai_0419_biggan/val/nature/ILSVRC2012_val_00002699.JPEG,0,0.0002,0
/home/student/Downloads/imagenet_ai_0419_biggan/val/nature/ILSVRC2012_val_00002705.JPEG,0,0.0000,0
/home/student/Downloads/imagenet_ai_0419_biggan/val/nature/ILSVRC2012_val_00002711.JPEG,0,0.0020,0
/home/student/Downloads/imagenet_ai_0419_biggan/val/nature/ILSVRC2012_val_00002717.JPEG,0,0.0000,0
/home/student/Downloads/imagenet_ai_0419_biggan/val/nature/ILSVRC2012_val_00002719.JPEG,0,0.0003,0
/home/student/Downloads/imagenet_ai_0419_biggan/val/nature/ILSVRC2012_val_00002730.JPEG,0,0.0100,0
/home/student/Downloads/imagenet_ai_0419_biggan/val/nature/ILSVRC2012_val_00002746.JPEG,0,0.0000,0
/home/student/Downloads/imagenet_ai_0419_biggan/val/nature/ILSVRC2012_val_00002749.JPEG,0,0.0000,0
/home/student/Downloads/imagenet_ai_0419_biggan/val/nature/ILSVRC2012_val_00002753.JPEG,0,0.0000,0
/home/student/Downloads/imagenet_ai_0419_biggan/val/nature/ILSVRC2012_val_00002771.JPEG,0,0.0035,0
/home/student/Downloads/imagenet_ai_0419_biggan/val/nature/ILSVRC2012_val_00002799.JPEG,0,0.0148,0
/home/student/Downloads/imagenet_ai_0419_biggan/val/nature/ILSVRC2012_val_00002805.JPEG,0,0.0003,0
/home/student/Downloads/imagenet_ai_0419_biggan/val/nature/ILSVRC2012_val_00002810.JPEG,0,0.0014,0
/home/student/Downloads/imagenet_ai_0419_biggan/val/nature/ILSVRC2012_val_00002819.JPEG,0,0.0018,0
/home/student/Downloads/imagenet_ai_0419_biggan/val/nature/ILSVRC2012_val_00002820.JPEG,0,0.2843,0
/home/student/Downloads/imagenet_ai_0419_biggan/val/nature/ILSVRC2012_val_00002829.JPEG,0,0.0491,0
/home/student/Downloads/imagenet_ai_0419_biggan/val/nature/ILSVRC2012_val_00002832.JPEG,0,0.0005,0
/home/student/Downloads/imagenet_ai_0419_biggan/val/nature/ILSVRC2012_val_00002834.JPEG,0,0.0001,0
/home/student/Downloads/imagenet_ai_0419_biggan/val/nature/ILSVRC2012_val_00002868.JPEG,0,0.0001,0
/home/student/Downloads/imagenet_ai_0419_biggan/val/nature/ILSVRC2012_val_00002883.JPEG,0,0.0006,0
/home/student/Downloads/imagenet_ai_0419_biggan/val/nature/ILSVRC2012_val_00002884.JPEG,0,0.0001,0
/home/student/Downloads/imagenet_ai_0419_biggan/val/nature/ILSVRC2012_val_00002888.JPEG,0,0.0000,0
/home/student/Downloads/imagenet_ai_0419_biggan/val/nature/ILSVRC2012_val_00002908.JPEG,0,0.0000,0
/home/student/Downloads/imagenet_ai_0419_biggan/val/nature/ILSVRC2012_val_00002920.JPEG,0,0.0001,0
/home/student/Downloads/imagenet_ai_0419_biggan/val/nature/ILSVRC2012_val_00002926.JPEG,0,0.0254,0
/home/student/Downloads/imagenet_ai_0419_biggan/val/nature/ILSVRC2012_val_00002931.JPEG,0,0.0001,0
/home/student/Downloads/imagenet_ai_0419_biggan/val/nature/ILSVRC2012_val_00002932.JPEG,0,0.0000,0
/home/student/Downloads/imagenet_ai_0419_biggan/val/nature/ILSVRC2012_val_00002939.JPEG,0,0.0000,0
/home/student/Downloads/imagenet_ai_0419_biggan/val/nature/ILSVRC2012_val_00002942.JPEG,0,0.0020,0
/home/student/Downloads/imagenet_ai_0419_biggan/val/nature/ILSVRC2012_val_00002943.JPEG,0,0.0024,0
/home/student/Downloads/imagenet_ai_0419_biggan/val/nature/ILSVRC2012_val_00002945.JPEG,0,0.0123,0
/home/student/Downloads/imagenet_ai_0419_biggan/val/nature/ILSVRC2012_val_00002946.JPEG,0,0.0005,0
/home/student/Downloads/imagenet_ai_0419_biggan/val/nature/ILSVRC2012_val_00002952.JPEG,0,0.0052,0
/home/student/Downloads/imagenet_ai_0419_biggan/val/nature/ILSVRC2012_val_00002959.JPEG,0,0.0070,0
/home/student/Downloads/imagenet_ai_0419_biggan/val/nature/ILSVRC2012_val_00002967.JPEG,0,0.0000,0
/home/student/Downloads/imagenet_ai_0419_biggan/val/nature/ILSVRC2012_val_00002983.JPEG,0,0.0429,0
/home/student/Downloads/imagenet_ai_0419_biggan/val/nature/ILSVRC2012_val_00002999.JPEG,0,0.0000,0
/home/student/Downloads/imagenet_ai_0419_biggan/val/nature/ILSVRC2012_val_00003028.JPEG,0,0.0000,0
/home/student/Downloads/imagenet_ai_0419_biggan/val/nature/ILSVRC2012_val_00003030.JPEG,0,0.0003,0
/home/student/Downloads/imagenet_ai_0419_biggan/val/nature/ILSVRC2012_val_00003037.JPEG,0,0.0072,0
/home/student/Downloads/imagenet_ai_0419_biggan/val/nature/ILSVRC2012_val_00003050.JPEG,0,0.0000,0
/home/student/Downloads/imagenet_ai_0419_biggan/val/nature/ILSVRC2012_val_00003067.JPEG,0,0.0000,0
/home/student/Downloads/imagenet_ai_0419_biggan/val/nature/ILSVRC2012_val_00003077.JPEG,0,0.0000,0
/home/student/Downloads/imagenet_ai_0419_biggan/val/nature/ILSVRC2012_val_00003112.JPEG,0,0.0000,0
/home/student/Downloads/imagenet_ai_0419_biggan/val/nature/ILSVRC2012_val_00003117.JPEG,0,0.0001,0
/home/student/Downloads/imagenet_ai_0419_biggan/val/nature/ILSVRC2012_val_00003119.JPEG,0,0.0033,0
/home/student/Downloads/imagenet_ai_0419_biggan/val/nature/ILSVRC2012_val_00003120.JPEG,0,0.0000,0
/home/student/Downloads/imagenet_ai_0419_biggan/val/nature/ILSVRC2012_val_00003138.JPEG,0,0.4060,0
/home/student/Downloads/imagenet_ai_0419_biggan/val/nature/ILSVRC2012_val_00003143.JPEG,0,0.0000,0
/home/student/Downloads/imagenet_ai_0419_biggan/val/nature/ILSVRC2012_val_00003155.JPEG,0,0.0003,0
/home/student/Downloads/imagenet_ai_0419_biggan/val/nature/ILSVRC2012_val_00003157.JPEG,0,0.0000,0
/home/student/Downloads/imagenet_ai_0419_biggan/val/nature/ILSVRC2012_val_00003182.JPEG,0,0.0049,0
/home/student/Downloads/imagenet_ai_0419_biggan/val/nature/ILSVRC2012_val_00003184.JPEG,0,0.0001,0
/home/student/Downloads/imagenet_ai_0419_biggan/val/nature/ILSVRC2012_val_00003197.JPEG,0,0.0001,0
/home/student/Downloads/imagenet_ai_0419_biggan/val/nature/ILSVRC2012_val_00003199.JPEG,0,0.0014,0
/home/student/Downloads/imagenet_ai_0419_biggan/val/nature/ILSVRC2012_val_00003203.JPEG,0,0.0000,0
/home/student/Downloads/imagenet_ai_0419_biggan/val/nature/ILSVRC2012_val_00003215.JPEG,0,0.0004,0
/home/student/Downloads/imagenet_ai_0419_biggan/val/nature/ILSVRC2012_val_00003244.JPEG,0,0.0000,0
/home/student/Downloads/imagenet_ai_0419_biggan/val/nature/ILSVRC2012_val_00003257.JPEG,0,0.0008,0
/home/student/Downloads/imagenet_ai_0419_biggan/val/nature/ILSVRC2012_val_00003263.JPEG,0,0.0003,0
/home/student/Downloads/imagenet_ai_0419_biggan/val/nature/ILSVRC2012_val_00003291.JPEG,0,0.0000,0
/home/student/Downloads/imagenet_ai_0419_biggan/val/nature/ILSVRC2012_val_00003292.JPEG,0,0.0000,0
/home/student/Downloads/imagenet_ai_0419_biggan/val/nature/ILSVRC2012_val_00003293.JPEG,0,0.0000,0
/home/student/Downloads/imagenet_ai_0419_biggan/val/nature/ILSVRC2012_val_00003313.JPEG,0,0.0057,0
/home/student/Downloads/imagenet_ai_0419_biggan/val/nature/ILSVRC2012_val_00003315.JPEG,0,0.0000,0
/home/student/Downloads/imagenet_ai_0419_biggan/val/nature/ILSVRC2012_val_00003320.JPEG,0,0.0004,0
/home/student/Downloads/imagenet_ai_0419_biggan/val/nature/ILSVRC2012_val_00003323.JPEG,0,0.0001,0
/home/student/Downloads/imagenet_ai_0419_biggan/val/nature/ILSVRC2012_val_00003330.JPEG,0,0.0000,0
/home/student/Downloads/imagenet_ai_0419_biggan/val/nature/ILSVRC2012_val_00003387.JPEG,0,0.0000,0
/home/student/Downloads/imagenet_ai_0419_biggan/val/nature/ILSVRC2012_val_00003391.JPEG,0,0.0013,0
/home/student/Downloads/imagenet_ai_0419_biggan/val/nature/ILSVRC2012_val_00003403.JPEG,0,0.0000,0
/home/student/Downloads/imagenet_ai_0419_biggan/val/nature/ILSVRC2012_val_00003412.JPEG,0,0.0001,0
/home/student/Downloads/imagenet_ai_0419_biggan/val/nature/ILSVRC2012_val_00003416.JPEG,0,0.0000,0
/home/student/Downloads/imagenet_ai_0419_biggan/val/nature/ILSVRC2012_val_00003436.JPEG,0,0.3696,0
/home/student/Downloads/imagenet_ai_0419_biggan/val/nature/ILSVRC2012_val_00003439.JPEG,0,0.0013,0
/home/student/Downloads/imagenet_ai_0419_biggan/val/nature/ILSVRC2012_val_00003443.JPEG,0,0.0001,0
/home/student/Downloads/imagenet_ai_0419_biggan/val/nature/ILSVRC2012_val_00003463.JPEG,0,0.0002,0
/home/student/Downloads/imagenet_ai_0419_biggan/val/nature/ILSVRC2012_val_00003467.JPEG,0,0.1163,0
/home/student/Downloads/imagenet_ai_0419_biggan/val/nature/ILSVRC2012_val_00003472.JPEG,0,0.0040,0
/home/student/Downloads/imagenet_ai_0419_biggan/val/nature/ILSVRC2012_val_00003475.JPEG,0,0.0000,0
/home/student/Downloads/imagenet_ai_0419_biggan/val/nature/ILSVRC2012_val_00003493.JPEG,0,0.0000,0
/home/student/Downloads/imagenet_ai_0419_biggan/val/nature/ILSVRC2012_val_00003499.JPEG,0,0.0000,0
/home/student/Downloads/imagenet_ai_0419_biggan/val/nature/ILSVRC2012_val_00003507.JPEG,0,0.0001,0
/home/student/Downloads/imagenet_ai_0419_biggan/val/nature/ILSVRC2012_val_00003514.JPEG,0,0.5519,1
/home/student/Downloads/imagenet_ai_0419_biggan/val/nature/ILSVRC2012_val_00003540.JPEG,0,0.0000,0
/home/student/Downloads/imagenet_ai_0419_biggan/val/nature/ILSVRC2012_val_00003542.JPEG,0,0.0000,0
/home/student/Downloads/imagenet_ai_0419_biggan/val/nature/ILSVRC2012_val_00003543.JPEG,0,0.0000,0
/home/student/Downloads/imagenet_ai_0419_biggan/val/nature/ILSVRC2012_val_00003549.JPEG,0,0.0002,0
/home/student/Downloads/imagenet_ai_0419_biggan/val/nature/ILSVRC2012_val_00003559.JPEG,0,0.0000,0
/home/student/Downloads/imagenet_ai_0419_biggan/val/nature/ILSVRC2012_val_00003560.JPEG,0,0.0001,0
/home/student/Downloads/imagenet_ai_0419_biggan/val/nature/ILSVRC2012_val_00003572.JPEG,0,0.0002,0
/home/student/Downloads/imagenet_ai_0419_biggan/val/nature/ILSVRC2012_val_00003576.JPEG,0,0.0000,0
/home/student/Downloads/imagenet_ai_0419_biggan/val/nature/ILSVRC2012_val_00003591.JPEG,0,0.0074,0
/home/student/Downloads/imagenet_ai_0419_biggan/val/nature/ILSVRC2012_val_00003597.JPEG,0,0.0001,0
/home/student/Downloads/imagenet_ai_0419_biggan/val/nature/ILSVRC2012_val_00003609.JPEG,0,0.0010,0
/home/student/Downloads/imagenet_ai_0419_biggan/val/nature/ILSVRC2012_val_00003627.JPEG,0,0.0000,0
/home/student/Downloads/imagenet_ai_0419_biggan/val/nature/ILSVRC2012_val_00003633.JPEG,0,0.0000,0
/home/student/Downloads/imagenet_ai_0419_biggan/val/nature/ILSVRC2012_val_00003634.JPEG,0,0.0000,0
/home/student/Downloads/imagenet_ai_0419_biggan/val/nature/ILSVRC2012_val_00003640.JPEG,0,0.0006,0
/home/student/Downloads/imagenet_ai_0419_biggan/val/nature/ILSVRC2012_val_00003650.JPEG,0,0.0003,0
/home/student/Downloads/imagenet_ai_0419_biggan/val/nature/ILSVRC2012_val_00003653.JPEG,0,0.0002,0
/home/student/Downloads/imagenet_ai_0419_biggan/val/nature/ILSVRC2012_val_00003666.JPEG,0,0.0000,0
/home/student/Downloads/imagenet_ai_0419_biggan/val/nature/ILSVRC2012_val_00003677.JPEG,0,0.0003,0
/home/student/Downloads/imagenet_ai_0419_biggan/val/nature/ILSVRC2012_val_00003690.JPEG,0,0.0000,0
/home/student/Downloads/imagenet_ai_0419_biggan/val/nature/ILSVRC2012_val_00003701.JPEG,0,0.0000,0
/home/student/Downloads/imagenet_ai_0419_biggan/val/nature/ILSVRC2012_val_00003702.JPEG,0,0.0000,0
/home/student/Downloads/imagenet_ai_0419_biggan/val/nature/ILSVRC2012_val_00003708.JPEG,0,0.0000,0
/home/student/Downloads/imagenet_ai_0419_biggan/val/nature/ILSVRC2012_val_00003726.JPEG,0,0.0004,0
/home/student/Downloads/imagenet_ai_0419_biggan/val/nature/ILSVRC2012_val_00003732.JPEG,0,0.0000,0
/home/student/Downloads/imagenet_ai_0419_biggan/val/nature/ILSVRC2012_val_00003744.JPEG,0,0.0002,0
/home/student/Downloads/imagenet_ai_0419_biggan/val/nature/ILSVRC2012_val_00003757.JPEG,0,0.0002,0
/home/student/Downloads/imagenet_ai_0419_biggan/val/nature/ILSVRC2012_val_00003774.JPEG,0,0.0001,0
/home/student/Downloads/imagenet_ai_0419_biggan/val/nature/ILSVRC2012_val_00003776.JPEG,0,0.0000,0
/home/student/Downloads/imagenet_ai_0419_biggan/val/nature/ILSVRC2012_val_00003803.JPEG,0,0.0000,0
/home/student/Downloads/imagenet_ai_0419_biggan/val/nature/ILSVRC2012_val_00003815.JPEG,0,0.0037,0
/home/student/Downloads/imagenet_ai_0419_biggan/val/nature/ILSVRC2012_val_00003819.JPEG,0,0.0002,0
/home/student/Downloads/imagenet_ai_0419_biggan/val/nature/ILSVRC2012_val_00003820.JPEG,0,0.0001,0
/home/student/Downloads/imagenet_ai_0419_biggan/val/nature/ILSVRC2012_val_00003822.JPEG,0,0.0000,0
/home/student/Downloads/imagenet_ai_0419_biggan/val/nature/ILSVRC2012_val_00003826.JPEG,0,0.0024,0
/home/student/Downloads/imagenet_ai_0419_biggan/val/nature/ILSVRC2012_val_00003829.JPEG,0,0.0001,0
/home/student/Downloads/imagenet_ai_0419_biggan/val/nature/ILSVRC2012_val_00003839.JPEG,0,0.0052,0
/home/student/Downloads/imagenet_ai_0419_biggan/val/nature/ILSVRC2012_val_00003840.JPEG,0,0.0000,0
/home/student/Downloads/imagenet_ai_0419_biggan/val/nature/ILSVRC2012_val_00003873.JPEG,0,0.0000,0
/home/student/Downloads/imagenet_ai_0419_biggan/val/nature/ILSVRC2012_val_00003881.JPEG,0,0.0000,0
/home/student/Downloads/imagenet_ai_0419_biggan/val/nature/ILSVRC2012_val_00003884.JPEG,0,0.0052,0
/home/student/Downloads/imagenet_ai_0419_biggan/val/nature/ILSVRC2012_val_00003886.JPEG,0,0.0001,0
/home/student/Downloads/imagenet_ai_0419_biggan/val/nature/ILSVRC2012_val_00003897.JPEG,0,0.0000,0
/home/student/Downloads/imagenet_ai_0419_biggan/val/nature/ILSVRC2012_val_00003905.JPEG,0,0.0000,0
/home/student/Downloads/imagenet_ai_0419_biggan/val/nature/ILSVRC2012_val_00003919.JPEG,0,0.0000,0
/home/student/Downloads/imagenet_ai_0419_biggan/val/nature/ILSVRC2012_val_00003920.JPEG,0,0.0001,0
/home/student/Downloads/imagenet_ai_0419_biggan/val/nature/ILSVRC2012_val_00003922.JPEG,0,0.0000,0
/home/student/Downloads/imagenet_ai_0419_biggan/val/nature/ILSVRC2012_val_00003945.JPEG,0,0.0000,0
/home/student/Downloads/imagenet_ai_0419_biggan/val/nature/ILSVRC2012_val_00003951.JPEG,0,0.0001,0
/home/student/Downloads/imagenet_ai_0419_biggan/val/nature/ILSVRC2012_val_00003964.JPEG,0,0.0004,0
/home/student/Downloads/imagenet_ai_0419_biggan/val/nature/ILSVRC2012_val_00003965.JPEG,0,0.0113,0
/home/student/Downloads/imagenet_ai_0419_biggan/val/nature/ILSVRC2012_val_00003970.JPEG,0,0.0000,0
/home/student/Downloads/imagenet_ai_0419_biggan/val/nature/ILSVRC2012_val_00004009.JPEG,0,0.0000,0
/home/student/Downloads/imagenet_ai_0419_biggan/val/nature/ILSVRC2012_val_00004011.JPEG,0,0.0193,0
/home/student/Downloads/imagenet_ai_0419_biggan/val/nature/ILSVRC2012_val_00004012.JPEG,0,0.1562,0
/home/student/Downloads/imagenet_ai_0419_biggan/val/nature/ILSVRC2012_val_00004014.JPEG,0,0.0001,0
/home/student/Downloads/imagenet_ai_0419_biggan/val/nature/ILSVRC2012_val_00004016.JPEG,0,0.0001,0
/home/student/Downloads/imagenet_ai_0419_biggan/val/nature/ILSVRC2012_val_00004043.JPEG,0,0.0001,0
/home/student/Downloads/imagenet_ai_0419_biggan/val/nature/ILSVRC2012_val_00004044.JPEG,0,0.0019,0
/home/student/Downloads/imagenet_ai_0419_biggan/val/nature/ILSVRC2012_val_00004046.JPEG,0,0.0006,0
/home/student/Downloads/imagenet_ai_0419_biggan/val/nature/ILSVRC2012_val_00004055.JPEG,0,0.0051,0
/home/student/Downloads/imagenet_ai_0419_biggan/val/nature/ILSVRC2012_val_00004063.JPEG,0,0.0001,0
/home/student/Downloads/imagenet_ai_0419_biggan/val/nature/ILSVRC2012_val_00004071.JPEG,0,0.0002,0
/home/student/Downloads/imagenet_ai_0419_biggan/val/nature/ILSVRC2012_val_00004085.JPEG,0,0.0001,0
/home/student/Downloads/imagenet_ai_0419_biggan/val/nature/ILSVRC2012_val_00004107.JPEG,0,0.0011,0
/home/student/Downloads/imagenet_ai_0419_biggan/val/nature/ILSVRC2012_val_00004111.JPEG,0,0.0000,0
/home/student/Downloads/imagenet_ai_0419_biggan/val/nature/ILSVRC2012_val_00004116.JPEG,0,0.0000,0
/home/student/Downloads/imagenet_ai_0419_biggan/val/nature/ILSVRC2012_val_00004127.JPEG,0,0.0000,0
/home/student/Downloads/imagenet_ai_0419_biggan/val/nature/ILSVRC2012_val_00004136.JPEG,0,0.0000,0
/home/student/Downloads/imagenet_ai_0419_biggan/val/nature/ILSVRC2012_val_00004149.JPEG,0,0.0000,0
/home/student/Downloads/imagenet_ai_0419_biggan/val/nature/ILSVRC2012_val_00004151.JPEG,0,0.0000,0
/home/student/Downloads/imagenet_ai_0419_biggan/val/nature/ILSVRC2012_val_00004154.JPEG,0,0.0000,0
/home/student/Downloads/imagenet_ai_0419_biggan/val/nature/ILSVRC2012_val_00004224.JPEG,0,0.0000,0
/home/student/Downloads/imagenet_ai_0419_biggan/val/nature/ILSVRC2012_val_00004229.JPEG,0,0.0019,0
/home/student/Downloads/imagenet_ai_0419_biggan/val/nature/ILSVRC2012_val_00004236.JPEG,0,0.0002,0
/home/student/Downloads/imagenet_ai_0419_biggan/val/nature/ILSVRC2012_val_00004241.JPEG,0,0.0000,0
/home/student/Downloads/imagenet_ai_0419_biggan/val/nature/ILSVRC2012_val_00004242.JPEG,0,0.0001,0
/home/student/Downloads/imagenet_ai_0419_biggan/val/nature/ILSVRC2012_val_00004243.JPEG,0,0.0033,0
/home/student/Downloads/imagenet_ai_0419_biggan/val/nature/ILSVRC2012_val_00004244.JPEG,0,0.0013,0
/home/student/Downloads/imagenet_ai_0419_biggan/val/nature/ILSVRC2012_val_00004249.JPEG,0,0.0000,0
/home/student/Downloads/imagenet_ai_0419_biggan/val/nature/ILSVRC2012_val_00004264.JPEG,0,0.0000,0
/home/student/Downloads/imagenet_ai_0419_biggan/val/nature/ILSVRC2012_val_00004273.JPEG,0,0.0000,0
/home/student/Downloads/imagenet_ai_0419_biggan/val/nature/ILSVRC2012_val_00004283.JPEG,0,0.0070,0
/home/student/Downloads/imagenet_ai_0419_biggan/val/nature/ILSVRC2012_val_00004301.JPEG,0,0.0000,0
/home/student/Downloads/imagenet_ai_0419_biggan/val/nature/ILSVRC2012_val_00004302.JPEG,0,0.0000,0
/home/student/Downloads/imagenet_ai_0419_biggan/val/nature/ILSVRC2012_val_00004312.JPEG,0,0.0000,0
/home/student/Downloads/imagenet_ai_0419_biggan/val/nature/ILSVRC2012_val_00004320.JPEG,0,0.0001,0
/home/student/Downloads/imagenet_ai_0419_biggan/val/nature/ILSVRC2012_val_00004343.JPEG,0,0.0000,0
/home/student/Downloads/imagenet_ai_0419_biggan/val/nature/ILSVRC2012_val_00004350.JPEG,0,0.0147,0
/home/student/Downloads/imagenet_ai_0419_biggan/val/nature/ILSVRC2012_val_00004351.JPEG,0,0.0000,0
/home/student/Downloads/imagenet_ai_0419_biggan/val/nature/ILSVRC2012_val_00004356.JPEG,0,0.0002,0
/home/student/Downloads/imagenet_ai_0419_biggan/val/nature/ILSVRC2012_val_00004359.JPEG,0,0.0000,0
/home/student/Downloads/imagenet_ai_0419_biggan/val/nature/ILSVRC2012_val_00004364.JPEG,0,0.0068,0
/home/student/Downloads/imagenet_ai_0419_biggan/val/nature/ILSVRC2012_val_00004374.JPEG,0,0.0000,0
/home/student/Downloads/imagenet_ai_0419_biggan/val/nature/ILSVRC2012_val_00004379.JPEG,0,0.0000,0
/home/student/Downloads/imagenet_ai_0419_biggan/val/nature/ILSVRC2012_val_00004386.JPEG,0,0.0001,0
/home/student/Downloads/imagenet_ai_0419_biggan/val/nature/ILSVRC2012_val_00004399.JPEG,0,0.0000,0
/home/student/Downloads/imagenet_ai_0419_biggan/val/nature/ILSVRC2012_val_00004402.JPEG,0,0.0001,0
/home/student/Downloads/imagenet_ai_0419_biggan/val/nature/ILSVRC2012_val_00004409.JPEG,0,0.0172,0
/home/student/Downloads/imagenet_ai_0419_biggan/val/nature/ILSVRC2012_val_00004410.JPEG,0,0.0002,0
/home/student/Downloads/imagenet_ai_0419_biggan/val/nature/ILSVRC2012_val_00004434.JPEG,0,0.0000,0
/home/student/Downloads/imagenet_ai_0419_biggan/val/nature/ILSVRC2012_val_00004437.JPEG,0,0.0001,0
/home/student/Downloads/imagenet_ai_0419_biggan/val/nature/ILSVRC2012_val_00004439.JPEG,0,0.0000,0
/home/student/Downloads/imagenet_ai_0419_biggan/val/nature/ILSVRC2012_val_00004449.JPEG,0,0.0001,0
/home/student/Downloads/imagenet_ai_0419_biggan/val/nature/ILSVRC2012_val_00004458.JPEG,0,0.0002,0
/home/student/Downloads/imagenet_ai_0419_biggan/val/nature/ILSVRC2012_val_00004465.JPEG,0,0.0000,0
/home/student/Downloads/imagenet_ai_0419_biggan/val/nature/ILSVRC2012_val_00004473.JPEG,0,0.0001,0
/home/student/Downloads/imagenet_ai_0419_biggan/val/nature/ILSVRC2012_val_00004475.JPEG,0,0.0003,0
/home/student/Downloads/imagenet_ai_0419_biggan/val/nature/ILSVRC2012_val_00004515.JPEG,0,0.0001,0
/home/student/Downloads/imagenet_ai_0419_biggan/val/nature/ILSVRC2012_val_00004517.JPEG,0,0.0001,0
/home/student/Downloads/imagenet_ai_0419_biggan/val/nature/ILSVRC2012_val_00004531.JPEG,0,0.0173,0
/home/student/Downloads/imagenet_ai_0419_biggan/val/nature/ILSVRC2012_val_00004539.JPEG,0,0.0000,0
/home/student/Downloads/imagenet_ai_0419_biggan/val/nature/ILSVRC2012_val_00004545.JPEG,0,0.0000,0
/home/student/Downloads/imagenet_ai_0419_biggan/val/nature/ILSVRC2012_val_00004550.JPEG,0,0.0011,0
/home/student/Downloads/imagenet_ai_0419_biggan/val/nature/ILSVRC2012_val_00004561.JPEG,0,0.0015,0
/home/student/Downloads/imagenet_ai_0419_biggan/val/nature/ILSVRC2012_val_00004570.JPEG,0,0.0000,0
/home/student/Downloads/imagenet_ai_0419_biggan/val/nature/ILSVRC2012_val_00004583.JPEG,0,0.0036,0
/home/student/Downloads/imagenet_ai_0419_biggan/val/nature/ILSVRC2012_val_00004609.JPEG,0,0.0029,0
/home/student/Downloads/imagenet_ai_0419_biggan/val/nature/ILSVRC2012_val_00004621.JPEG,0,0.0000,0
/home/student/Downloads/imagenet_ai_0419_biggan/val/nature/ILSVRC2012_val_00004628.JPEG,0,0.0001,0
/home/student/Downloads/imagenet_ai_0419_biggan/val/nature/ILSVRC2012_val_00004634.JPEG,0,0.0000,0
/home/student/Downloads/imagenet_ai_0419_biggan/val/nature/ILSVRC2012_val_00004639.JPEG,0,0.0004,0
/home/student/Downloads/imagenet_ai_0419_biggan/val/nature/ILSVRC2012_val_00004641.JPEG,0,0.0055,0
/home/student/Downloads/imagenet_ai_0419_biggan/val/nature/ILSVRC2012_val_00004649.JPEG,0,0.0000,0
/home/student/Downloads/imagenet_ai_0419_biggan/val/nature/ILSVRC2012_val_00004653.JPEG,0,0.0003,0
/home/student/Downloads/imagenet_ai_0419_biggan/val/nature/ILSVRC2012_val_00004662.JPEG,0,0.0000,0
/home/student/Downloads/imagenet_ai_0419_biggan/val/nature/ILSVRC2012_val_00004674.JPEG,0,0.0000,0
/home/student/Downloads/imagenet_ai_0419_biggan/val/nature/ILSVRC2012_val_00004681.JPEG,0,0.0103,0
/home/student/Downloads/imagenet_ai_0419_biggan/val/nature/ILSVRC2012_val_00004694.JPEG,0,0.0000,0
/home/student/Downloads/imagenet_ai_0419_biggan/val/nature/ILSVRC2012_val_00004704.JPEG,0,0.0000,0
/home/student/Downloads/imagenet_ai_0419_biggan/val/nature/ILSVRC2012_val_00004708.JPEG,0,0.0020,0
/home/student/Downloads/imagenet_ai_0419_biggan/val/nature/ILSVRC2012_val_00004710.JPEG,0,0.0000,0
/home/student/Downloads/imagenet_ai_0419_biggan/val/nature/ILSVRC2012_val_00004716.JPEG,0,0.0251,0
/home/student/Downloads/imagenet_ai_0419_biggan/val/nature/ILSVRC2012_val_00004752.JPEG,0,0.0001,0
/home/student/Downloads/imagenet_ai_0419_biggan/val/nature/ILSVRC2012_val_00004758.JPEG,0,0.0005,0
/home/student/Downloads/imagenet_ai_0419_biggan/val/nature/ILSVRC2012_val_00004775.JPEG,0,0.0013,0
/home/student/Downloads/imagenet_ai_0419_biggan/val/nature/ILSVRC2012_val_00004782.JPEG,0,0.0005,0
/home/student/Downloads/imagenet_ai_0419_biggan/val/nature/ILSVRC2012_val_00004795.JPEG,0,0.0001,0
/home/student/Downloads/imagenet_ai_0419_biggan/val/nature/ILSVRC2012_val_00004798.JPEG,0,0.0001,0
/home/student/Downloads/imagenet_ai_0419_biggan/val/nature/ILSVRC2012_val_00004810.JPEG,0,0.0001,0
/home/student/Downloads/imagenet_ai_0419_biggan/val/nature/ILSVRC2012_val_00004834.JPEG,0,0.0000,0
/home/student/Downloads/imagenet_ai_0419_biggan/val/nature/ILSVRC2012_val_00004851.JPEG,0,0.0000,0
/home/student/Downloads/imagenet_ai_0419_biggan/val/nature/ILSVRC2012_val_00004856.JPEG,0,0.0006,0
/home/student/Downloads/imagenet_ai_0419_biggan/val/nature/ILSVRC2012_val_00004860.JPEG,0,0.0000,0
/home/student/Downloads/imagenet_ai_0419_biggan/val/nature/ILSVRC2012_val_00004866.JPEG,0,0.0000,0
/home/student/Downloads/imagenet_ai_0419_biggan/val/nature/ILSVRC2012_val_00004881.JPEG,0,0.0039,0
/home/student/Downloads/imagenet_ai_0419_biggan/val/nature/ILSVRC2012_val_00004887.JPEG,0,0.0000,0
/home/student/Downloads/imagenet_ai_0419_biggan/val/nature/ILSVRC2012_val_00004890.JPEG,0,0.0003,0
/home/student/Downloads/imagenet_ai_0419_biggan/val/nature/ILSVRC2012_val_00004894.JPEG,0,0.0000,0
/home/student/Downloads/imagenet_ai_0419_biggan/val/nature/ILSVRC2012_val_00004899.JPEG,0,0.0005,0
/home/student/Downloads/imagenet_ai_0419_biggan/val/nature/ILSVRC2012_val_00004916.JPEG,0,0.0000,0
/home/student/Downloads/imagenet_ai_0419_biggan/val/nature/ILSVRC2012_val_00004919.JPEG,0,0.0109,0
/home/student/Downloads/imagenet_ai_0419_biggan/val/nature/ILSVRC2012_val_00004929.JPEG,0,0.0000,0
/home/student/Downloads/imagenet_ai_0419_biggan/val/nature/ILSVRC2012_val_00004937.JPEG,0,0.0000,0
/home/student/Downloads/imagenet_ai_0419_biggan/val/nature/ILSVRC2012_val_00004946.JPEG,0,0.0001,0
/home/student/Downloads/imagenet_ai_0419_biggan/val/nature/ILSVRC2012_val_00004951.JPEG,0,0.0000,0
/home/student/Downloads/imagenet_ai_0419_biggan/val/nature/ILSVRC2012_val_00004953.JPEG,0,0.0001,0
/home/student/Downloads/imagenet_ai_0419_biggan/val/nature/ILSVRC2012_val_00004972.JPEG,0,0.0001,0
/home/student/Downloads/imagenet_ai_0419_biggan/val/nature/ILSVRC2012_val_00004985.JPEG,0,0.0002,0
/home/student/Downloads/imagenet_ai_0419_biggan/val/nature/ILSVRC2012_val_00004990.JPEG,0,0.6350,1
/home/student/Downloads/imagenet_ai_0419_biggan/val/nature/ILSVRC2012_val_00005002.JPEG,0,0.0000,0
/home/student/Downloads/imagenet_ai_0419_biggan/val/nature/ILSVRC2012_val_00005016.JPEG,0,0.0001,0
/home/student/Downloads/imagenet_ai_0419_biggan/val/nature/ILSVRC2012_val_00005058.JPEG,0,0.0002,0
/home/student/Downloads/imagenet_ai_0419_biggan/val/nature/ILSVRC2012_val_00005061.JPEG,0,0.0000,0
/home/student/Downloads/imagenet_ai_0419_biggan/val/nature/ILSVRC2012_val_00005073.JPEG,0,0.0000,0
/home/student/Downloads/imagenet_ai_0419_biggan/val/nature/ILSVRC2012_val_00005083.JPEG,0,0.0001,0
/home/student/Downloads/imagenet_ai_0419_biggan/val/nature/ILSVRC2012_val_00005093.JPEG,0,0.0000,0
/home/student/Downloads/imagenet_ai_0419_biggan/val/nature/ILSVRC2012_val_00005096.JPEG,0,0.0000,0
/home/student/Downloads/imagenet_ai_0419_biggan/val/nature/ILSVRC2012_val_00005099.JPEG,0,0.0000,0
/home/student/Downloads/imagenet_ai_0419_biggan/val/nature/ILSVRC2012_val_00005109.JPEG,0,0.0001,0
/home/student/Downloads/imagenet_ai_0419_biggan/val/nature/ILSVRC2012_val_00005111.JPEG,0,0.0000,0
/home/student/Downloads/imagenet_ai_0419_biggan/val/nature/ILSVRC2012_val_00005118.JPEG,0,0.0000,0
/home/student/Downloads/imagenet_ai_0419_biggan/val/nature/ILSVRC2012_val_00005123.JPEG,0,0.0001,0
/home/student/Downloads/imagenet_ai_0419_biggan/val/nature/ILSVRC2012_val_00005125.JPEG,0,0.0003,0
/home/student/Downloads/imagenet_ai_0419_biggan/val/nature/ILSVRC2012_val_00005128.JPEG,0,0.0000,0
/home/student/Downloads/imagenet_ai_0419_biggan/val/nature/ILSVRC2012_val_00005131.JPEG,0,0.0000,0
/home/student/Downloads/imagenet_ai_0419_biggan/val/nature/ILSVRC2012_val_00005134.JPEG,0,0.0065,0
/home/student/Downloads/imagenet_ai_0419_biggan/val/nature/ILSVRC2012_val_00005136.JPEG,0,0.0039,0
/home/student/Downloads/imagenet_ai_0419_biggan/val/nature/ILSVRC2012_val_00005145.JPEG,0,0.0000,0
/home/student/Downloads/imagenet_ai_0419_biggan/val/nature/ILSVRC2012_val_00005151.JPEG,0,0.0000,0
/home/student/Downloads/imagenet_ai_0419_biggan/val/nature/ILSVRC2012_val_00005166.JPEG,0,0.0009,0
/home/student/Downloads/imagenet_ai_0419_biggan/val/nature/ILSVRC2012_val_00005171.JPEG,0,0.0000,0
/home/student/Downloads/imagenet_ai_0419_biggan/val/nature/ILSVRC2012_val_00005176.JPEG,0,0.0043,0
/home/student/Downloads/imagenet_ai_0419_biggan/val/nature/ILSVRC2012_val_00005195.JPEG,0,0.0004,0
/home/student/Downloads/imagenet_ai_0419_biggan/val/nature/ILSVRC2012_val_00005198.JPEG,0,0.0000,0
/home/student/Downloads/imagenet_ai_0419_biggan/val/nature/ILSVRC2012_val_00005213.JPEG,0,0.0105,0
/home/student/Downloads/imagenet_ai_0419_biggan/val/nature/ILSVRC2012_val_00005223.JPEG,0,0.0003,0
/home/student/Downloads/imagenet_ai_0419_biggan/val/nature/ILSVRC2012_val_00005225.JPEG,0,0.0000,0
/home/student/Downloads/imagenet_ai_0419_biggan/val/nature/ILSVRC2012_val_00005233.JPEG,0,0.0000,0
/home/student/Downloads/imagenet_ai_0419_biggan/val/nature/ILSVRC2012_val_00005244.JPEG,0,0.0000,0
/home/student/Downloads/imagenet_ai_0419_biggan/val/nature/ILSVRC2012_val_00005250.JPEG,0,0.0000,0
/home/student/Downloads/imagenet_ai_0419_biggan/val/nature/ILSVRC2012_val_00005258.JPEG,0,0.0000,0
/home/student/Downloads/imagenet_ai_0419_biggan/val/nature/ILSVRC2012_val_00005266.JPEG,0,0.0015,0
/home/student/Downloads/imagenet_ai_0419_biggan/val/nature/ILSVRC2012_val_00005268.JPEG,0,0.0003,0
/home/student/Downloads/imagenet_ai_0419_biggan/val/nature/ILSVRC2012_val_00005279.JPEG,0,0.0000,0
/home/student/Downloads/imagenet_ai_0419_biggan/val/nature/ILSVRC2012_val_00005281.JPEG,0,0.0000,0
/home/student/Downloads/imagenet_ai_0419_biggan/val/nature/ILSVRC2012_val_00005284.JPEG,0,0.0000,0
/home/student/Downloads/imagenet_ai_0419_biggan/val/nature/ILSVRC2012_val_00005287.JPEG,0,0.0001,0
/home/student/Downloads/imagenet_ai_0419_biggan/val/nature/ILSVRC2012_val_00005290.JPEG,0,0.0000,0
/home/student/Downloads/imagenet_ai_0419_biggan/val/nature/ILSVRC2012_val_00005295.JPEG,0,0.0023,0
/home/student/Downloads/imagenet_ai_0419_biggan/val/nature/ILSVRC2012_val_00005296.JPEG,0,0.0001,0
/home/student/Downloads/imagenet_ai_0419_biggan/val/nature/ILSVRC2012_val_00005305.JPEG,0,0.0002,0
/home/student/Downloads/imagenet_ai_0419_biggan/val/nature/ILSVRC2012_val_00005316.JPEG,0,0.0001,0
/home/student/Downloads/imagenet_ai_0419_biggan/val/nature/ILSVRC2012_val_00005318.JPEG,0,0.0000,0
/home/student/Downloads/imagenet_ai_0419_biggan/val/nature/ILSVRC2012_val_00005324.JPEG,0,0.0000,0
/home/student/Downloads/imagenet_ai_0419_biggan/val/nature/ILSVRC2012_val_00005337.JPEG,0,0.0000,0
/home/student/Downloads/imagenet_ai_0419_biggan/val/nature/ILSVRC2012_val_00005340.JPEG,0,0.0001,0
/home/student/Downloads/imagenet_ai_0419_biggan/val/nature/ILSVRC2012_val_00005343.JPEG,0,0.0000,0
/home/student/Downloads/imagenet_ai_0419_biggan/val/nature/ILSVRC2012_val_00005346.JPEG,0,0.0063,0
/home/student/Downloads/imagenet_ai_0419_biggan/val/nature/ILSVRC2012_val_00005348.JPEG,0,0.0014,0
/home/student/Downloads/imagenet_ai_0419_biggan/val/nature/ILSVRC2012_val_00005352.JPEG,0,0.0000,0
/home/student/Downloads/imagenet_ai_0419_biggan/val/nature/ILSVRC2012_val_00005355.JPEG,0,0.0000,0
/home/student/Downloads/imagenet_ai_0419_biggan/val/nature/ILSVRC2012_val_00005398.JPEG,0,0.0000,0
/home/student/Downloads/imagenet_ai_0419_biggan/val/nature/ILSVRC2012_val_00005413.JPEG,0,0.0000,0
/home/student/Downloads/imagenet_ai_0419_biggan/val/nature/ILSVRC2012_val_00005434.JPEG,0,0.0045,0
/home/student/Downloads/imagenet_ai_0419_biggan/val/nature/ILSVRC2012_val_00005437.JPEG,0,0.0000,0
/home/student/Downloads/imagenet_ai_0419_biggan/val/nature/ILSVRC2012_val_00005445.JPEG,0,0.0000,0
/home/student/Downloads/imagenet_ai_0419_biggan/val/nature/ILSVRC2012_val_00005459.JPEG,0,0.0000,0
/home/student/Downloads/imagenet_ai_0419_biggan/val/nature/ILSVRC2012_val_00005472.JPEG,0,0.0001,0
/home/student/Downloads/imagenet_ai_0419_biggan/val/nature/ILSVRC2012_val_00005474.JPEG,0,0.0057,0
/home/student/Downloads/imagenet_ai_0419_biggan/val/nature/ILSVRC2012_val_00005476.JPEG,0,0.0000,0
/home/student/Downloads/imagenet_ai_0419_biggan/val/nature/ILSVRC2012_val_00005478.JPEG,0,0.0111,0
/home/student/Downloads/imagenet_ai_0419_biggan/val/nature/ILSVRC2012_val_00005502.JPEG,0,0.0000,0
/home/student/Downloads/imagenet_ai_0419_biggan/val/nature/ILSVRC2012_val_00005505.JPEG,0,0.0008,0
/home/student/Downloads/imagenet_ai_0419_biggan/val/nature/ILSVRC2012_val_00005524.JPEG,0,0.0000,0
/home/student/Downloads/imagenet_ai_0419_biggan/val/nature/ILSVRC2012_val_00005530.JPEG,0,0.0000,0
/home/student/Downloads/imagenet_ai_0419_biggan/val/nature/ILSVRC2012_val_00005534.JPEG,0,0.0000,0
/home/student/Downloads/imagenet_ai_0419_biggan/val/nature/ILSVRC2012_val_00005552.JPEG,0,0.0117,0
/home/student/Downloads/imagenet_ai_0419_biggan/val/nature/ILSVRC2012_val_00005577.JPEG,0,0.0000,0
/home/student/Downloads/imagenet_ai_0419_biggan/val/nature/ILSVRC2012_val_00005578.JPEG,0,0.0006,0
/home/student/Downloads/imagenet_ai_0419_biggan/val/nature/ILSVRC2012_val_00005596.JPEG,0,0.1566,0
/home/student/Downloads/imagenet_ai_0419_biggan/val/nature/ILSVRC2012_val_00005606.JPEG,0,0.0000,0
/home/student/Downloads/imagenet_ai_0419_biggan/val/nature/ILSVRC2012_val_00005620.JPEG,0,0.0117,0
/home/student/Downloads/imagenet_ai_0419_biggan/val/nature/ILSVRC2012_val_00005623.JPEG,0,0.0000,0
/home/student/Downloads/imagenet_ai_0419_biggan/val/nature/ILSVRC2012_val_00005624.JPEG,0,0.0003,0
/home/student/Downloads/imagenet_ai_0419_biggan/val/nature/ILSVRC2012_val_00005643.JPEG,0,0.0002,0
/home/student/Downloads/imagenet_ai_0419_biggan/val/nature/ILSVRC2012_val_00005645.JPEG,0,0.0003,0
/home/student/Downloads/imagenet_ai_0419_biggan/val/nature/ILSVRC2012_val_00005649.JPEG,0,0.0022,0
/home/student/Downloads/imagenet_ai_0419_biggan/val/nature/ILSVRC2012_val_00005653.JPEG,0,0.0005,0
/home/student/Downloads/imagenet_ai_0419_biggan/val/nature/ILSVRC2012_val_00005656.JPEG,0,0.0951,0
/home/student/Downloads/imagenet_ai_0419_biggan/val/nature/ILSVRC2012_val_00005677.JPEG,0,0.0000,0
/home/student/Downloads/imagenet_ai_0419_biggan/val/nature/ILSVRC2012_val_00005705.JPEG,0,0.0008,0
/home/student/Downloads/imagenet_ai_0419_biggan/val/nature/ILSVRC2012_val_00005710.JPEG,0,0.0000,0
/home/student/Downloads/imagenet_ai_0419_biggan/val/nature/ILSVRC2012_val_00005714.JPEG,0,0.0001,0
/home/student/Downloads/imagenet_ai_0419_biggan/val/nature/ILSVRC2012_val_00005722.JPEG,0,0.0003,0
/home/student/Downloads/imagenet_ai_0419_biggan/val/nature/ILSVRC2012_val_00005725.JPEG,0,0.0003,0
/home/student/Downloads/imagenet_ai_0419_biggan/val/nature/ILSVRC2012_val_00005730.JPEG,0,0.0009,0
/home/student/Downloads/imagenet_ai_0419_biggan/val/nature/ILSVRC2012_val_00005738.JPEG,0,0.0001,0
/home/student/Downloads/imagenet_ai_0419_biggan/val/nature/ILSVRC2012_val_00005740.JPEG,0,0.0000,0
/home/student/Downloads/imagenet_ai_0419_biggan/val/nature/ILSVRC2012_val_00005746.JPEG,0,0.0000,0
/home/student/Downloads/imagenet_ai_0419_biggan/val/nature/ILSVRC2012_val_00005759.JPEG,0,0.0004,0
/home/student/Downloads/imagenet_ai_0419_biggan/val/nature/ILSVRC2012_val_00005762.JPEG,0,0.0010,0
/home/student/Downloads/imagenet_ai_0419_biggan/val/nature/ILSVRC2012_val_00005767.JPEG,0,0.0001,0
/home/student/Downloads/imagenet_ai_0419_biggan/val/nature/ILSVRC2012_val_00005786.JPEG,0,0.0014,0
/home/student/Downloads/imagenet_ai_0419_biggan/val/nature/ILSVRC2012_val_00005795.JPEG,0,0.0000,0
/home/student/Downloads/imagenet_ai_0419_biggan/val/nature/ILSVRC2012_val_00005809.JPEG,0,0.0000,0
/home/student/Downloads/imagenet_ai_0419_biggan/val/nature/ILSVRC2012_val_00005810.JPEG,0,0.0001,0
/home/student/Downloads/imagenet_ai_0419_biggan/val/nature/ILSVRC2012_val_00005842.JPEG,0,0.0002,0
/home/student/Downloads/imagenet_ai_0419_biggan/val/nature/ILSVRC2012_val_00005847.JPEG,0,0.0002,0
/home/student/Downloads/imagenet_ai_0419_biggan/val/nature/ILSVRC2012_val_00005849.JPEG,0,0.0007,0
/home/student/Downloads/imagenet_ai_0419_biggan/val/nature/ILSVRC2012_val_00005858.JPEG,0,0.0000,0
/home/student/Downloads/imagenet_ai_0419_biggan/val/nature/ILSVRC2012_val_00005862.JPEG,0,0.0000,0
/home/student/Downloads/imagenet_ai_0419_biggan/val/nature/ILSVRC2012_val_00005863.JPEG,0,0.0002,0
/home/student/Downloads/imagenet_ai_0419_biggan/val/nature/ILSVRC2012_val_00005873.JPEG,0,0.0001,0
/home/student/Downloads/imagenet_ai_0419_biggan/val/nature/ILSVRC2012_val_00005880.JPEG,0,0.0000,0
/home/student/Downloads/imagenet_ai_0419_biggan/val/nature/ILSVRC2012_val_00005883.JPEG,0,0.0000,0
/home/student/Downloads/imagenet_ai_0419_biggan/val/nature/ILSVRC2012_val_00005885.JPEG,0,0.0000,0
/home/student/Downloads/imagenet_ai_0419_biggan/val/nature/ILSVRC2012_val_00005890.JPEG,0,0.0010,0
/home/student/Downloads/imagenet_ai_0419_biggan/val/nature/ILSVRC2012_val_00005895.JPEG,0,0.0000,0
/home/student/Downloads/imagenet_ai_0419_biggan/val/nature/ILSVRC2012_val_00005901.JPEG,0,0.0002,0
/home/student/Downloads/imagenet_ai_0419_biggan/val/nature/ILSVRC2012_val_00005914.JPEG,0,0.0002,0
/home/student/Downloads/imagenet_ai_0419_biggan/val/nature/ILSVRC2012_val_00005929.JPEG,0,0.0008,0
/home/student/Downloads/imagenet_ai_0419_biggan/val/nature/ILSVRC2012_val_00005935.JPEG,0,0.0000,0
/home/student/Downloads/imagenet_ai_0419_biggan/val/nature/ILSVRC2012_val_00005956.JPEG,0,0.0008,0
/home/student/Downloads/imagenet_ai_0419_biggan/val/nature/ILSVRC2012_val_00005968.JPEG,0,0.0000,0
/home/student/Downloads/imagenet_ai_0419_biggan/val/nature/ILSVRC2012_val_00005972.JPEG,0,0.0000,0
/home/student/Downloads/imagenet_ai_0419_biggan/val/nature/ILSVRC2012_val_00005992.JPEG,0,0.0000,0
/home/student/Downloads/imagenet_ai_0419_biggan/val/nature/ILSVRC2012_val_00005993.JPEG,0,0.0233,0
/home/student/Downloads/imagenet_ai_0419_biggan/val/nature/ILSVRC2012_val_00005997.JPEG,0,0.0000,0
/home/student/Downloads/imagenet_ai_0419_biggan/val/nature/ILSVRC2012_val_00006011.JPEG,0,0.0006,0
/home/student/Downloads/imagenet_ai_0419_biggan/val/nature/ILSVRC2012_val_00006013.JPEG,0,0.0000,0
/home/student/Downloads/imagenet_ai_0419_biggan/val/nature/ILSVRC2012_val_00006014.JPEG,0,0.0001,0
/home/student/Downloads/imagenet_ai_0419_biggan/val/nature/ILSVRC2012_val_00006025.JPEG,0,0.0000,0
/home/student/Downloads/imagenet_ai_0419_biggan/val/nature/ILSVRC2012_val_00006026.JPEG,0,0.0001,0
/home/student/Downloads/imagenet_ai_0419_biggan/val/nature/ILSVRC2012_val_00006036.JPEG,0,0.0000,0
/home/student/Downloads/imagenet_ai_0419_biggan/val/nature/ILSVRC2012_val_00006046.JPEG,0,0.0631,0
/home/student/Downloads/imagenet_ai_0419_biggan/val/nature/ILSVRC2012_val_00006049.JPEG,0,0.0001,0
/home/student/Downloads/imagenet_ai_0419_biggan/val/nature/ILSVRC2012_val_00006066.JPEG,0,0.0000,0
/home/student/Downloads/imagenet_ai_0419_biggan/val/nature/ILSVRC2012_val_00006068.JPEG,0,0.0000,0
/home/student/Downloads/imagenet_ai_0419_biggan/val/nature/ILSVRC2012_val_00006078.JPEG,0,0.0000,0
/home/student/Downloads/imagenet_ai_0419_biggan/val/nature/ILSVRC2012_val_00006079.JPEG,0,0.0000,0
/home/student/Downloads/imagenet_ai_0419_biggan/val/nature/ILSVRC2012_val_00006085.JPEG,0,0.0002,0
/home/student/Downloads/imagenet_ai_0419_biggan/val/nature/ILSVRC2012_val_00006086.JPEG,0,0.0001,0
/home/student/Downloads/imagenet_ai_0419_biggan/val/nature/ILSVRC2012_val_00006091.JPEG,0,0.0000,0
/home/student/Downloads/imagenet_ai_0419_biggan/val/nature/ILSVRC2012_val_00006102.JPEG,0,0.0016,0
/home/student/Downloads/imagenet_ai_0419_biggan/val/nature/ILSVRC2012_val_00006110.JPEG,0,0.0000,0
/home/student/Downloads/imagenet_ai_0419_biggan/val/nature/ILSVRC2012_val_00006122.JPEG,0,0.0000,0
/home/student/Downloads/imagenet_ai_0419_biggan/val/nature/ILSVRC2012_val_00006139.JPEG,0,0.0000,0
/home/student/Downloads/imagenet_ai_0419_biggan/val/nature/ILSVRC2012_val_00006140.JPEG,0,0.0033,0
/home/student/Downloads/imagenet_ai_0419_biggan/val/nature/ILSVRC2012_val_00006141.JPEG,0,0.0000,0
/home/student/Downloads/imagenet_ai_0419_biggan/val/nature/ILSVRC2012_val_00006157.JPEG,0,0.0000,0
/home/student/Downloads/imagenet_ai_0419_biggan/val/nature/ILSVRC2012_val_00006162.JPEG,0,0.0000,0
/home/student/Downloads/imagenet_ai_0419_biggan/val/nature/ILSVRC2012_val_00006163.JPEG,0,0.0024,0
/home/student/Downloads/imagenet_ai_0419_biggan/val/nature/ILSVRC2012_val_00006164.JPEG,0,0.0000,0
/home/student/Downloads/imagenet_ai_0419_biggan/val/nature/ILSVRC2012_val_00006186.JPEG,0,0.3716,0
/home/student/Downloads/imagenet_ai_0419_biggan/val/nature/ILSVRC2012_val_00006187.JPEG,0,0.0024,0
/home/student/Downloads/imagenet_ai_0419_biggan/val/nature/ILSVRC2012_val_00006193.JPEG,0,0.0001,0
/home/student/Downloads/imagenet_ai_0419_biggan/val/nature/ILSVRC2012_val_00006221.JPEG,0,0.0002,0
/home/student/Downloads/imagenet_ai_0419_biggan/val/nature/ILSVRC2012_val_00006229.JPEG,0,0.0001,0
/home/student/Downloads/imagenet_ai_0419_biggan/val/nature/ILSVRC2012_val_00006231.JPEG,0,0.0044,0
/home/student/Downloads/imagenet_ai_0419_biggan/val/nature/ILSVRC2012_val_00006239.JPEG,0,0.0379,0
/home/student/Downloads/imagenet_ai_0419_biggan/val/nature/ILSVRC2012_val_00006244.JPEG,0,0.0001,0
/home/student/Downloads/imagenet_ai_0419_biggan/val/nature/ILSVRC2012_val_00006246.JPEG,0,0.0001,0
/home/student/Downloads/imagenet_ai_0419_biggan/val/nature/ILSVRC2012_val_00006249.JPEG,0,0.0000,0
/home/student/Downloads/imagenet_ai_0419_biggan/val/nature/ILSVRC2012_val_00006251.JPEG,0,0.0003,0
/home/student/Downloads/imagenet_ai_0419_biggan/val/nature/ILSVRC2012_val_00006260.JPEG,0,0.0003,0
/home/student/Downloads/imagenet_ai_0419_biggan/val/nature/ILSVRC2012_val_00006262.JPEG,0,0.0000,0
/home/student/Downloads/imagenet_ai_0419_biggan/val/nature/ILSVRC2012_val_00006276.JPEG,0,0.0004,0
/home/student/Downloads/imagenet_ai_0419_biggan/val/nature/ILSVRC2012_val_00006282.JPEG,0,0.0344,0
/home/student/Downloads/imagenet_ai_0419_biggan/val/nature/ILSVRC2012_val_00006292.JPEG,0,0.0000,0
/home/student/Downloads/imagenet_ai_0419_biggan/val/nature/ILSVRC2012_val_00006314.JPEG,0,0.0000,0
/home/student/Downloads/imagenet_ai_0419_biggan/val/nature/ILSVRC2012_val_00006328.JPEG,0,0.0000,0
/home/student/Downloads/imagenet_ai_0419_biggan/val/nature/ILSVRC2012_val_00006338.JPEG,0,0.0005,0
/home/student/Downloads/imagenet_ai_0419_biggan/val/nature/ILSVRC2012_val_00006341.JPEG,0,0.0252,0
/home/student/Downloads/imagenet_ai_0419_biggan/val/nature/ILSVRC2012_val_00006342.JPEG,0,0.0148,0
/home/student/Downloads/imagenet_ai_0419_biggan/val/nature/ILSVRC2012_val_00006345.JPEG,0,0.0001,0
/home/student/Downloads/imagenet_ai_0419_biggan/val/nature/ILSVRC2012_val_00006351.JPEG,0,0.0000,0
/home/student/Downloads/imagenet_ai_0419_biggan/val/nature/ILSVRC2012_val_00006353.JPEG,0,0.0677,0
/home/student/Downloads/imagenet_ai_0419_biggan/val/nature/ILSVRC2012_val_00006357.JPEG,0,0.0026,0
/home/student/Downloads/imagenet_ai_0419_biggan/val/nature/ILSVRC2012_val_00006360.JPEG,0,0.0012,0
/home/student/Downloads/imagenet_ai_0419_biggan/val/nature/ILSVRC2012_val_00006363.JPEG,0,0.0000,0
/home/student/Downloads/imagenet_ai_0419_biggan/val/nature/ILSVRC2012_val_00006366.JPEG,0,0.0947,0
/home/student/Downloads/imagenet_ai_0419_biggan/val/nature/ILSVRC2012_val_00006375.JPEG,0,0.0001,0
/home/student/Downloads/imagenet_ai_0419_biggan/val/nature/ILSVRC2012_val_00006389.JPEG,0,0.0018,0
/home/student/Downloads/imagenet_ai_0419_biggan/val/nature/ILSVRC2012_val_00006408.JPEG,0,0.0001,0
/home/student/Downloads/imagenet_ai_0419_biggan/val/nature/ILSVRC2012_val_00006416.JPEG,0,0.0002,0
/home/student/Downloads/imagenet_ai_0419_biggan/val/nature/ILSVRC2012_val_00006423.JPEG,0,0.0000,0
/home/student/Downloads/imagenet_ai_0419_biggan/val/nature/ILSVRC2012_val_00006465.JPEG,0,0.0000,0
/home/student/Downloads/imagenet_ai_0419_biggan/val/nature/ILSVRC2012_val_00006466.JPEG,0,0.0000,0
/home/student/Downloads/imagenet_ai_0419_biggan/val/nature/ILSVRC2012_val_00006475.JPEG,0,0.0012,0
/home/student/Downloads/imagenet_ai_0419_biggan/val/nature/ILSVRC2012_val_00006487.JPEG,0,0.0000,0
/home/student/Downloads/imagenet_ai_0419_biggan/val/nature/ILSVRC2012_val_00006493.JPEG,0,0.0000,0
/home/student/Downloads/imagenet_ai_0419_biggan/val/nature/ILSVRC2012_val_00006504.JPEG,0,0.0099,0
/home/student/Downloads/imagenet_ai_0419_biggan/val/nature/ILSVRC2012_val_00006505.JPEG,0,0.0002,0
/home/student/Downloads/imagenet_ai_0419_biggan/val/nature/ILSVRC2012_val_00006523.JPEG,0,0.0000,0
/home/student/Downloads/imagenet_ai_0419_biggan/val/nature/ILSVRC2012_val_00006532.JPEG,0,0.0003,0
/home/student/Downloads/imagenet_ai_0419_biggan/val/nature/ILSVRC2012_val_00006558.JPEG,0,0.0075,0
/home/student/Downloads/imagenet_ai_0419_biggan/val/nature/ILSVRC2012_val_00006568.JPEG,0,0.0000,0
/home/student/Downloads/imagenet_ai_0419_biggan/val/nature/ILSVRC2012_val_00006574.JPEG,0,0.0001,0
/home/student/Downloads/imagenet_ai_0419_biggan/val/nature/ILSVRC2012_val_00006575.JPEG,0,0.0004,0
/home/student/Downloads/imagenet_ai_0419_biggan/val/nature/ILSVRC2012_val_00006577.JPEG,0,0.0000,0
/home/student/Downloads/imagenet_ai_0419_biggan/val/nature/ILSVRC2012_val_00006579.JPEG,0,0.0000,0
/home/student/Downloads/imagenet_ai_0419_biggan/val/nature/ILSVRC2012_val_00006589.JPEG,0,0.0019,0
/home/student/Downloads/imagenet_ai_0419_biggan/val/nature/ILSVRC2012_val_00006609.JPEG,0,0.0000,0
/home/student/Downloads/imagenet_ai_0419_biggan/val/nature/ILSVRC2012_val_00006619.JPEG,0,0.0802,0
/home/student/Downloads/imagenet_ai_0419_biggan/val/nature/ILSVRC2012_val_00006623.JPEG,0,0.0000,0
/home/student/Downloads/imagenet_ai_0419_biggan/val/nature/ILSVRC2012_val_00006626.JPEG,0,0.0000,0
/home/student/Downloads/imagenet_ai_0419_biggan/val/nature/ILSVRC2012_val_00006629.JPEG,0,0.0000,0
/home/student/Downloads/imagenet_ai_0419_biggan/val/nature/ILSVRC2012_val_00006638.JPEG,0,0.0001,0
/home/student/Downloads/imagenet_ai_0419_biggan/val/nature/ILSVRC2012_val_00006656.JPEG,0,0.0000,0
/home/student/Downloads/imagenet_ai_0419_biggan/val/nature/ILSVRC2012_val_00006658.JPEG,0,0.0000,0
/home/student/Downloads/imagenet_ai_0419_biggan/val/nature/ILSVRC2012_val_00006663.JPEG,0,0.0000,0
/home/student/Downloads/imagenet_ai_0419_biggan/val/nature/ILSVRC2012_val_00006672.JPEG,0,0.0001,0
/home/student/Downloads/imagenet_ai_0419_biggan/val/nature/ILSVRC2012_val_00006673.JPEG,0,0.0000,0
/home/student/Downloads/imagenet_ai_0419_biggan/val/nature/ILSVRC2012_val_00006685.JPEG,0,0.0000,0
/home/student/Downloads/imagenet_ai_0419_biggan/val/nature/ILSVRC2012_val_00006706.JPEG,0,0.0000,0
/home/student/Downloads/imagenet_ai_0419_biggan/val/nature/ILSVRC2012_val_00006710.JPEG,0,0.0001,0
/home/student/Downloads/imagenet_ai_0419_biggan/val/nature/ILSVRC2012_val_00006727.JPEG,0,0.0000,0
/home/student/Downloads/imagenet_ai_0419_biggan/val/nature/ILSVRC2012_val_00006731.JPEG,0,0.0002,0
/home/student/Downloads/imagenet_ai_0419_biggan/val/nature/ILSVRC2012_val_00006734.JPEG,0,0.0010,0
/home/student/Downloads/imagenet_ai_0419_biggan/val/nature/ILSVRC2012_val_00006740.JPEG,0,0.0001,0
/home/student/Downloads/imagenet_ai_0419_biggan/val/nature/ILSVRC2012_val_00006752.JPEG,0,0.0000,0
/home/student/Downloads/imagenet_ai_0419_biggan/val/nature/ILSVRC2012_val_00006758.JPEG,0,0.0000,0
/home/student/Downloads/imagenet_ai_0419_biggan/val/nature/ILSVRC2012_val_00006762.JPEG,0,0.0066,0
/home/student/Downloads/imagenet_ai_0419_biggan/val/nature/ILSVRC2012_val_00006771.JPEG,0,0.0054,0
/home/student/Downloads/imagenet_ai_0419_biggan/val/nature/ILSVRC2012_val_00006772.JPEG,0,0.0010,0
/home/student/Downloads/imagenet_ai_0419_biggan/val/nature/ILSVRC2012_val_00006774.JPEG,0,0.0013,0
/home/student/Downloads/imagenet_ai_0419_biggan/val/nature/ILSVRC2012_val_00006775.JPEG,0,0.0017,0
/home/student/Downloads/imagenet_ai_0419_biggan/val/nature/ILSVRC2012_val_00006778.JPEG,0,0.0008,0
/home/student/Downloads/imagenet_ai_0419_biggan/val/nature/ILSVRC2012_val_00006781.JPEG,0,0.0001,0
/home/student/Downloads/imagenet_ai_0419_biggan/val/nature/ILSVRC2012_val_00006788.JPEG,0,0.0101,0
/home/student/Downloads/imagenet_ai_0419_biggan/val/nature/ILSVRC2012_val_00006789.JPEG,0,0.0002,0
/home/student/Downloads/imagenet_ai_0419_biggan/val/nature/ILSVRC2012_val_00006796.JPEG,0,0.0000,0
/home/student/Downloads/imagenet_ai_0419_biggan/val/nature/ILSVRC2012_val_00006797.JPEG,0,0.0001,0
/home/student/Downloads/imagenet_ai_0419_biggan/val/nature/ILSVRC2012_val_00006800.JPEG,0,0.0003,0
/home/student/Downloads/imagenet_ai_0419_biggan/val/nature/ILSVRC2012_val_00006812.JPEG,0,0.0618,0
/home/student/Downloads/imagenet_ai_0419_biggan/val/nature/ILSVRC2012_val_00006820.JPEG,0,0.0000,0
/home/student/Downloads/imagenet_ai_0419_biggan/val/nature/ILSVRC2012_val_00006836.JPEG,0,0.0001,0
/home/student/Downloads/imagenet_ai_0419_biggan/val/nature/ILSVRC2012_val_00006839.JPEG,0,0.0001,0
/home/student/Downloads/imagenet_ai_0419_biggan/val/nature/ILSVRC2012_val_00006840.JPEG,0,0.0000,0
/home/student/Downloads/imagenet_ai_0419_biggan/val/nature/ILSVRC2012_val_00006844.JPEG,0,0.0000,0
/home/student/Downloads/imagenet_ai_0419_biggan/val/nature/ILSVRC2012_val_00006847.JPEG,0,0.0004,0
/home/student/Downloads/imagenet_ai_0419_biggan/val/nature/ILSVRC2012_val_00006865.JPEG,0,0.0002,0
/home/student/Downloads/imagenet_ai_0419_biggan/val/nature/ILSVRC2012_val_00006866.JPEG,0,0.0000,0
/home/student/Downloads/imagenet_ai_0419_biggan/val/nature/ILSVRC2012_val_00006867.JPEG,0,0.0015,0
/home/student/Downloads/imagenet_ai_0419_biggan/val/nature/ILSVRC2012_val_00006870.JPEG,0,0.0007,0
/home/student/Downloads/imagenet_ai_0419_biggan/val/nature/ILSVRC2012_val_00006872.JPEG,0,0.0000,0
/home/student/Downloads/imagenet_ai_0419_biggan/val/nature/ILSVRC2012_val_00006902.JPEG,0,0.0000,0
/home/student/Downloads/imagenet_ai_0419_biggan/val/nature/ILSVRC2012_val_00006907.JPEG,0,0.0000,0
/home/student/Downloads/imagenet_ai_0419_biggan/val/nature/ILSVRC2012_val_00006918.JPEG,0,0.0000,0
/home/student/Downloads/imagenet_ai_0419_biggan/val/nature/ILSVRC2012_val_00006929.JPEG,0,0.0001,0
/home/student/Downloads/imagenet_ai_0419_biggan/val/nature/ILSVRC2012_val_00006940.JPEG,0,0.0000,0
/home/student/Downloads/imagenet_ai_0419_biggan/val/nature/ILSVRC2012_val_00006942.JPEG,0,0.0000,0
/home/student/Downloads/imagenet_ai_0419_biggan/val/nature/ILSVRC2012_val_00006949.JPEG,0,0.0001,0
/home/student/Downloads/imagenet_ai_0419_biggan/val/nature/ILSVRC2012_val_00006950.JPEG,0,0.7277,1
/home/student/Downloads/imagenet_ai_0419_biggan/val/nature/ILSVRC2012_val_00006959.JPEG,0,0.0000,0
/home/student/Downloads/imagenet_ai_0419_biggan/val/nature/ILSVRC2012_val_00006961.JPEG,0,0.0384,0
/home/student/Downloads/imagenet_ai_0419_biggan/val/nature/ILSVRC2012_val_00006972.JPEG,0,0.0000,0
/home/student/Downloads/imagenet_ai_0419_biggan/val/nature/ILSVRC2012_val_00006973.JPEG,0,0.0002,0
/home/student/Downloads/imagenet_ai_0419_biggan/val/nature/ILSVRC2012_val_00006979.JPEG,0,0.0000,0
/home/student/Downloads/imagenet_ai_0419_biggan/val/nature/ILSVRC2012_val_00007019.JPEG,0,0.0001,0
/home/student/Downloads/imagenet_ai_0419_biggan/val/nature/ILSVRC2012_val_00007022.JPEG,0,0.0104,0
/home/student/Downloads/imagenet_ai_0419_biggan/val/nature/ILSVRC2012_val_00007042.JPEG,0,0.0000,0
/home/student/Downloads/imagenet_ai_0419_biggan/val/nature/ILSVRC2012_val_00007056.JPEG,0,0.0000,0
/home/student/Downloads/imagenet_ai_0419_biggan/val/nature/ILSVRC2012_val_00007097.JPEG,0,0.0000,0
/home/student/Downloads/imagenet_ai_0419_biggan/val/nature/ILSVRC2012_val_00007106.JPEG,0,0.0002,0
/home/student/Downloads/imagenet_ai_0419_biggan/val/nature/ILSVRC2012_val_00007116.JPEG,0,0.0000,0
/home/student/Downloads/imagenet_ai_0419_biggan/val/nature/ILSVRC2012_val_00007123.JPEG,0,0.0026,0
/home/student/Downloads/imagenet_ai_0419_biggan/val/nature/ILSVRC2012_val_00007124.JPEG,0,0.0000,0
/home/student/Downloads/imagenet_ai_0419_biggan/val/nature/ILSVRC2012_val_00007125.JPEG,0,0.0000,0
/home/student/Downloads/imagenet_ai_0419_biggan/val/nature/ILSVRC2012_val_00007153.JPEG,0,0.0007,0
/home/student/Downloads/imagenet_ai_0419_biggan/val/nature/ILSVRC2012_val_00007157.JPEG,0,0.0000,0
/home/student/Downloads/imagenet_ai_0419_biggan/val/nature/ILSVRC2012_val_00007167.JPEG,0,0.0289,0
/home/student/Downloads/imagenet_ai_0419_biggan/val/nature/ILSVRC2012_val_00007175.JPEG,0,0.0001,0
/home/student/Downloads/imagenet_ai_0419_biggan/val/nature/ILSVRC2012_val_00007178.JPEG,0,0.0001,0
/home/student/Downloads/imagenet_ai_0419_biggan/val/nature/ILSVRC2012_val_00007180.JPEG,0,0.0000,0
/home/student/Downloads/imagenet_ai_0419_biggan/val/nature/ILSVRC2012_val_00007182.JPEG,0,0.0000,0
/home/student/Downloads/imagenet_ai_0419_biggan/val/nature/ILSVRC2012_val_00007189.JPEG,0,0.0000,0
/home/student/Downloads/imagenet_ai_0419_biggan/val/nature/ILSVRC2012_val_00007197.JPEG,0,0.0070,0
/home/student/Downloads/imagenet_ai_0419_biggan/val/nature/ILSVRC2012_val_00007203.JPEG,0,0.0017,0
/home/student/Downloads/imagenet_ai_0419_biggan/val/nature/ILSVRC2012_val_00007205.JPEG,0,0.0000,0
/home/student/Downloads/imagenet_ai_0419_biggan/val/nature/ILSVRC2012_val_00007217.JPEG,0,0.0001,0
/home/student/Downloads/imagenet_ai_0419_biggan/val/nature/ILSVRC2012_val_00007242.JPEG,0,0.0002,0
/home/student/Downloads/imagenet_ai_0419_biggan/val/nature/ILSVRC2012_val_00007256.JPEG,0,0.0000,0
/home/student/Downloads/imagenet_ai_0419_biggan/val/nature/ILSVRC2012_val_00007267.JPEG,0,0.0000,0
/home/student/Downloads/imagenet_ai_0419_biggan/val/nature/ILSVRC2012_val_00007279.JPEG,0,0.0023,0
/home/student/Downloads/imagenet_ai_0419_biggan/val/nature/ILSVRC2012_val_00007281.JPEG,0,0.0000,0
/home/student/Downloads/imagenet_ai_0419_biggan/val/nature/ILSVRC2012_val_00007283.JPEG,0,0.1801,0
/home/student/Downloads/imagenet_ai_0419_biggan/val/nature/ILSVRC2012_val_00007291.JPEG,0,0.0000,0
/home/student/Downloads/imagenet_ai_0419_biggan/val/nature/ILSVRC2012_val_00007294.JPEG,0,0.0032,0
/home/student/Downloads/imagenet_ai_0419_biggan/val/nature/ILSVRC2012_val_00007295.JPEG,0,0.0003,0
/home/student/Downloads/imagenet_ai_0419_biggan/val/nature/ILSVRC2012_val_00007298.JPEG,0,0.0007,0
/home/student/Downloads/imagenet_ai_0419_biggan/val/nature/ILSVRC2012_val_00007311.JPEG,0,0.0003,0
/home/student/Downloads/imagenet_ai_0419_biggan/val/nature/ILSVRC2012_val_00007316.JPEG,0,0.0000,0
/home/student/Downloads/imagenet_ai_0419_biggan/val/nature/ILSVRC2012_val_00007330.JPEG,0,0.0000,0
/home/student/Downloads/imagenet_ai_0419_biggan/val/nature/ILSVRC2012_val_00007338.JPEG,0,0.0000,0
/home/student/Downloads/imagenet_ai_0419_biggan/val/nature/ILSVRC2012_val_00007341.JPEG,0,0.0008,0
/home/student/Downloads/imagenet_ai_0419_biggan/val/nature/ILSVRC2012_val_00007352.JPEG,0,0.0000,0
/home/student/Downloads/imagenet_ai_0419_biggan/val/nature/ILSVRC2012_val_00007353.JPEG,0,0.0002,0
/home/student/Downloads/imagenet_ai_0419_biggan/val/nature/ILSVRC2012_val_00007354.JPEG,0,0.0000,0
/home/student/Downloads/imagenet_ai_0419_biggan/val/nature/ILSVRC2012_val_00007361.JPEG,0,0.0000,0
/home/student/Downloads/imagenet_ai_0419_biggan/val/nature/ILSVRC2012_val_00007373.JPEG,0,0.0001,0
/home/student/Downloads/imagenet_ai_0419_biggan/val/nature/ILSVRC2012_val_00007376.JPEG,0,0.0000,0
/home/student/Downloads/imagenet_ai_0419_biggan/val/nature/ILSVRC2012_val_00007382.JPEG,0,0.0000,0
/home/student/Downloads/imagenet_ai_0419_biggan/val/nature/ILSVRC2012_val_00007386.JPEG,0,0.0000,0
/home/student/Downloads/imagenet_ai_0419_biggan/val/nature/ILSVRC2012_val_00007391.JPEG,0,0.0000,0
/home/student/Downloads/imagenet_ai_0419_biggan/val/nature/ILSVRC2012_val_00007403.JPEG,0,0.0000,0
/home/student/Downloads/imagenet_ai_0419_biggan/val/nature/ILSVRC2012_val_00007425.JPEG,0,0.0028,0
/home/student/Downloads/imagenet_ai_0419_biggan/val/nature/ILSVRC2012_val_00007426.JPEG,0,0.3161,0
/home/student/Downloads/imagenet_ai_0419_biggan/val/nature/ILSVRC2012_val_00007432.JPEG,0,0.0000,0
/home/student/Downloads/imagenet_ai_0419_biggan/val/nature/ILSVRC2012_val_00007433.JPEG,0,0.0000,0
/home/student/Downloads/imagenet_ai_0419_biggan/val/nature/ILSVRC2012_val_00007441.JPEG,0,0.0002,0
/home/student/Downloads/imagenet_ai_0419_biggan/val/nature/ILSVRC2012_val_00007480.JPEG,0,0.0000,0
/home/student/Downloads/imagenet_ai_0419_biggan/val/nature/ILSVRC2012_val_00007491.JPEG,0,0.0006,0
/home/student/Downloads/imagenet_ai_0419_biggan/val/nature/ILSVRC2012_val_00007492.JPEG,0,0.0000,0
/home/student/Downloads/imagenet_ai_0419_biggan/val/nature/ILSVRC2012_val_00007514.JPEG,0,0.0000,0
/home/student/Downloads/imagenet_ai_0419_biggan/val/nature/ILSVRC2012_val_00007516.JPEG,0,0.0000,0
/home/student/Downloads/imagenet_ai_0419_biggan/val/nature/ILSVRC2012_val_00007519.JPEG,0,0.0000,0
/home/student/Downloads/imagenet_ai_0419_biggan/val/nature/ILSVRC2012_val_00007525.JPEG,0,0.0000,0
/home/student/Downloads/imagenet_ai_0419_biggan/val/nature/ILSVRC2012_val_00007530.JPEG,0,0.0000,0
/home/student/Downloads/imagenet_ai_0419_biggan/val/nature/ILSVRC2012_val_00007533.JPEG,0,0.0009,0
/home/student/Downloads/imagenet_ai_0419_biggan/val/nature/ILSVRC2012_val_00007546.JPEG,0,0.0000,0
/home/student/Downloads/imagenet_ai_0419_biggan/val/nature/ILSVRC2012_val_00007549.JPEG,0,0.0162,0
/home/student/Downloads/imagenet_ai_0419_biggan/val/nature/ILSVRC2012_val_00007550.JPEG,0,0.0000,0
/home/student/Downloads/imagenet_ai_0419_biggan/val/nature/ILSVRC2012_val_00007559.JPEG,0,0.0000,0
/home/student/Downloads/imagenet_ai_0419_biggan/val/nature/ILSVRC2012_val_00007564.JPEG,0,0.0004,0
/home/student/Downloads/imagenet_ai_0419_biggan/val/nature/ILSVRC2012_val_00007568.JPEG,0,0.0000,0
/home/student/Downloads/imagenet_ai_0419_biggan/val/nature/ILSVRC2012_val_00007578.JPEG,0,0.0000,0
/home/student/Downloads/imagenet_ai_0419_biggan/val/nature/ILSVRC2012_val_00007589.JPEG,0,0.0000,0
/home/student/Downloads/imagenet_ai_0419_biggan/val/nature/ILSVRC2012_val_00007596.JPEG,0,0.0000,0
/home/student/Downloads/imagenet_ai_0419_biggan/val/nature/ILSVRC2012_val_00007602.JPEG,0,0.0024,0
/home/student/Downloads/imagenet_ai_0419_biggan/val/nature/ILSVRC2012_val_00007606.JPEG,0,0.0106,0
/home/student/Downloads/imagenet_ai_0419_biggan/val/nature/ILSVRC2012_val_00007617.JPEG,0,0.0035,0
/home/student/Downloads/imagenet_ai_0419_biggan/val/nature/ILSVRC2012_val_00007621.JPEG,0,0.0000,0
/home/student/Downloads/imagenet_ai_0419_biggan/val/nature/ILSVRC2012_val_00007630.JPEG,0,0.0148,0
/home/student/Downloads/imagenet_ai_0419_biggan/val/nature/ILSVRC2012_val_00007633.JPEG,0,0.0000,0
/home/student/Downloads/imagenet_ai_0419_biggan/val/nature/ILSVRC2012_val_00007639.JPEG,0,0.0000,0
/home/student/Downloads/imagenet_ai_0419_biggan/val/nature/ILSVRC2012_val_00007648.JPEG,0,0.0006,0
/home/student/Downloads/imagenet_ai_0419_biggan/val/nature/ILSVRC2012_val_00007660.JPEG,0,0.0001,0
/home/student/Downloads/imagenet_ai_0419_biggan/val/nature/ILSVRC2012_val_00007664.JPEG,0,0.0000,0
/home/student/Downloads/imagenet_ai_0419_biggan/val/nature/ILSVRC2012_val_00007676.JPEG,0,0.0001,0
/home/student/Downloads/imagenet_ai_0419_biggan/val/nature/ILSVRC2012_val_00007707.JPEG,0,0.0003,0
/home/student/Downloads/imagenet_ai_0419_biggan/val/nature/ILSVRC2012_val_00007733.JPEG,0,0.0000,0
/home/student/Downloads/imagenet_ai_0419_biggan/val/nature/ILSVRC2012_val_00007736.JPEG,0,0.0000,0
/home/student/Downloads/imagenet_ai_0419_biggan/val/nature/ILSVRC2012_val_00007737.JPEG,0,0.0002,0
/home/student/Downloads/imagenet_ai_0419_biggan/val/nature/ILSVRC2012_val_00007748.JPEG,0,0.0001,0
/home/student/Downloads/imagenet_ai_0419_biggan/val/nature/ILSVRC2012_val_00007756.JPEG,0,0.0000,0
/home/student/Downloads/imagenet_ai_0419_biggan/val/nature/ILSVRC2012_val_00007761.JPEG,0,0.0093,0
/home/student/Downloads/imagenet_ai_0419_biggan/val/nature/ILSVRC2012_val_00007765.JPEG,0,0.3975,0
/home/student/Downloads/imagenet_ai_0419_biggan/val/nature/ILSVRC2012_val_00007767.JPEG,0,0.0000,0
/home/student/Downloads/imagenet_ai_0419_biggan/val/nature/ILSVRC2012_val_00007769.JPEG,0,0.0000,0
/home/student/Downloads/imagenet_ai_0419_biggan/val/nature/ILSVRC2012_val_00007774.JPEG,0,0.0824,0
/home/student/Downloads/imagenet_ai_0419_biggan/val/nature/ILSVRC2012_val_00007777.JPEG,0,0.0000,0
/home/student/Downloads/imagenet_ai_0419_biggan/val/nature/ILSVRC2012_val_00007783.JPEG,0,0.0003,0
/home/student/Downloads/imagenet_ai_0419_biggan/val/nature/ILSVRC2012_val_00007795.JPEG,0,0.0001,0
/home/student/Downloads/imagenet_ai_0419_biggan/val/nature/ILSVRC2012_val_00007800.JPEG,0,0.0041,0
/home/student/Downloads/imagenet_ai_0419_biggan/val/nature/ILSVRC2012_val_00007803.JPEG,0,0.0000,0
/home/student/Downloads/imagenet_ai_0419_biggan/val/nature/ILSVRC2012_val_00007809.JPEG,0,0.0000,0
/home/student/Downloads/imagenet_ai_0419_biggan/val/nature/ILSVRC2012_val_00007812.JPEG,0,0.0056,0
/home/student/Downloads/imagenet_ai_0419_biggan/val/nature/ILSVRC2012_val_00007824.JPEG,0,0.0000,0
/home/student/Downloads/imagenet_ai_0419_biggan/val/nature/ILSVRC2012_val_00007864.JPEG,0,0.0001,0
/home/student/Downloads/imagenet_ai_0419_biggan/val/nature/ILSVRC2012_val_00007885.JPEG,0,0.0096,0
/home/student/Downloads/imagenet_ai_0419_biggan/val/nature/ILSVRC2012_val_00007911.JPEG,0,0.0034,0
/home/student/Downloads/imagenet_ai_0419_biggan/val/nature/ILSVRC2012_val_00007917.JPEG,0,0.1290,0
/home/student/Downloads/imagenet_ai_0419_biggan/val/nature/ILSVRC2012_val_00007922.JPEG,0,0.0059,0
/home/student/Downloads/imagenet_ai_0419_biggan/val/nature/ILSVRC2012_val_00007928.JPEG,0,0.0000,0
/home/student/Downloads/imagenet_ai_0419_biggan/val/nature/ILSVRC2012_val_00007931.JPEG,0,0.0000,0
/home/student/Downloads/imagenet_ai_0419_biggan/val/nature/ILSVRC2012_val_00007932.JPEG,0,0.0000,0
/home/student/Downloads/imagenet_ai_0419_biggan/val/nature/ILSVRC2012_val_00007935.JPEG,0,0.0000,0
/home/student/Downloads/imagenet_ai_0419_biggan/val/nature/ILSVRC2012_val_00007937.JPEG,0,0.0032,0
/home/student/Downloads/imagenet_ai_0419_biggan/val/nature/ILSVRC2012_val_00007939.JPEG,0,0.0001,0
/home/student/Downloads/imagenet_ai_0419_biggan/val/nature/ILSVRC2012_val_00007943.JPEG,0,0.0000,0
/home/student/Downloads/imagenet_ai_0419_biggan/val/nature/ILSVRC2012_val_00007951.JPEG,0,0.0004,0
/home/student/Downloads/imagenet_ai_0419_biggan/val/nature/ILSVRC2012_val_00007957.JPEG,0,0.0000,0
/home/student/Downloads/imagenet_ai_0419_biggan/val/nature/ILSVRC2012_val_00007960.JPEG,0,0.0004,0
/home/student/Downloads/imagenet_ai_0419_biggan/val/nature/ILSVRC2012_val_00007962.JPEG,0,0.0000,0
/home/student/Downloads/imagenet_ai_0419_biggan/val/nature/ILSVRC2012_val_00007975.JPEG,0,0.0000,0
/home/student/Downloads/imagenet_ai_0419_biggan/val/nature/ILSVRC2012_val_00007983.JPEG,0,0.0001,0
/home/student/Downloads/imagenet_ai_0419_biggan/val/nature/ILSVRC2012_val_00007986.JPEG,0,0.0002,0
/home/student/Downloads/imagenet_ai_0419_biggan/val/nature/ILSVRC2012_val_00007991.JPEG,0,0.0004,0
/home/student/Downloads/imagenet_ai_0419_biggan/val/nature/ILSVRC2012_val_00007999.JPEG,0,0.0001,0
/home/student/Downloads/imagenet_ai_0419_biggan/val/nature/ILSVRC2012_val_00008013.JPEG,0,0.0000,0
/home/student/Downloads/imagenet_ai_0419_biggan/val/nature/ILSVRC2012_val_00008032.JPEG,0,0.0002,0
/home/student/Downloads/imagenet_ai_0419_biggan/val/nature/ILSVRC2012_val_00008033.JPEG,0,0.0000,0
/home/student/Downloads/imagenet_ai_0419_biggan/val/nature/ILSVRC2012_val_00008034.JPEG,0,0.0000,0
/home/student/Downloads/imagenet_ai_0419_biggan/val/nature/ILSVRC2012_val_00008045.JPEG,0,0.9961,1
/home/student/Downloads/imagenet_ai_0419_biggan/val/nature/ILSVRC2012_val_00008053.JPEG,0,0.0000,0
/home/student/Downloads/imagenet_ai_0419_biggan/val/nature/ILSVRC2012_val_00008059.JPEG,0,0.0001,0
/home/student/Downloads/imagenet_ai_0419_biggan/val/nature/ILSVRC2012_val_00008062.JPEG,0,0.0000,0
/home/student/Downloads/imagenet_ai_0419_biggan/val/nature/ILSVRC2012_val_00008067.JPEG,0,0.0001,0
/home/student/Downloads/imagenet_ai_0419_biggan/val/nature/ILSVRC2012_val_00008072.JPEG,0,0.0003,0
/home/student/Downloads/imagenet_ai_0419_biggan/val/nature/ILSVRC2012_val_00008083.JPEG,0,0.0002,0
/home/student/Downloads/imagenet_ai_0419_biggan/val/nature/ILSVRC2012_val_00008084.JPEG,0,0.0000,0
/home/student/Downloads/imagenet_ai_0419_biggan/val/nature/ILSVRC2012_val_00008091.JPEG,0,0.0000,0
/home/student/Downloads/imagenet_ai_0419_biggan/val/nature/ILSVRC2012_val_00008114.JPEG,0,0.0000,0
/home/student/Downloads/imagenet_ai_0419_biggan/val/nature/ILSVRC2012_val_00008117.JPEG,0,0.0000,0
/home/student/Downloads/imagenet_ai_0419_biggan/val/nature/ILSVRC2012_val_00008123.JPEG,0,0.0008,0
/home/student/Downloads/imagenet_ai_0419_biggan/val/nature/ILSVRC2012_val_00008131.JPEG,0,0.0001,0
/home/student/Downloads/imagenet_ai_0419_biggan/val/nature/ILSVRC2012_val_00008155.JPEG,0,0.0001,0
/home/student/Downloads/imagenet_ai_0419_biggan/val/nature/ILSVRC2012_val_00008158.JPEG,0,0.0000,0
/home/student/Downloads/imagenet_ai_0419_biggan/val/nature/ILSVRC2012_val_00008164.JPEG,0,0.0002,0
/home/student/Downloads/imagenet_ai_0419_biggan/val/nature/ILSVRC2012_val_00008169.JPEG,0,0.0000,0
/home/student/Downloads/imagenet_ai_0419_biggan/val/nature/ILSVRC2012_val_00008192.JPEG,0,0.0010,0
/home/student/Downloads/imagenet_ai_0419_biggan/val/nature/ILSVRC2012_val_00008194.JPEG,0,0.0003,0
/home/student/Downloads/imagenet_ai_0419_biggan/val/nature/ILSVRC2012_val_00008214.JPEG,0,0.0001,0
/home/student/Downloads/imagenet_ai_0419_biggan/val/nature/ILSVRC2012_val_00008221.JPEG,0,0.0500,0
/home/student/Downloads/imagenet_ai_0419_biggan/val/nature/ILSVRC2012_val_00008225.JPEG,0,0.0000,0
/home/student/Downloads/imagenet_ai_0419_biggan/val/nature/ILSVRC2012_val_00008237.JPEG,0,0.0000,0
/home/student/Downloads/imagenet_ai_0419_biggan/val/nature/ILSVRC2012_val_00008249.JPEG,0,0.0000,0
/home/student/Downloads/imagenet_ai_0419_biggan/val/nature/ILSVRC2012_val_00008259.JPEG,0,0.0001,0
/home/student/Downloads/imagenet_ai_0419_biggan/val/nature/ILSVRC2012_val_00008262.JPEG,0,0.0353,0
/home/student/Downloads/imagenet_ai_0419_biggan/val/nature/ILSVRC2012_val_00008266.JPEG,0,0.0079,0
/home/student/Downloads/imagenet_ai_0419_biggan/val/nature/ILSVRC2012_val_00008269.JPEG,0,0.0001,0
/home/student/Downloads/imagenet_ai_0419_biggan/val/nature/ILSVRC2012_val_00008273.JPEG,0,0.0053,0
/home/student/Downloads/imagenet_ai_0419_biggan/val/nature/ILSVRC2012_val_00008281.JPEG,0,0.0024,0
/home/student/Downloads/imagenet_ai_0419_biggan/val/nature/ILSVRC2012_val_00008283.JPEG,0,0.0025,0
/home/student/Downloads/imagenet_ai_0419_biggan/val/nature/ILSVRC2012_val_00008296.JPEG,0,0.3060,0
/home/student/Downloads/imagenet_ai_0419_biggan/val/nature/ILSVRC2012_val_00008310.JPEG,0,0.0000,0
/home/student/Downloads/imagenet_ai_0419_biggan/val/nature/ILSVRC2012_val_00008316.JPEG,0,0.0000,0
/home/student/Downloads/imagenet_ai_0419_biggan/val/nature/ILSVRC2012_val_00008319.JPEG,0,0.0000,0
/home/student/Downloads/imagenet_ai_0419_biggan/val/nature/ILSVRC2012_val_00008330.JPEG,0,0.0000,0
/home/student/Downloads/imagenet_ai_0419_biggan/val/nature/ILSVRC2012_val_00008336.JPEG,0,0.0010,0
/home/student/Downloads/imagenet_ai_0419_biggan/val/nature/ILSVRC2012_val_00008343.JPEG,0,0.0000,0
/home/student/Downloads/imagenet_ai_0419_biggan/val/nature/ILSVRC2012_val_00008363.JPEG,0,0.0008,0
/home/student/Downloads/imagenet_ai_0419_biggan/val/nature/ILSVRC2012_val_00008369.JPEG,0,0.0144,0
/home/student/Downloads/imagenet_ai_0419_biggan/val/nature/ILSVRC2012_val_00008374.JPEG,0,0.0011,0
/home/student/Downloads/imagenet_ai_0419_biggan/val/nature/ILSVRC2012_val_00008376.JPEG,0,0.0000,0
/home/student/Downloads/imagenet_ai_0419_biggan/val/nature/ILSVRC2012_val_00008378.JPEG,0,0.0000,0
/home/student/Downloads/imagenet_ai_0419_biggan/val/nature/ILSVRC2012_val_00008382.JPEG,0,0.0000,0
/home/student/Downloads/imagenet_ai_0419_biggan/val/nature/ILSVRC2012_val_00008397.JPEG,0,0.0001,0
/home/student/Downloads/imagenet_ai_0419_biggan/val/nature/ILSVRC2012_val_00008401.JPEG,0,0.0008,0
/home/student/Downloads/imagenet_ai_0419_biggan/val/nature/ILSVRC2012_val_00008414.JPEG,0,0.0026,0
/home/student/Downloads/imagenet_ai_0419_biggan/val/nature/ILSVRC2012_val_00008421.JPEG,0,0.1127,0
/home/student/Downloads/imagenet_ai_0419_biggan/val/nature/ILSVRC2012_val_00008430.JPEG,0,0.0000,0
/home/student/Downloads/imagenet_ai_0419_biggan/val/nature/ILSVRC2012_val_00008435.JPEG,0,0.0000,0
/home/student/Downloads/imagenet_ai_0419_biggan/val/nature/ILSVRC2012_val_00008436.JPEG,0,0.0015,0
/home/student/Downloads/imagenet_ai_0419_biggan/val/nature/ILSVRC2012_val_00008437.JPEG,0,0.0000,0
/home/student/Downloads/imagenet_ai_0419_biggan/val/nature/ILSVRC2012_val_00008439.JPEG,0,0.0006,0
/home/student/Downloads/imagenet_ai_0419_biggan/val/nature/ILSVRC2012_val_00008441.JPEG,0,0.0001,0
/home/student/Downloads/imagenet_ai_0419_biggan/val/nature/ILSVRC2012_val_00008448.JPEG,0,0.0001,0
/home/student/Downloads/imagenet_ai_0419_biggan/val/nature/ILSVRC2012_val_00008461.JPEG,0,0.0000,0
/home/student/Downloads/imagenet_ai_0419_biggan/val/nature/ILSVRC2012_val_00008463.JPEG,0,0.0000,0
/home/student/Downloads/imagenet_ai_0419_biggan/val/nature/ILSVRC2012_val_00008471.JPEG,0,0.0000,0
/home/student/Downloads/imagenet_ai_0419_biggan/val/nature/ILSVRC2012_val_00008494.JPEG,0,0.0001,0
/home/student/Downloads/imagenet_ai_0419_biggan/val/nature/ILSVRC2012_val_00008496.JPEG,0,0.0006,0
/home/student/Downloads/imagenet_ai_0419_biggan/val/nature/ILSVRC2012_val_00008506.JPEG,0,0.0001,0
/home/student/Downloads/imagenet_ai_0419_biggan/val/nature/ILSVRC2012_val_00008512.JPEG,0,0.0009,0
/home/student/Downloads/imagenet_ai_0419_biggan/val/nature/ILSVRC2012_val_00008538.JPEG,0,0.0055,0
/home/student/Downloads/imagenet_ai_0419_biggan/val/nature/ILSVRC2012_val_00008542.JPEG,0,0.0003,0
/home/student/Downloads/imagenet_ai_0419_biggan/val/nature/ILSVRC2012_val_00008587.JPEG,0,0.0001,0
/home/student/Downloads/imagenet_ai_0419_biggan/val/nature/ILSVRC2012_val_00008588.JPEG,0,0.0263,0
/home/student/Downloads/imagenet_ai_0419_biggan/val/nature/ILSVRC2012_val_00008603.JPEG,0,0.0045,0
/home/student/Downloads/imagenet_ai_0419_biggan/val/nature/ILSVRC2012_val_00008604.JPEG,0,0.0001,0
/home/student/Downloads/imagenet_ai_0419_biggan/val/nature/ILSVRC2012_val_00008626.JPEG,0,0.0000,0
/home/student/Downloads/imagenet_ai_0419_biggan/val/nature/ILSVRC2012_val_00008634.JPEG,0,0.0000,0
/home/student/Downloads/imagenet_ai_0419_biggan/val/nature/ILSVRC2012_val_00008635.JPEG,0,0.0000,0
/home/student/Downloads/imagenet_ai_0419_biggan/val/nature/ILSVRC2012_val_00008639.JPEG,0,0.0000,0
/home/student/Downloads/imagenet_ai_0419_biggan/val/nature/ILSVRC2012_val_00008645.JPEG,0,0.0006,0
/home/student/Downloads/imagenet_ai_0419_biggan/val/nature/ILSVRC2012_val_00008647.JPEG,0,0.0000,0
/home/student/Downloads/imagenet_ai_0419_biggan/val/nature/ILSVRC2012_val_00008670.JPEG,0,0.0006,0
/home/student/Downloads/imagenet_ai_0419_biggan/val/nature/ILSVRC2012_val_00008707.JPEG,0,0.0242,0
/home/student/Downloads/imagenet_ai_0419_biggan/val/nature/ILSVRC2012_val_00008711.JPEG,0,0.0009,0
/home/student/Downloads/imagenet_ai_0419_biggan/val/nature/ILSVRC2012_val_00008715.JPEG,0,0.0001,0
/home/student/Downloads/imagenet_ai_0419_biggan/val/nature/ILSVRC2012_val_00008717.JPEG,0,0.0001,0
/home/student/Downloads/imagenet_ai_0419_biggan/val/nature/ILSVRC2012_val_00008721.JPEG,0,0.0000,0
/home/student/Downloads/imagenet_ai_0419_biggan/val/nature/ILSVRC2012_val_00008723.JPEG,0,0.0002,0
/home/student/Downloads/imagenet_ai_0419_biggan/val/nature/ILSVRC2012_val_00008727.JPEG,0,0.0005,0
/home/student/Downloads/imagenet_ai_0419_biggan/val/nature/ILSVRC2012_val_00008729.JPEG,0,0.0000,0
/home/student/Downloads/imagenet_ai_0419_biggan/val/nature/ILSVRC2012_val_00008739.JPEG,0,0.0000,0
/home/student/Downloads/imagenet_ai_0419_biggan/val/nature/ILSVRC2012_val_00008742.JPEG,0,0.0002,0
/home/student/Downloads/imagenet_ai_0419_biggan/val/nature/ILSVRC2012_val_00008748.JPEG,0,0.0001,0
/home/student/Downloads/imagenet_ai_0419_biggan/val/nature/ILSVRC2012_val_00008753.JPEG,0,0.0000,0
/home/student/Downloads/imagenet_ai_0419_biggan/val/nature/ILSVRC2012_val_00008776.JPEG,0,0.0091,0
/home/student/Downloads/imagenet_ai_0419_biggan/val/nature/ILSVRC2012_val_00008781.JPEG,0,0.0000,0
/home/student/Downloads/imagenet_ai_0419_biggan/val/nature/ILSVRC2012_val_00008789.JPEG,0,0.0015,0
/home/student/Downloads/imagenet_ai_0419_biggan/val/nature/ILSVRC2012_val_00008805.JPEG,0,0.0000,0
/home/student/Downloads/imagenet_ai_0419_biggan/val/nature/ILSVRC2012_val_00008809.JPEG,0,0.0008,0
/home/student/Downloads/imagenet_ai_0419_biggan/val/nature/ILSVRC2012_val_00008814.JPEG,0,0.0001,0
/home/student/Downloads/imagenet_ai_0419_biggan/val/nature/ILSVRC2012_val_00008819.JPEG,0,0.0000,0
/home/student/Downloads/imagenet_ai_0419_biggan/val/nature/ILSVRC2012_val_00008821.JPEG,0,0.0075,0
/home/student/Downloads/imagenet_ai_0419_biggan/val/nature/ILSVRC2012_val_00008825.JPEG,0,0.0000,0
/home/student/Downloads/imagenet_ai_0419_biggan/val/nature/ILSVRC2012_val_00008839.JPEG,0,0.0001,0
/home/student/Downloads/imagenet_ai_0419_biggan/val/nature/ILSVRC2012_val_00008854.JPEG,0,0.0006,0
/home/student/Downloads/imagenet_ai_0419_biggan/val/nature/ILSVRC2012_val_00008861.JPEG,0,0.0000,0
/home/student/Downloads/imagenet_ai_0419_biggan/val/nature/ILSVRC2012_val_00008868.JPEG,0,0.0001,0
/home/student/Downloads/imagenet_ai_0419_biggan/val/nature/ILSVRC2012_val_00008874.JPEG,0,0.0000,0
/home/student/Downloads/imagenet_ai_0419_biggan/val/nature/ILSVRC2012_val_00008885.JPEG,0,0.0000,0
/home/student/Downloads/imagenet_ai_0419_biggan/val/nature/ILSVRC2012_val_00008906.JPEG,0,0.0001,0
/home/student/Downloads/imagenet_ai_0419_biggan/val/nature/ILSVRC2012_val_00008909.JPEG,0,0.0000,0
/home/student/Downloads/imagenet_ai_0419_biggan/val/nature/ILSVRC2012_val_00008920.JPEG,0,0.0000,0
/home/student/Downloads/imagenet_ai_0419_biggan/val/nature/ILSVRC2012_val_00008926.JPEG,0,0.0000,0
/home/student/Downloads/imagenet_ai_0419_biggan/val/nature/ILSVRC2012_val_00008936.JPEG,0,0.0002,0
/home/student/Downloads/imagenet_ai_0419_biggan/val/nature/ILSVRC2012_val_00008940.JPEG,0,0.0049,0
/home/student/Downloads/imagenet_ai_0419_biggan/val/nature/ILSVRC2012_val_00008945.JPEG,0,0.0000,0
/home/student/Downloads/imagenet_ai_0419_biggan/val/nature/ILSVRC2012_val_00008953.JPEG,0,0.0000,0
/home/student/Downloads/imagenet_ai_0419_biggan/val/nature/ILSVRC2012_val_00008961.JPEG,0,0.0000,0
/home/student/Downloads/imagenet_ai_0419_biggan/val/nature/ILSVRC2012_val_00008962.JPEG,0,0.0001,0
/home/student/Downloads/imagenet_ai_0419_biggan/val/nature/ILSVRC2012_val_00008966.JPEG,0,0.0000,0
/home/student/Downloads/imagenet_ai_0419_biggan/val/nature/ILSVRC2012_val_00008977.JPEG,0,0.0000,0
/home/student/Downloads/imagenet_ai_0419_biggan/val/nature/ILSVRC2012_val_00008978.JPEG,0,0.0010,0
/home/student/Downloads/imagenet_ai_0419_biggan/val/nature/ILSVRC2012_val_00008985.JPEG,0,0.0005,0
/home/student/Downloads/imagenet_ai_0419_biggan/val/nature/ILSVRC2012_val_00008994.JPEG,0,0.0000,0
/home/student/Downloads/imagenet_ai_0419_biggan/val/nature/ILSVRC2012_val_00009015.JPEG,0,0.0002,0
/home/student/Downloads/imagenet_ai_0419_biggan/val/nature/ILSVRC2012_val_00009025.JPEG,0,0.0000,0
/home/student/Downloads/imagenet_ai_0419_biggan/val/nature/ILSVRC2012_val_00009029.JPEG,0,0.0001,0
/home/student/Downloads/imagenet_ai_0419_biggan/val/nature/ILSVRC2012_val_00009031.JPEG,0,0.0012,0
/home/student/Downloads/imagenet_ai_0419_biggan/val/nature/ILSVRC2012_val_00009042.JPEG,0,0.0002,0
/home/student/Downloads/imagenet_ai_0419_biggan/val/nature/ILSVRC2012_val_00009050.JPEG,0,0.0007,0
/home/student/Downloads/imagenet_ai_0419_biggan/val/nature/ILSVRC2012_val_00009054.JPEG,0,0.3432,0
/home/student/Downloads/imagenet_ai_0419_biggan/val/nature/ILSVRC2012_val_00009058.JPEG,0,0.0000,0
/home/student/Downloads/imagenet_ai_0419_biggan/val/nature/ILSVRC2012_val_00009061.JPEG,0,0.0000,0
/home/student/Downloads/imagenet_ai_0419_biggan/val/nature/ILSVRC2012_val_00009066.JPEG,0,0.0000,0
/home/student/Downloads/imagenet_ai_0419_biggan/val/nature/ILSVRC2012_val_00009074.JPEG,0,0.0001,0
/home/student/Downloads/imagenet_ai_0419_biggan/val/nature/ILSVRC2012_val_00009079.JPEG,0,0.0003,0
/home/student/Downloads/imagenet_ai_0419_biggan/val/nature/ILSVRC2012_val_00009088.JPEG,0,0.0000,0
/home/student/Downloads/imagenet_ai_0419_biggan/val/nature/ILSVRC2012_val_00009093.JPEG,0,0.0001,0
/home/student/Downloads/imagenet_ai_0419_biggan/val/nature/ILSVRC2012_val_00009106.JPEG,0,0.0001,0
/home/student/Downloads/imagenet_ai_0419_biggan/val/nature/ILSVRC2012_val_00009115.JPEG,0,0.0001,0
/home/student/Downloads/imagenet_ai_0419_biggan/val/nature/ILSVRC2012_val_00009117.JPEG,0,0.0001,0
/home/student/Downloads/imagenet_ai_0419_biggan/val/nature/ILSVRC2012_val_00009170.JPEG,0,0.0000,0
/home/student/Downloads/imagenet_ai_0419_biggan/val/nature/ILSVRC2012_val_00009177.JPEG,0,0.4474,0
/home/student/Downloads/imagenet_ai_0419_biggan/val/nature/ILSVRC2012_val_00009185.JPEG,0,0.0008,0
/home/student/Downloads/imagenet_ai_0419_biggan/val/nature/ILSVRC2012_val_00009188.JPEG,0,0.0054,0
/home/student/Downloads/imagenet_ai_0419_biggan/val/nature/ILSVRC2012_val_00009213.JPEG,0,0.0004,0
/home/student/Downloads/imagenet_ai_0419_biggan/val/nature/ILSVRC2012_val_00009218.JPEG,0,0.0000,0
/home/student/Downloads/imagenet_ai_0419_biggan/val/nature/ILSVRC2012_val_00009220.JPEG,0,0.0000,0
/home/student/Downloads/imagenet_ai_0419_biggan/val/nature/ILSVRC2012_val_00009222.JPEG,0,0.0002,0
/home/student/Downloads/imagenet_ai_0419_biggan/val/nature/ILSVRC2012_val_00009233.JPEG,0,0.0000,0
/home/student/Downloads/imagenet_ai_0419_biggan/val/nature/ILSVRC2012_val_00009241.JPEG,0,0.0004,0
/home/student/Downloads/imagenet_ai_0419_biggan/val/nature/ILSVRC2012_val_00009242.JPEG,0,0.2030,0
/home/student/Downloads/imagenet_ai_0419_biggan/val/nature/ILSVRC2012_val_00009251.JPEG,0,0.0000,0
/home/student/Downloads/imagenet_ai_0419_biggan/val/nature/ILSVRC2012_val_00009259.JPEG,0,0.0001,0
/home/student/Downloads/imagenet_ai_0419_biggan/val/nature/ILSVRC2012_val_00009268.JPEG,0,0.0002,0
/home/student/Downloads/imagenet_ai_0419_biggan/val/nature/ILSVRC2012_val_00009296.JPEG,0,0.0010,0
/home/student/Downloads/imagenet_ai_0419_biggan/val/nature/ILSVRC2012_val_00009298.JPEG,0,0.0000,0
/home/student/Downloads/imagenet_ai_0419_biggan/val/nature/ILSVRC2012_val_00009312.JPEG,0,0.0002,0
/home/student/Downloads/imagenet_ai_0419_biggan/val/nature/ILSVRC2012_val_00009313.JPEG,0,0.0043,0
/home/student/Downloads/imagenet_ai_0419_biggan/val/nature/ILSVRC2012_val_00009319.JPEG,0,0.0001,0
/home/student/Downloads/imagenet_ai_0419_biggan/val/nature/ILSVRC2012_val_00009324.JPEG,0,0.0000,0
/home/student/Downloads/imagenet_ai_0419_biggan/val/nature/ILSVRC2012_val_00009327.JPEG,0,0.0340,0
/home/student/Downloads/imagenet_ai_0419_biggan/val/nature/ILSVRC2012_val_00009330.JPEG,0,0.0000,0
/home/student/Downloads/imagenet_ai_0419_biggan/val/nature/ILSVRC2012_val_00009332.JPEG,0,0.0001,0
/home/student/Downloads/imagenet_ai_0419_biggan/val/nature/ILSVRC2012_val_00009344.JPEG,0,0.0000,0
/home/student/Downloads/imagenet_ai_0419_biggan/val/nature/ILSVRC2012_val_00009348.JPEG,0,0.0000,0
/home/student/Downloads/imagenet_ai_0419_biggan/val/nature/ILSVRC2012_val_00009364.JPEG,0,0.0002,0
/home/student/Downloads/imagenet_ai_0419_biggan/val/nature/ILSVRC2012_val_00009366.JPEG,0,0.0002,0
/home/student/Downloads/imagenet_ai_0419_biggan/val/nature/ILSVRC2012_val_00009368.JPEG,0,0.0111,0
/home/student/Downloads/imagenet_ai_0419_biggan/val/nature/ILSVRC2012_val_00009380.JPEG,0,0.0000,0
/home/student/Downloads/imagenet_ai_0419_biggan/val/nature/ILSVRC2012_val_00009384.JPEG,0,0.0024,0
/home/student/Downloads/imagenet_ai_0419_biggan/val/nature/ILSVRC2012_val_00009393.JPEG,0,0.0000,0
/home/student/Downloads/imagenet_ai_0419_biggan/val/nature/ILSVRC2012_val_00009394.JPEG,0,0.0000,0
/home/student/Downloads/imagenet_ai_0419_biggan/val/nature/ILSVRC2012_val_00009400.JPEG,0,0.0037,0
/home/student/Downloads/imagenet_ai_0419_biggan/val/nature/ILSVRC2012_val_00009411.JPEG,0,0.0000,0
/home/student/Downloads/imagenet_ai_0419_biggan/val/nature/ILSVRC2012_val_00009419.JPEG,0,0.0001,0
/home/student/Downloads/imagenet_ai_0419_biggan/val/nature/ILSVRC2012_val_00009422.JPEG,0,0.0000,0
/home/student/Downloads/imagenet_ai_0419_biggan/val/nature/ILSVRC2012_val_00009453.JPEG,0,0.0000,0
/home/student/Downloads/imagenet_ai_0419_biggan/val/nature/ILSVRC2012_val_00009466.JPEG,0,0.0001,0
/home/student/Downloads/imagenet_ai_0419_biggan/val/nature/ILSVRC2012_val_00009472.JPEG,0,0.0000,0
/home/student/Downloads/imagenet_ai_0419_biggan/val/nature/ILSVRC2012_val_00009476.JPEG,0,0.0017,0
/home/student/Downloads/imagenet_ai_0419_biggan/val/nature/ILSVRC2012_val_00009486.JPEG,0,0.0001,0
/home/student/Downloads/imagenet_ai_0419_biggan/val/nature/ILSVRC2012_val_00009488.JPEG,0,0.0000,0
/home/student/Downloads/imagenet_ai_0419_biggan/val/nature/ILSVRC2012_val_00009490.JPEG,0,0.0002,0
/home/student/Downloads/imagenet_ai_0419_biggan/val/nature/ILSVRC2012_val_00009499.JPEG,0,0.0002,0
/home/student/Downloads/imagenet_ai_0419_biggan/val/nature/ILSVRC2012_val_00009507.JPEG,0,0.0001,0
/home/student/Downloads/imagenet_ai_0419_biggan/val/nature/ILSVRC2012_val_00009513.JPEG,0,0.0001,0
/home/student/Downloads/imagenet_ai_0419_biggan/val/nature/ILSVRC2012_val_00009517.JPEG,0,0.0000,0
/home/student/Downloads/imagenet_ai_0419_biggan/val/nature/ILSVRC2012_val_00009522.JPEG,0,0.0000,0
/home/student/Downloads/imagenet_ai_0419_biggan/val/nature/ILSVRC2012_val_00009543.JPEG,0,0.0000,0
/home/student/Downloads/imagenet_ai_0419_biggan/val/nature/ILSVRC2012_val_00009548.JPEG,0,0.0000,0
/home/student/Downloads/imagenet_ai_0419_biggan/val/nature/ILSVRC2012_val_00009553.JPEG,0,0.0000,0
/home/student/Downloads/imagenet_ai_0419_biggan/val/nature/ILSVRC2012_val_00009565.JPEG,0,0.0000,0
/home/student/Downloads/imagenet_ai_0419_biggan/val/nature/ILSVRC2012_val_00009572.JPEG,0,0.0016,0
/home/student/Downloads/imagenet_ai_0419_biggan/val/nature/ILSVRC2012_val_00009574.JPEG,0,0.0000,0
/home/student/Downloads/imagenet_ai_0419_biggan/val/nature/ILSVRC2012_val_00009576.JPEG,0,0.0000,0
/home/student/Downloads/imagenet_ai_0419_biggan/val/nature/ILSVRC2012_val_00009583.JPEG,0,0.0014,0
/home/student/Downloads/imagenet_ai_0419_biggan/val/nature/ILSVRC2012_val_00009588.JPEG,0,0.0000,0
/home/student/Downloads/imagenet_ai_0419_biggan/val/nature/ILSVRC2012_val_00009599.JPEG,0,0.0004,0
/home/student/Downloads/imagenet_ai_0419_biggan/val/nature/ILSVRC2012_val_00009600.JPEG,0,0.0536,0
/home/student/Downloads/imagenet_ai_0419_biggan/val/nature/ILSVRC2012_val_00009603.JPEG,0,0.0000,0
/home/student/Downloads/imagenet_ai_0419_biggan/val/nature/ILSVRC2012_val_00009623.JPEG,0,0.0001,0
/home/student/Downloads/imagenet_ai_0419_biggan/val/nature/ILSVRC2012_val_00009630.JPEG,0,0.0265,0
/home/student/Downloads/imagenet_ai_0419_biggan/val/nature/ILSVRC2012_val_00009646.JPEG,0,0.0013,0
/home/student/Downloads/imagenet_ai_0419_biggan/val/nature/ILSVRC2012_val_00009652.JPEG,0,0.0000,0
/home/student/Downloads/imagenet_ai_0419_biggan/val/nature/ILSVRC2012_val_00009657.JPEG,0,0.0009,0
/home/student/Downloads/imagenet_ai_0419_biggan/val/nature/ILSVRC2012_val_00009688.JPEG,0,0.0000,0
/home/student/Downloads/imagenet_ai_0419_biggan/val/nature/ILSVRC2012_val_00009692.JPEG,0,0.0000,0
/home/student/Downloads/imagenet_ai_0419_biggan/val/nature/ILSVRC2012_val_00009694.JPEG,0,0.0000,0
/home/student/Downloads/imagenet_ai_0419_biggan/val/nature/ILSVRC2012_val_00009699.JPEG,0,0.0005,0
/home/student/Downloads/imagenet_ai_0419_biggan/val/nature/ILSVRC2012_val_00009711.JPEG,0,0.0000,0
/home/student/Downloads/imagenet_ai_0419_biggan/val/nature/ILSVRC2012_val_00009728.JPEG,0,0.0000,0
/home/student/Downloads/imagenet_ai_0419_biggan/val/nature/ILSVRC2012_val_00009729.JPEG,0,0.0000,0
/home/student/Downloads/imagenet_ai_0419_biggan/val/nature/ILSVRC2012_val_00009730.JPEG,0,0.0001,0
/home/student/Downloads/imagenet_ai_0419_biggan/val/nature/ILSVRC2012_val_00009739.JPEG,0,0.0001,0
/home/student/Downloads/imagenet_ai_0419_biggan/val/nature/ILSVRC2012_val_00009741.JPEG,0,0.0001,0
/home/student/Downloads/imagenet_ai_0419_biggan/val/nature/ILSVRC2012_val_00009761.JPEG,0,0.0000,0
/home/student/Downloads/imagenet_ai_0419_biggan/val/nature/ILSVRC2012_val_00009767.JPEG,0,0.0000,0
/home/student/Downloads/imagenet_ai_0419_biggan/val/nature/ILSVRC2012_val_00009783.JPEG,0,0.0001,0
/home/student/Downloads/imagenet_ai_0419_biggan/val/nature/ILSVRC2012_val_00009792.JPEG,0,0.0000,0
/home/student/Downloads/imagenet_ai_0419_biggan/val/nature/ILSVRC2012_val_00009806.JPEG,0,0.0000,0
/home/student/Downloads/imagenet_ai_0419_biggan/val/nature/ILSVRC2012_val_00009823.JPEG,0,0.0000,0
/home/student/Downloads/imagenet_ai_0419_biggan/val/nature/ILSVRC2012_val_00009827.JPEG,0,0.0207,0
/home/student/Downloads/imagenet_ai_0419_biggan/val/nature/ILSVRC2012_val_00009828.JPEG,0,0.0000,0
/home/student/Downloads/imagenet_ai_0419_biggan/val/nature/ILSVRC2012_val_00009833.JPEG,0,0.0000,0
/home/student/Downloads/imagenet_ai_0419_biggan/val/nature/ILSVRC2012_val_00009835.JPEG,0,0.0016,0
/home/student/Downloads/imagenet_ai_0419_biggan/val/nature/ILSVRC2012_val_00009841.JPEG,0,0.0003,0
/home/student/Downloads/imagenet_ai_0419_biggan/val/nature/ILSVRC2012_val_00009843.JPEG,0,0.0000,0
/home/student/Downloads/imagenet_ai_0419_biggan/val/nature/ILSVRC2012_val_00009855.JPEG,0,0.0000,0
/home/student/Downloads/imagenet_ai_0419_biggan/val/nature/ILSVRC2012_val_00009867.JPEG,0,0.0221,0
/home/student/Downloads/imagenet_ai_0419_biggan/val/nature/ILSVRC2012_val_00009894.JPEG,0,0.0001,0
/home/student/Downloads/imagenet_ai_0419_biggan/val/nature/ILSVRC2012_val_00009902.JPEG,0,0.0029,0
/home/student/Downloads/imagenet_ai_0419_biggan/val/nature/ILSVRC2012_val_00009921.JPEG,0,0.0001,0
/home/student/Downloads/imagenet_ai_0419_biggan/val/nature/ILSVRC2012_val_00009928.JPEG,0,0.0000,0
/home/student/Downloads/imagenet_ai_0419_biggan/val/nature/ILSVRC2012_val_00009931.JPEG,0,0.0001,0
/home/student/Downloads/imagenet_ai_0419_biggan/val/nature/ILSVRC2012_val_00009933.JPEG,0,0.0000,0
/home/student/Downloads/imagenet_ai_0419_biggan/val/nature/ILSVRC2012_val_00009952.JPEG,0,0.0088,0
/home/student/Downloads/imagenet_ai_0419_biggan/val/nature/ILSVRC2012_val_00009961.JPEG,0,0.0001,0
/home/student/Downloads/imagenet_ai_0419_biggan/val/nature/ILSVRC2012_val_00009972.JPEG,0,0.0151,0
/home/student/Downloads/imagenet_ai_0419_biggan/val/nature/ILSVRC2012_val_00009973.JPEG,0,0.0000,0
/home/student/Downloads/imagenet_ai_0419_biggan/val/nature/ILSVRC2012_val_00009975.JPEG,0,0.0000,0
/home/student/Downloads/imagenet_ai_0419_biggan/val/nature/ILSVRC2012_val_00009988.JPEG,0,0.0054,0
/home/student/Downloads/imagenet_ai_0419_biggan/val/nature/ILSVRC2012_val_00009991.JPEG,0,0.0000,0
/home/student/Downloads/imagenet_ai_0419_biggan/val/nature/ILSVRC2012_val_00010003.JPEG,0,0.0001,0
/home/student/Downloads/imagenet_ai_0419_biggan/val/nature/ILSVRC2012_val_00010008.JPEG,0,0.0000,0
/home/student/Downloads/imagenet_ai_0419_biggan/val/nature/ILSVRC2012_val_00010020.JPEG,0,0.0004,0
/home/student/Downloads/imagenet_ai_0419_biggan/val/nature/ILSVRC2012_val_00010026.JPEG,0,0.0056,0
/home/student/Downloads/imagenet_ai_0419_biggan/val/nature/ILSVRC2012_val_00010029.JPEG,0,0.0000,0
/home/student/Downloads/imagenet_ai_0419_biggan/val/nature/ILSVRC2012_val_00010041.JPEG,0,0.0008,0
/home/student/Downloads/imagenet_ai_0419_biggan/val/nature/ILSVRC2012_val_00010044.JPEG,0,0.0000,0
/home/student/Downloads/imagenet_ai_0419_biggan/val/nature/ILSVRC2012_val_00010051.JPEG,0,0.0077,0
/home/student/Downloads/imagenet_ai_0419_biggan/val/nature/ILSVRC2012_val_00010060.JPEG,0,0.0000,0
/home/student/Downloads/imagenet_ai_0419_biggan/val/nature/ILSVRC2012_val_00010068.JPEG,0,0.0013,0
/home/student/Downloads/imagenet_ai_0419_biggan/val/nature/ILSVRC2012_val_00010075.JPEG,0,0.0000,0
/home/student/Downloads/imagenet_ai_0419_biggan/val/nature/ILSVRC2012_val_00010102.JPEG,0,0.0001,0
/home/student/Downloads/imagenet_ai_0419_biggan/val/nature/ILSVRC2012_val_00010103.JPEG,0,0.0032,0
/home/student/Downloads/imagenet_ai_0419_biggan/val/nature/ILSVRC2012_val_00010110.JPEG,0,0.0000,0
/home/student/Downloads/imagenet_ai_0419_biggan/val/nature/ILSVRC2012_val_00010113.JPEG,0,0.0001,0
/home/student/Downloads/imagenet_ai_0419_biggan/val/nature/ILSVRC2012_val_00010122.JPEG,0,0.0001,0
/home/student/Downloads/imagenet_ai_0419_biggan/val/nature/ILSVRC2012_val_00010130.JPEG,0,0.0017,0
/home/student/Downloads/imagenet_ai_0419_biggan/val/nature/ILSVRC2012_val_00010131.JPEG,0,0.0000,0
/home/student/Downloads/imagenet_ai_0419_biggan/val/nature/ILSVRC2012_val_00010134.JPEG,0,0.0001,0
/home/student/Downloads/imagenet_ai_0419_biggan/val/nature/ILSVRC2012_val_00010135.JPEG,0,0.0000,0
/home/student/Downloads/imagenet_ai_0419_biggan/val/nature/ILSVRC2012_val_00010139.JPEG,0,0.0000,0
/home/student/Downloads/imagenet_ai_0419_biggan/val/nature/ILSVRC2012_val_00010142.JPEG,0,0.0008,0
/home/student/Downloads/imagenet_ai_0419_biggan/val/nature/ILSVRC2012_val_00010153.JPEG,0,0.0015,0
/home/student/Downloads/imagenet_ai_0419_biggan/val/nature/ILSVRC2012_val_00010182.JPEG,0,0.0007,0
/home/student/Downloads/imagenet_ai_0419_biggan/val/nature/ILSVRC2012_val_00010183.JPEG,0,0.0000,0
/home/student/Downloads/imagenet_ai_0419_biggan/val/nature/ILSVRC2012_val_00010202.JPEG,0,0.0017,0
/home/student/Downloads/imagenet_ai_0419_biggan/val/nature/ILSVRC2012_val_00010207.JPEG,0,0.0001,0
/home/student/Downloads/imagenet_ai_0419_biggan/val/nature/ILSVRC2012_val_00010214.JPEG,0,0.0022,0
/home/student/Downloads/imagenet_ai_0419_biggan/val/nature/ILSVRC2012_val_00010241.JPEG,0,0.0002,0
/home/student/Downloads/imagenet_ai_0419_biggan/val/nature/ILSVRC2012_val_00010254.JPEG,0,0.0000,0
/home/student/Downloads/imagenet_ai_0419_biggan/val/nature/ILSVRC2012_val_00010259.JPEG,0,0.0001,0
/home/student/Downloads/imagenet_ai_0419_biggan/val/nature/ILSVRC2012_val_00010261.JPEG,0,0.0005,0
/home/student/Downloads/imagenet_ai_0419_biggan/val/nature/ILSVRC2012_val_00010263.JPEG,0,0.0526,0
/home/student/Downloads/imagenet_ai_0419_biggan/val/nature/ILSVRC2012_val_00010265.JPEG,0,0.0118,0
/home/student/Downloads/imagenet_ai_0419_biggan/val/nature/ILSVRC2012_val_00010274.JPEG,0,0.0002,0
/home/student/Downloads/imagenet_ai_0419_biggan/val/nature/ILSVRC2012_val_00010278.JPEG,0,0.0001,0
/home/student/Downloads/imagenet_ai_0419_biggan/val/nature/ILSVRC2012_val_00010279.JPEG,0,0.0000,0
/home/student/Downloads/imagenet_ai_0419_biggan/val/nature/ILSVRC2012_val_00010303.JPEG,0,0.0084,0
/home/student/Downloads/imagenet_ai_0419_biggan/val/nature/ILSVRC2012_val_00010304.JPEG,0,0.0000,0
/home/student/Downloads/imagenet_ai_0419_biggan/val/nature/ILSVRC2012_val_00010309.JPEG,0,0.0007,0
/home/student/Downloads/imagenet_ai_0419_biggan/val/nature/ILSVRC2012_val_00010322.JPEG,0,0.0000,0
/home/student/Downloads/imagenet_ai_0419_biggan/val/nature/ILSVRC2012_val_00010325.JPEG,0,0.0000,0
/home/student/Downloads/imagenet_ai_0419_biggan/val/nature/ILSVRC2012_val_00010336.JPEG,0,0.0000,0
/home/student/Downloads/imagenet_ai_0419_biggan/val/nature/ILSVRC2012_val_00010342.JPEG,0,0.0317,0
/home/student/Downloads/imagenet_ai_0419_biggan/val/nature/ILSVRC2012_val_00010346.JPEG,0,0.0005,0
/home/student/Downloads/imagenet_ai_0419_biggan/val/nature/ILSVRC2012_val_00010350.JPEG,0,0.0000,0
/home/student/Downloads/imagenet_ai_0419_biggan/val/nature/ILSVRC2012_val_00010376.JPEG,0,0.0000,0
/home/student/Downloads/imagenet_ai_0419_biggan/val/nature/ILSVRC2012_val_00010378.JPEG,0,0.0001,0
/home/student/Downloads/imagenet_ai_0419_biggan/val/nature/ILSVRC2012_val_00010382.JPEG,0,0.0000,0
/home/student/Downloads/imagenet_ai_0419_biggan/val/nature/ILSVRC2012_val_00010397.JPEG,0,0.0001,0
/home/student/Downloads/imagenet_ai_0419_biggan/val/nature/ILSVRC2012_val_00010399.JPEG,0,0.0000,0
/home/student/Downloads/imagenet_ai_0419_biggan/val/nature/ILSVRC2012_val_00010438.JPEG,0,0.0000,0
/home/student/Downloads/imagenet_ai_0419_biggan/val/nature/ILSVRC2012_val_00010477.JPEG,0,0.0050,0
/home/student/Downloads/imagenet_ai_0419_biggan/val/nature/ILSVRC2012_val_00010481.JPEG,0,0.0000,0
/home/student/Downloads/imagenet_ai_0419_biggan/val/nature/ILSVRC2012_val_00010483.JPEG,0,0.0000,0
/home/student/Downloads/imagenet_ai_0419_biggan/val/nature/ILSVRC2012_val_00010488.JPEG,0,0.0000,0
/home/student/Downloads/imagenet_ai_0419_biggan/val/nature/ILSVRC2012_val_00010489.JPEG,0,0.0002,0
/home/student/Downloads/imagenet_ai_0419_biggan/val/nature/ILSVRC2012_val_00010494.JPEG,0,0.0008,0
/home/student/Downloads/imagenet_ai_0419_biggan/val/nature/ILSVRC2012_val_00010508.JPEG,0,0.0001,0
/home/student/Downloads/imagenet_ai_0419_biggan/val/nature/ILSVRC2012_val_00010522.JPEG,0,0.0034,0
/home/student/Downloads/imagenet_ai_0419_biggan/val/nature/ILSVRC2012_val_00010531.JPEG,0,0.0000,0
/home/student/Downloads/imagenet_ai_0419_biggan/val/nature/ILSVRC2012_val_00010537.JPEG,0,0.0001,0
/home/student/Downloads/imagenet_ai_0419_biggan/val/nature/ILSVRC2012_val_00010539.JPEG,0,0.0014,0
/home/student/Downloads/imagenet_ai_0419_biggan/val/nature/ILSVRC2012_val_00010568.JPEG,0,0.0029,0
/home/student/Downloads/imagenet_ai_0419_biggan/val/nature/ILSVRC2012_val_00010580.JPEG,0,0.0000,0
/home/student/Downloads/imagenet_ai_0419_biggan/val/nature/ILSVRC2012_val_00010584.JPEG,0,0.0000,0
/home/student/Downloads/imagenet_ai_0419_biggan/val/nature/ILSVRC2012_val_00010595.JPEG,0,0.0000,0
/home/student/Downloads/imagenet_ai_0419_biggan/val/nature/ILSVRC2012_val_00010609.JPEG,0,0.0000,0
/home/student/Downloads/imagenet_ai_0419_biggan/val/nature/ILSVRC2012_val_00010629.JPEG,0,0.0001,0
/home/student/Downloads/imagenet_ai_0419_biggan/val/nature/ILSVRC2012_val_00010635.JPEG,0,0.0050,0
/home/student/Downloads/imagenet_ai_0419_biggan/val/nature/ILSVRC2012_val_00010636.JPEG,0,0.0000,0
/home/student/Downloads/imagenet_ai_0419_biggan/val/nature/ILSVRC2012_val_00010638.JPEG,0,0.0002,0
/home/student/Downloads/imagenet_ai_0419_biggan/val/nature/ILSVRC2012_val_00010642.JPEG,0,0.0000,0
/home/student/Downloads/imagenet_ai_0419_biggan/val/nature/ILSVRC2012_val_00010656.JPEG,0,0.0000,0
/home/student/Downloads/imagenet_ai_0419_biggan/val/nature/ILSVRC2012_val_00010669.JPEG,0,0.0000,0
/home/student/Downloads/imagenet_ai_0419_biggan/val/nature/ILSVRC2012_val_00010689.JPEG,0,0.0001,0
/home/student/Downloads/imagenet_ai_0419_biggan/val/nature/ILSVRC2012_val_00010693.JPEG,0,0.0000,0
/home/student/Downloads/imagenet_ai_0419_biggan/val/nature/ILSVRC2012_val_00010699.JPEG,0,0.0000,0
/home/student/Downloads/imagenet_ai_0419_biggan/val/nature/ILSVRC2012_val_00010740.JPEG,0,0.0000,0
/home/student/Downloads/imagenet_ai_0419_biggan/val/nature/ILSVRC2012_val_00010741.JPEG,0,0.0000,0
/home/student/Downloads/imagenet_ai_0419_biggan/val/nature/ILSVRC2012_val_00010762.JPEG,0,0.0000,0
/home/student/Downloads/imagenet_ai_0419_biggan/val/nature/ILSVRC2012_val_00010775.JPEG,0,0.0000,0
/home/student/Downloads/imagenet_ai_0419_biggan/val/nature/ILSVRC2012_val_00010781.JPEG,0,0.0003,0
/home/student/Downloads/imagenet_ai_0419_biggan/val/nature/ILSVRC2012_val_00010782.JPEG,0,0.0018,0
/home/student/Downloads/imagenet_ai_0419_biggan/val/nature/ILSVRC2012_val_00010795.JPEG,0,0.0003,0
/home/student/Downloads/imagenet_ai_0419_biggan/val/nature/ILSVRC2012_val_00010817.JPEG,0,0.0115,0
/home/student/Downloads/imagenet_ai_0419_biggan/val/nature/ILSVRC2012_val_00010832.JPEG,0,0.0025,0
/home/student/Downloads/imagenet_ai_0419_biggan/val/nature/ILSVRC2012_val_00010839.JPEG,0,0.0000,0
/home/student/Downloads/imagenet_ai_0419_biggan/val/nature/ILSVRC2012_val_00010850.JPEG,0,0.0000,0
/home/student/Downloads/imagenet_ai_0419_biggan/val/nature/ILSVRC2012_val_00010858.JPEG,0,0.0045,0
/home/student/Downloads/imagenet_ai_0419_biggan/val/nature/ILSVRC2012_val_00010867.JPEG,0,0.0000,0
/home/student/Downloads/imagenet_ai_0419_biggan/val/nature/ILSVRC2012_val_00010889.JPEG,0,0.0001,0
/home/student/Downloads/imagenet_ai_0419_biggan/val/nature/ILSVRC2012_val_00010890.JPEG,0,0.0000,0
/home/student/Downloads/imagenet_ai_0419_biggan/val/nature/ILSVRC2012_val_00010894.JPEG,0,0.0008,0
/home/student/Downloads/imagenet_ai_0419_biggan/val/nature/ILSVRC2012_val_00010900.JPEG,0,0.0009,0
/home/student/Downloads/imagenet_ai_0419_biggan/val/nature/ILSVRC2012_val_00010904.JPEG,0,0.0002,0
/home/student/Downloads/imagenet_ai_0419_biggan/val/nature/ILSVRC2012_val_00010932.JPEG,0,0.0001,0
/home/student/Downloads/imagenet_ai_0419_biggan/val/nature/ILSVRC2012_val_00010941.JPEG,0,0.0000,0
/home/student/Downloads/imagenet_ai_0419_biggan/val/nature/ILSVRC2012_val_00010950.JPEG,0,0.0002,0
/home/student/Downloads/imagenet_ai_0419_biggan/val/nature/ILSVRC2012_val_00010956.JPEG,0,0.0000,0
/home/student/Downloads/imagenet_ai_0419_biggan/val/nature/ILSVRC2012_val_00010967.JPEG,0,0.0000,0
/home/student/Downloads/imagenet_ai_0419_biggan/val/nature/ILSVRC2012_val_00010971.JPEG,0,0.4390,0
/home/student/Downloads/imagenet_ai_0419_biggan/val/nature/ILSVRC2012_val_00010972.JPEG,0,0.0004,0
/home/student/Downloads/imagenet_ai_0419_biggan/val/nature/ILSVRC2012_val_00010977.JPEG,0,0.0001,0
/home/student/Downloads/imagenet_ai_0419_biggan/val/nature/ILSVRC2012_val_00010983.JPEG,0,0.0000,0
/home/student/Downloads/imagenet_ai_0419_biggan/val/nature/ILSVRC2012_val_00010986.JPEG,0,0.0001,0
/home/student/Downloads/imagenet_ai_0419_biggan/val/nature/ILSVRC2012_val_00010996.JPEG,0,0.0009,0
/home/student/Downloads/imagenet_ai_0419_biggan/val/nature/ILSVRC2012_val_00011012.JPEG,0,0.0101,0
/home/student/Downloads/imagenet_ai_0419_biggan/val/nature/ILSVRC2012_val_00011013.JPEG,0,0.0001,0
/home/student/Downloads/imagenet_ai_0419_biggan/val/nature/ILSVRC2012_val_00011026.JPEG,0,0.0958,0
/home/student/Downloads/imagenet_ai_0419_biggan/val/nature/ILSVRC2012_val_00011028.JPEG,0,0.0047,0
/home/student/Downloads/imagenet_ai_0419_biggan/val/nature/ILSVRC2012_val_00011043.JPEG,0,0.0000,0
/home/student/Downloads/imagenet_ai_0419_biggan/val/nature/ILSVRC2012_val_00011047.JPEG,0,0.0000,0
/home/student/Downloads/imagenet_ai_0419_biggan/val/nature/ILSVRC2012_val_00011063.JPEG,0,0.0000,0
/home/student/Downloads/imagenet_ai_0419_biggan/val/nature/ILSVRC2012_val_00011076.JPEG,0,0.0000,0
/home/student/Downloads/imagenet_ai_0419_biggan/val/nature/ILSVRC2012_val_00011082.JPEG,0,0.0000,0
/home/student/Downloads/imagenet_ai_0419_biggan/val/nature/ILSVRC2012_val_00011086.JPEG,0,0.0000,0
/home/student/Downloads/imagenet_ai_0419_biggan/val/nature/ILSVRC2012_val_00011101.JPEG,0,0.0012,0
/home/student/Downloads/imagenet_ai_0419_biggan/val/nature/ILSVRC2012_val_00011104.JPEG,0,0.0000,0
/home/student/Downloads/imagenet_ai_0419_biggan/val/nature/ILSVRC2012_val_00011117.JPEG,0,0.0000,0
/home/student/Downloads/imagenet_ai_0419_biggan/val/nature/ILSVRC2012_val_00011128.JPEG,0,0.0000,0
/home/student/Downloads/imagenet_ai_0419_biggan/val/nature/ILSVRC2012_val_00011130.JPEG,0,0.0535,0
/home/student/Downloads/imagenet_ai_0419_biggan/val/nature/ILSVRC2012_val_00011152.JPEG,0,0.0003,0
/home/student/Downloads/imagenet_ai_0419_biggan/val/nature/ILSVRC2012_val_00011160.JPEG,0,0.0007,0
/home/student/Downloads/imagenet_ai_0419_biggan/val/nature/ILSVRC2012_val_00011162.JPEG,0,0.0046,0
/home/student/Downloads/imagenet_ai_0419_biggan/val/nature/ILSVRC2012_val_00011163.JPEG,0,0.0000,0
/home/student/Downloads/imagenet_ai_0419_biggan/val/nature/ILSVRC2012_val_00011176.JPEG,0,0.0000,0
/home/student/Downloads/imagenet_ai_0419_biggan/val/nature/ILSVRC2012_val_00011199.JPEG,0,0.0001,0
/home/student/Downloads/imagenet_ai_0419_biggan/val/nature/ILSVRC2012_val_00011200.JPEG,0,0.0044,0
/home/student/Downloads/imagenet_ai_0419_biggan/val/nature/ILSVRC2012_val_00011215.JPEG,0,0.0000,0
/home/student/Downloads/imagenet_ai_0419_biggan/val/nature/ILSVRC2012_val_00011216.JPEG,0,0.0001,0
/home/student/Downloads/imagenet_ai_0419_biggan/val/nature/ILSVRC2012_val_00011217.JPEG,0,0.0001,0
/home/student/Downloads/imagenet_ai_0419_biggan/val/nature/ILSVRC2012_val_00011229.JPEG,0,0.0000,0
/home/student/Downloads/imagenet_ai_0419_biggan/val/nature/ILSVRC2012_val_00011243.JPEG,0,0.0002,0
/home/student/Downloads/imagenet_ai_0419_biggan/val/nature/ILSVRC2012_val_00011246.JPEG,0,0.9235,1
/home/student/Downloads/imagenet_ai_0419_biggan/val/nature/ILSVRC2012_val_00011265.JPEG,0,0.0925,0
/home/student/Downloads/imagenet_ai_0419_biggan/val/nature/ILSVRC2012_val_00011267.JPEG,0,0.0008,0
/home/student/Downloads/imagenet_ai_0419_biggan/val/nature/ILSVRC2012_val_00011272.JPEG,0,0.0001,0
/home/student/Downloads/imagenet_ai_0419_biggan/val/nature/ILSVRC2012_val_00011281.JPEG,0,0.0000,0
/home/student/Downloads/imagenet_ai_0419_biggan/val/nature/ILSVRC2012_val_00011295.JPEG,0,0.0001,0
/home/student/Downloads/imagenet_ai_0419_biggan/val/nature/ILSVRC2012_val_00011321.JPEG,0,0.0001,0
/home/student/Downloads/imagenet_ai_0419_biggan/val/nature/ILSVRC2012_val_00011326.JPEG,0,0.0001,0
/home/student/Downloads/imagenet_ai_0419_biggan/val/nature/ILSVRC2012_val_00011340.JPEG,0,0.0000,0
/home/student/Downloads/imagenet_ai_0419_biggan/val/nature/ILSVRC2012_val_00011345.JPEG,0,0.0001,0
/home/student/Downloads/imagenet_ai_0419_biggan/val/nature/ILSVRC2012_val_00011354.JPEG,0,0.0000,0
/home/student/Downloads/imagenet_ai_0419_biggan/val/nature/ILSVRC2012_val_00011355.JPEG,0,0.0008,0
/home/student/Downloads/imagenet_ai_0419_biggan/val/nature/ILSVRC2012_val_00011359.JPEG,0,0.0001,0
/home/student/Downloads/imagenet_ai_0419_biggan/val/nature/ILSVRC2012_val_00011362.JPEG,0,0.0076,0
/home/student/Downloads/imagenet_ai_0419_biggan/val/nature/ILSVRC2012_val_00011374.JPEG,0,0.0066,0
/home/student/Downloads/imagenet_ai_0419_biggan/val/nature/ILSVRC2012_val_00011380.JPEG,0,0.0024,0
/home/student/Downloads/imagenet_ai_0419_biggan/val/nature/ILSVRC2012_val_00011385.JPEG,0,0.0000,0
/home/student/Downloads/imagenet_ai_0419_biggan/val/nature/ILSVRC2012_val_00011392.JPEG,0,0.0004,0
/home/student/Downloads/imagenet_ai_0419_biggan/val/nature/ILSVRC2012_val_00011394.JPEG,0,0.0000,0
/home/student/Downloads/imagenet_ai_0419_biggan/val/nature/ILSVRC2012_val_00011396.JPEG,0,0.0021,0
/home/student/Downloads/imagenet_ai_0419_biggan/val/nature/ILSVRC2012_val_00011397.JPEG,0,0.0001,0
/home/student/Downloads/imagenet_ai_0419_biggan/val/nature/ILSVRC2012_val_00011406.JPEG,0,0.0870,0
/home/student/Downloads/imagenet_ai_0419_biggan/val/nature/ILSVRC2012_val_00011409.JPEG,0,0.0000,0
/home/student/Downloads/imagenet_ai_0419_biggan/val/nature/ILSVRC2012_val_00011424.JPEG,0,0.1029,0
/home/student/Downloads/imagenet_ai_0419_biggan/val/nature/ILSVRC2012_val_00011431.JPEG,0,0.0000,0
/home/student/Downloads/imagenet_ai_0419_biggan/val/nature/ILSVRC2012_val_00011435.JPEG,0,0.0060,0
/home/student/Downloads/imagenet_ai_0419_biggan/val/nature/ILSVRC2012_val_00011447.JPEG,0,0.0006,0
/home/student/Downloads/imagenet_ai_0419_biggan/val/nature/ILSVRC2012_val_00011473.JPEG,0,0.0855,0
/home/student/Downloads/imagenet_ai_0419_biggan/val/nature/ILSVRC2012_val_00011483.JPEG,0,0.0001,0
/home/student/Downloads/imagenet_ai_0419_biggan/val/nature/ILSVRC2012_val_00011497.JPEG,0,0.0000,0
/home/student/Downloads/imagenet_ai_0419_biggan/val/nature/ILSVRC2012_val_00011499.JPEG,0,0.0000,0
/home/student/Downloads/imagenet_ai_0419_biggan/val/nature/ILSVRC2012_val_00011500.JPEG,0,0.0000,0
/home/student/Downloads/imagenet_ai_0419_biggan/val/nature/ILSVRC2012_val_00011516.JPEG,0,0.0051,0
/home/student/Downloads/imagenet_ai_0419_biggan/val/nature/ILSVRC2012_val_00011517.JPEG,0,0.0000,0
/home/student/Downloads/imagenet_ai_0419_biggan/val/nature/ILSVRC2012_val_00011530.JPEG,0,0.0011,0
/home/student/Downloads/imagenet_ai_0419_biggan/val/nature/ILSVRC2012_val_00011535.JPEG,0,0.0007,0
/home/student/Downloads/imagenet_ai_0419_biggan/val/nature/ILSVRC2012_val_00011546.JPEG,0,0.0003,0
/home/student/Downloads/imagenet_ai_0419_biggan/val/nature/ILSVRC2012_val_00011552.JPEG,0,0.0002,0
/home/student/Downloads/imagenet_ai_0419_biggan/val/nature/ILSVRC2012_val_00011555.JPEG,0,0.0006,0
/home/student/Downloads/imagenet_ai_0419_biggan/val/nature/ILSVRC2012_val_00011578.JPEG,0,0.5371,1
/home/student/Downloads/imagenet_ai_0419_biggan/val/nature/ILSVRC2012_val_00011580.JPEG,0,0.0003,0
/home/student/Downloads/imagenet_ai_0419_biggan/val/nature/ILSVRC2012_val_00011584.JPEG,0,0.0090,0
/home/student/Downloads/imagenet_ai_0419_biggan/val/nature/ILSVRC2012_val_00011585.JPEG,0,0.0000,0
/home/student/Downloads/imagenet_ai_0419_biggan/val/nature/ILSVRC2012_val_00011599.JPEG,0,0.0001,0
/home/student/Downloads/imagenet_ai_0419_biggan/val/nature/ILSVRC2012_val_00011621.JPEG,0,0.0000,0
/home/student/Downloads/imagenet_ai_0419_biggan/val/nature/ILSVRC2012_val_00011623.JPEG,0,0.0005,0
/home/student/Downloads/imagenet_ai_0419_biggan/val/nature/ILSVRC2012_val_00011642.JPEG,0,0.0002,0
/home/student/Downloads/imagenet_ai_0419_biggan/val/nature/ILSVRC2012_val_00011653.JPEG,0,0.0030,0
/home/student/Downloads/imagenet_ai_0419_biggan/val/nature/ILSVRC2012_val_00011660.JPEG,0,0.1111,0
/home/student/Downloads/imagenet_ai_0419_biggan/val/nature/ILSVRC2012_val_00011670.JPEG,0,0.0000,0
/home/student/Downloads/imagenet_ai_0419_biggan/val/nature/ILSVRC2012_val_00011672.JPEG,0,0.0000,0
/home/student/Downloads/imagenet_ai_0419_biggan/val/nature/ILSVRC2012_val_00011680.JPEG,0,0.0000,0
/home/student/Downloads/imagenet_ai_0419_biggan/val/nature/ILSVRC2012_val_00011690.JPEG,0,0.0003,0
/home/student/Downloads/imagenet_ai_0419_biggan/val/nature/ILSVRC2012_val_00011698.JPEG,0,0.0000,0
/home/student/Downloads/imagenet_ai_0419_biggan/val/nature/ILSVRC2012_val_00011702.JPEG,0,0.0000,0
/home/student/Downloads/imagenet_ai_0419_biggan/val/nature/ILSVRC2012_val_00011715.JPEG,0,0.0000,0
/home/student/Downloads/imagenet_ai_0419_biggan/val/nature/ILSVRC2012_val_00011729.JPEG,0,0.0005,0
/home/student/Downloads/imagenet_ai_0419_biggan/val/nature/ILSVRC2012_val_00011753.JPEG,0,0.0004,0
/home/student/Downloads/imagenet_ai_0419_biggan/val/nature/ILSVRC2012_val_00011759.JPEG,0,0.0173,0
/home/student/Downloads/imagenet_ai_0419_biggan/val/nature/ILSVRC2012_val_00011777.JPEG,0,0.0903,0
/home/student/Downloads/imagenet_ai_0419_biggan/val/nature/ILSVRC2012_val_00011787.JPEG,0,0.0001,0
/home/student/Downloads/imagenet_ai_0419_biggan/val/nature/ILSVRC2012_val_00011789.JPEG,0,0.0031,0
/home/student/Downloads/imagenet_ai_0419_biggan/val/nature/ILSVRC2012_val_00011804.JPEG,0,0.0000,0
/home/student/Downloads/imagenet_ai_0419_biggan/val/nature/ILSVRC2012_val_00011805.JPEG,0,0.0000,0
/home/student/Downloads/imagenet_ai_0419_biggan/val/nature/ILSVRC2012_val_00011807.JPEG,0,0.0000,0
/home/student/Downloads/imagenet_ai_0419_biggan/val/nature/ILSVRC2012_val_00011808.JPEG,0,0.0004,0
/home/student/Downloads/imagenet_ai_0419_biggan/val/nature/ILSVRC2012_val_00011810.JPEG,0,0.0000,0
/home/student/Downloads/imagenet_ai_0419_biggan/val/nature/ILSVRC2012_val_00011813.JPEG,0,0.0000,0
/home/student/Downloads/imagenet_ai_0419_biggan/val/nature/ILSVRC2012_val_00011820.JPEG,0,0.0055,0
/home/student/Downloads/imagenet_ai_0419_biggan/val/nature/ILSVRC2012_val_00011821.JPEG,0,0.0000,0
/home/student/Downloads/imagenet_ai_0419_biggan/val/nature/ILSVRC2012_val_00011823.JPEG,0,0.0000,0
/home/student/Downloads/imagenet_ai_0419_biggan/val/nature/ILSVRC2012_val_00011829.JPEG,0,0.0027,0
/home/student/Downloads/imagenet_ai_0419_biggan/val/nature/ILSVRC2012_val_00011849.JPEG,0,0.0002,0
/home/student/Downloads/imagenet_ai_0419_biggan/val/nature/ILSVRC2012_val_00011862.JPEG,0,0.0001,0
/home/student/Downloads/imagenet_ai_0419_biggan/val/nature/ILSVRC2012_val_00011870.JPEG,0,0.0000,0
/home/student/Downloads/imagenet_ai_0419_biggan/val/nature/ILSVRC2012_val_00011872.JPEG,0,0.0000,0
/home/student/Downloads/imagenet_ai_0419_biggan/val/nature/ILSVRC2012_val_00011873.JPEG,0,0.0000,0
/home/student/Downloads/imagenet_ai_0419_biggan/val/nature/ILSVRC2012_val_00011875.JPEG,0,0.0000,0
/home/student/Downloads/imagenet_ai_0419_biggan/val/nature/ILSVRC2012_val_00011876.JPEG,0,0.0001,0
/home/student/Downloads/imagenet_ai_0419_biggan/val/nature/ILSVRC2012_val_00011880.JPEG,0,0.0000,0
/home/student/Downloads/imagenet_ai_0419_biggan/val/nature/ILSVRC2012_val_00011885.JPEG,0,0.0001,0
/home/student/Downloads/imagenet_ai_0419_biggan/val/nature/ILSVRC2012_val_00011924.JPEG,0,0.0004,0
/home/student/Downloads/imagenet_ai_0419_biggan/val/nature/ILSVRC2012_val_00011930.JPEG,0,0.0022,0
/home/student/Downloads/imagenet_ai_0419_biggan/val/nature/ILSVRC2012_val_00011940.JPEG,0,0.0001,0
/home/student/Downloads/imagenet_ai_0419_biggan/val/nature/ILSVRC2012_val_00011949.JPEG,0,0.0003,0
/home/student/Downloads/imagenet_ai_0419_biggan/val/nature/ILSVRC2012_val_00011952.JPEG,0,0.0000,0
/home/student/Downloads/imagenet_ai_0419_biggan/val/nature/ILSVRC2012_val_00011953.JPEG,0,0.0001,0
/home/student/Downloads/imagenet_ai_0419_biggan/val/nature/ILSVRC2012_val_00011957.JPEG,0,0.0000,0
/home/student/Downloads/imagenet_ai_0419_biggan/val/nature/ILSVRC2012_val_00011967.JPEG,0,0.2958,0
/home/student/Downloads/imagenet_ai_0419_biggan/val/nature/ILSVRC2012_val_00011981.JPEG,0,0.0000,0
/home/student/Downloads/imagenet_ai_0419_biggan/val/nature/ILSVRC2012_val_00011984.JPEG,0,0.0868,0
/home/student/Downloads/imagenet_ai_0419_biggan/val/nature/ILSVRC2012_val_00011999.JPEG,0,0.0002,0
/home/student/Downloads/imagenet_ai_0419_biggan/val/nature/ILSVRC2012_val_00012009.JPEG,0,0.0002,0
/home/student/Downloads/imagenet_ai_0419_biggan/val/nature/ILSVRC2012_val_00012017.JPEG,0,0.0009,0
/home/student/Downloads/imagenet_ai_0419_biggan/val/nature/ILSVRC2012_val_00012026.JPEG,0,0.0000,0
/home/student/Downloads/imagenet_ai_0419_biggan/val/nature/ILSVRC2012_val_00012030.JPEG,0,0.0000,0
/home/student/Downloads/imagenet_ai_0419_biggan/val/nature/ILSVRC2012_val_00012032.JPEG,0,0.0373,0
/home/student/Downloads/imagenet_ai_0419_biggan/val/nature/ILSVRC2012_val_00012051.JPEG,0,0.0011,0
/home/student/Downloads/imagenet_ai_0419_biggan/val/nature/ILSVRC2012_val_00012057.JPEG,0,0.0001,0
/home/student/Downloads/imagenet_ai_0419_biggan/val/nature/ILSVRC2012_val_00012061.JPEG,0,0.0010,0
/home/student/Downloads/imagenet_ai_0419_biggan/val/nature/ILSVRC2012_val_00012082.JPEG,0,0.0000,0
/home/student/Downloads/imagenet_ai_0419_biggan/val/nature/ILSVRC2012_val_00012092.JPEG,0,0.0000,0
/home/student/Downloads/imagenet_ai_0419_biggan/val/nature/ILSVRC2012_val_00012095.JPEG,0,0.0000,0
/home/student/Downloads/imagenet_ai_0419_biggan/val/nature/ILSVRC2012_val_00012096.JPEG,0,0.0000,0
/home/student/Downloads/imagenet_ai_0419_biggan/val/nature/ILSVRC2012_val_00012097.JPEG,0,0.0001,0
/home/student/Downloads/imagenet_ai_0419_biggan/val/nature/ILSVRC2012_val_00012105.JPEG,0,0.0073,0
/home/student/Downloads/imagenet_ai_0419_biggan/val/nature/ILSVRC2012_val_00012106.JPEG,0,0.0250,0
/home/student/Downloads/imagenet_ai_0419_biggan/val/nature/ILSVRC2012_val_00012112.JPEG,0,0.0000,0
/home/student/Downloads/imagenet_ai_0419_biggan/val/nature/ILSVRC2012_val_00012127.JPEG,0,0.0000,0
/home/student/Downloads/imagenet_ai_0419_biggan/val/nature/ILSVRC2012_val_00012134.JPEG,0,0.0001,0
/home/student/Downloads/imagenet_ai_0419_biggan/val/nature/ILSVRC2012_val_00012139.JPEG,0,0.0170,0
/home/student/Downloads/imagenet_ai_0419_biggan/val/nature/ILSVRC2012_val_00012141.JPEG,0,0.0000,0
/home/student/Downloads/imagenet_ai_0419_biggan/val/nature/ILSVRC2012_val_00012146.JPEG,0,0.0000,0
/home/student/Downloads/imagenet_ai_0419_biggan/val/nature/ILSVRC2012_val_00012152.JPEG,0,0.0045,0
/home/student/Downloads/imagenet_ai_0419_biggan/val/nature/ILSVRC2012_val_00012153.JPEG,0,0.0001,0
/home/student/Downloads/imagenet_ai_0419_biggan/val/nature/ILSVRC2012_val_00012163.JPEG,0,0.0000,0
/home/student/Downloads/imagenet_ai_0419_biggan/val/nature/ILSVRC2012_val_00012167.JPEG,0,0.0000,0
/home/student/Downloads/imagenet_ai_0419_biggan/val/nature/ILSVRC2012_val_00012170.JPEG,0,0.0008,0
/home/student/Downloads/imagenet_ai_0419_biggan/val/nature/ILSVRC2012_val_00012179.JPEG,0,0.0001,0
/home/student/Downloads/imagenet_ai_0419_biggan/val/nature/ILSVRC2012_val_00012222.JPEG,0,0.0013,0
/home/student/Downloads/imagenet_ai_0419_biggan/val/nature/ILSVRC2012_val_00012228.JPEG,0,0.0005,0
/home/student/Downloads/imagenet_ai_0419_biggan/val/nature/ILSVRC2012_val_00012237.JPEG,0,0.0001,0
/home/student/Downloads/imagenet_ai_0419_biggan/val/nature/ILSVRC2012_val_00012248.JPEG,0,0.0014,0
/home/student/Downloads/imagenet_ai_0419_biggan/val/nature/ILSVRC2012_val_00012259.JPEG,0,0.2792,0
/home/student/Downloads/imagenet_ai_0419_biggan/val/nature/ILSVRC2012_val_00012260.JPEG,0,0.0000,0
/home/student/Downloads/imagenet_ai_0419_biggan/val/nature/ILSVRC2012_val_00012266.JPEG,0,0.0001,0
/home/student/Downloads/imagenet_ai_0419_biggan/val/nature/ILSVRC2012_val_00012268.JPEG,0,0.0000,0
/home/student/Downloads/imagenet_ai_0419_biggan/val/nature/ILSVRC2012_val_00012281.JPEG,0,0.0006,0
/home/student/Downloads/imagenet_ai_0419_biggan/val/nature/ILSVRC2012_val_00012289.JPEG,0,0.0002,0
/home/student/Downloads/imagenet_ai_0419_biggan/val/nature/ILSVRC2012_val_00012294.JPEG,0,0.0000,0
/home/student/Downloads/imagenet_ai_0419_biggan/val/nature/ILSVRC2012_val_00012299.JPEG,0,0.0003,0
/home/student/Downloads/imagenet_ai_0419_biggan/val/nature/ILSVRC2012_val_00012303.JPEG,0,0.0011,0
/home/student/Downloads/imagenet_ai_0419_biggan/val/nature/ILSVRC2012_val_00012309.JPEG,0,0.0001,0
/home/student/Downloads/imagenet_ai_0419_biggan/val/nature/ILSVRC2012_val_00012315.JPEG,0,0.0037,0
/home/student/Downloads/imagenet_ai_0419_biggan/val/nature/ILSVRC2012_val_00012317.JPEG,0,0.0000,0
/home/student/Downloads/imagenet_ai_0419_biggan/val/nature/ILSVRC2012_val_00012326.JPEG,0,0.0000,0
/home/student/Downloads/imagenet_ai_0419_biggan/val/nature/ILSVRC2012_val_00012330.JPEG,0,0.0000,0
/home/student/Downloads/imagenet_ai_0419_biggan/val/nature/ILSVRC2012_val_00012342.JPEG,0,0.0000,0
/home/student/Downloads/imagenet_ai_0419_biggan/val/nature/ILSVRC2012_val_00012347.JPEG,0,0.0000,0
/home/student/Downloads/imagenet_ai_0419_biggan/val/nature/ILSVRC2012_val_00012350.JPEG,0,0.0000,0
/home/student/Downloads/imagenet_ai_0419_biggan/val/nature/ILSVRC2012_val_00012355.JPEG,0,0.0003,0
/home/student/Downloads/imagenet_ai_0419_biggan/val/nature/ILSVRC2012_val_00012375.JPEG,0,0.0002,0
/home/student/Downloads/imagenet_ai_0419_biggan/val/nature/ILSVRC2012_val_00012383.JPEG,0,0.0011,0
/home/student/Downloads/imagenet_ai_0419_biggan/val/nature/ILSVRC2012_val_00012390.JPEG,0,0.0000,0
/home/student/Downloads/imagenet_ai_0419_biggan/val/nature/ILSVRC2012_val_00012394.JPEG,0,0.0000,0
/home/student/Downloads/imagenet_ai_0419_biggan/val/nature/ILSVRC2012_val_00012396.JPEG,0,0.0009,0
/home/student/Downloads/imagenet_ai_0419_biggan/val/nature/ILSVRC2012_val_00012400.JPEG,0,0.1321,0
/home/student/Downloads/imagenet_ai_0419_biggan/val/nature/ILSVRC2012_val_00012411.JPEG,0,0.0001,0
/home/student/Downloads/imagenet_ai_0419_biggan/val/nature/ILSVRC2012_val_00012412.JPEG,0,0.0001,0
/home/student/Downloads/imagenet_ai_0419_biggan/val/nature/ILSVRC2012_val_00012439.JPEG,0,0.0002,0
/home/student/Downloads/imagenet_ai_0419_biggan/val/nature/ILSVRC2012_val_00012440.JPEG,0,0.1692,0
/home/student/Downloads/imagenet_ai_0419_biggan/val/nature/ILSVRC2012_val_00012442.JPEG,0,0.0000,0
/home/student/Downloads/imagenet_ai_0419_biggan/val/nature/ILSVRC2012_val_00012446.JPEG,0,0.0001,0
/home/student/Downloads/imagenet_ai_0419_biggan/val/nature/ILSVRC2012_val_00012448.JPEG,0,0.0002,0
/home/student/Downloads/imagenet_ai_0419_biggan/val/nature/ILSVRC2012_val_00012456.JPEG,0,0.0009,0
/home/student/Downloads/imagenet_ai_0419_biggan/val/nature/ILSVRC2012_val_00012467.JPEG,0,0.0021,0
/home/student/Downloads/imagenet_ai_0419_biggan/val/nature/ILSVRC2012_val_00012474.JPEG,0,0.0007,0
/home/student/Downloads/imagenet_ai_0419_biggan/val/nature/ILSVRC2012_val_00012476.JPEG,0,0.0002,0
/home/student/Downloads/imagenet_ai_0419_biggan/val/nature/ILSVRC2012_val_00012480.JPEG,0,0.0002,0
/home/student/Downloads/imagenet_ai_0419_biggan/val/nature/ILSVRC2012_val_00012487.JPEG,0,0.0000,0
/home/student/Downloads/imagenet_ai_0419_biggan/val/nature/ILSVRC2012_val_00012492.JPEG,0,0.0096,0
/home/student/Downloads/imagenet_ai_0419_biggan/val/nature/ILSVRC2012_val_00012499.JPEG,0,0.0000,0
/home/student/Downloads/imagenet_ai_0419_biggan/val/nature/ILSVRC2012_val_00012507.JPEG,0,0.0000,0
/home/student/Downloads/imagenet_ai_0419_biggan/val/nature/ILSVRC2012_val_00012509.JPEG,0,0.0000,0
/home/student/Downloads/imagenet_ai_0419_biggan/val/nature/ILSVRC2012_val_00012511.JPEG,0,0.0002,0
/home/student/Downloads/imagenet_ai_0419_biggan/val/nature/ILSVRC2012_val_00012517.JPEG,0,0.0000,0
/home/student/Downloads/imagenet_ai_0419_biggan/val/nature/ILSVRC2012_val_00012524.JPEG,0,0.0000,0
/home/student/Downloads/imagenet_ai_0419_biggan/val/nature/ILSVRC2012_val_00012529.JPEG,0,0.0001,0
/home/student/Downloads/imagenet_ai_0419_biggan/val/nature/ILSVRC2012_val_00012553.JPEG,0,0.0000,0
/home/student/Downloads/imagenet_ai_0419_biggan/val/nature/ILSVRC2012_val_00012557.JPEG,0,0.0125,0
/home/student/Downloads/imagenet_ai_0419_biggan/val/nature/ILSVRC2012_val_00012560.JPEG,0,0.0000,0
/home/student/Downloads/imagenet_ai_0419_biggan/val/nature/ILSVRC2012_val_00012561.JPEG,0,0.0000,0
/home/student/Downloads/imagenet_ai_0419_biggan/val/nature/ILSVRC2012_val_00012563.JPEG,0,0.0001,0
/home/student/Downloads/imagenet_ai_0419_biggan/val/nature/ILSVRC2012_val_00012564.JPEG,0,0.0264,0
/home/student/Downloads/imagenet_ai_0419_biggan/val/nature/ILSVRC2012_val_00012577.JPEG,0,0.0001,0
/home/student/Downloads/imagenet_ai_0419_biggan/val/nature/ILSVRC2012_val_00012613.JPEG,0,0.0000,0
/home/student/Downloads/imagenet_ai_0419_biggan/val/nature/ILSVRC2012_val_00012614.JPEG,0,0.0000,0
/home/student/Downloads/imagenet_ai_0419_biggan/val/nature/ILSVRC2012_val_00012631.JPEG,0,0.0001,0
/home/student/Downloads/imagenet_ai_0419_biggan/val/nature/ILSVRC2012_val_00012636.JPEG,0,0.0004,0
/home/student/Downloads/imagenet_ai_0419_biggan/val/nature/ILSVRC2012_val_00012662.JPEG,0,0.0010,0
/home/student/Downloads/imagenet_ai_0419_biggan/val/nature/ILSVRC2012_val_00012664.JPEG,0,0.0000,0
/home/student/Downloads/imagenet_ai_0419_biggan/val/nature/ILSVRC2012_val_00012667.JPEG,0,0.0000,0
/home/student/Downloads/imagenet_ai_0419_biggan/val/nature/ILSVRC2012_val_00012675.JPEG,0,0.0000,0
/home/student/Downloads/imagenet_ai_0419_biggan/val/nature/ILSVRC2012_val_00012690.JPEG,0,0.0000,0
/home/student/Downloads/imagenet_ai_0419_biggan/val/nature/ILSVRC2012_val_00012691.JPEG,0,0.0000,0
/home/student/Downloads/imagenet_ai_0419_biggan/val/nature/ILSVRC2012_val_00012697.JPEG,0,0.1029,0
/home/student/Downloads/imagenet_ai_0419_biggan/val/nature/ILSVRC2012_val_00012707.JPEG,0,0.0003,0
/home/student/Downloads/imagenet_ai_0419_biggan/val/nature/ILSVRC2012_val_00012709.JPEG,0,0.0002,0
/home/student/Downloads/imagenet_ai_0419_biggan/val/nature/ILSVRC2012_val_00012710.JPEG,0,0.0000,0
/home/student/Downloads/imagenet_ai_0419_biggan/val/nature/ILSVRC2012_val_00012731.JPEG,0,0.0000,0
/home/student/Downloads/imagenet_ai_0419_biggan/val/nature/ILSVRC2012_val_00012739.JPEG,0,0.0000,0
/home/student/Downloads/imagenet_ai_0419_biggan/val/nature/ILSVRC2012_val_00012742.JPEG,0,0.0000,0
/home/student/Downloads/imagenet_ai_0419_biggan/val/nature/ILSVRC2012_val_00012769.JPEG,0,0.0000,0
/home/student/Downloads/imagenet_ai_0419_biggan/val/nature/ILSVRC2012_val_00012783.JPEG,0,0.0000,0
/home/student/Downloads/imagenet_ai_0419_biggan/val/nature/ILSVRC2012_val_00012797.JPEG,0,0.0026,0
/home/student/Downloads/imagenet_ai_0419_biggan/val/nature/ILSVRC2012_val_00012801.JPEG,0,0.0002,0
/home/student/Downloads/imagenet_ai_0419_biggan/val/nature/ILSVRC2012_val_00012806.JPEG,0,0.0000,0
/home/student/Downloads/imagenet_ai_0419_biggan/val/nature/ILSVRC2012_val_00012811.JPEG,0,0.0000,0
/home/student/Downloads/imagenet_ai_0419_biggan/val/nature/ILSVRC2012_val_00012812.JPEG,0,0.0000,0
/home/student/Downloads/imagenet_ai_0419_biggan/val/nature/ILSVRC2012_val_00012820.JPEG,0,0.0018,0
/home/student/Downloads/imagenet_ai_0419_biggan/val/nature/ILSVRC2012_val_00012847.JPEG,0,0.0000,0
/home/student/Downloads/imagenet_ai_0419_biggan/val/nature/ILSVRC2012_val_00012850.JPEG,0,0.0006,0
/home/student/Downloads/imagenet_ai_0419_biggan/val/nature/ILSVRC2012_val_00012851.JPEG,0,0.0012,0
/home/student/Downloads/imagenet_ai_0419_biggan/val/nature/ILSVRC2012_val_00012852.JPEG,0,0.0035,0
/home/student/Downloads/imagenet_ai_0419_biggan/val/nature/ILSVRC2012_val_00012856.JPEG,0,0.0000,0
/home/student/Downloads/imagenet_ai_0419_biggan/val/nature/ILSVRC2012_val_00012871.JPEG,0,0.0003,0
/home/student/Downloads/imagenet_ai_0419_biggan/val/nature/ILSVRC2012_val_00012887.JPEG,0,0.0644,0
/home/student/Downloads/imagenet_ai_0419_biggan/val/nature/ILSVRC2012_val_00012900.JPEG,0,0.0001,0
/home/student/Downloads/imagenet_ai_0419_biggan/val/nature/ILSVRC2012_val_00012917.JPEG,0,0.0000,0
/home/student/Downloads/imagenet_ai_0419_biggan/val/nature/ILSVRC2012_val_00012923.JPEG,0,0.0001,0
/home/student/Downloads/imagenet_ai_0419_biggan/val/nature/ILSVRC2012_val_00012931.JPEG,0,0.0000,0
/home/student/Downloads/imagenet_ai_0419_biggan/val/nature/ILSVRC2012_val_00012938.JPEG,0,0.0000,0
/home/student/Downloads/imagenet_ai_0419_biggan/val/nature/ILSVRC2012_val_00012946.JPEG,0,0.0019,0
/home/student/Downloads/imagenet_ai_0419_biggan/val/nature/ILSVRC2012_val_00012947.JPEG,0,0.0001,0
/home/student/Downloads/imagenet_ai_0419_biggan/val/nature/ILSVRC2012_val_00012956.JPEG,0,0.0083,0
/home/student/Downloads/imagenet_ai_0419_biggan/val/nature/ILSVRC2012_val_00012957.JPEG,0,0.0001,0
/home/student/Downloads/imagenet_ai_0419_biggan/val/nature/ILSVRC2012_val_00012958.JPEG,0,0.0000,0
/home/student/Downloads/imagenet_ai_0419_biggan/val/nature/ILSVRC2012_val_00012962.JPEG,0,0.0037,0
/home/student/Downloads/imagenet_ai_0419_biggan/val/nature/ILSVRC2012_val_00012976.JPEG,0,0.0003,0
/home/student/Downloads/imagenet_ai_0419_biggan/val/nature/ILSVRC2012_val_00012979.JPEG,0,0.0000,0
/home/student/Downloads/imagenet_ai_0419_biggan/val/nature/ILSVRC2012_val_00012987.JPEG,0,0.0000,0
/home/student/Downloads/imagenet_ai_0419_biggan/val/nature/ILSVRC2012_val_00012997.JPEG,0,0.0000,0
/home/student/Downloads/imagenet_ai_0419_biggan/val/nature/ILSVRC2012_val_00013005.JPEG,0,0.0001,0
/home/student/Downloads/imagenet_ai_0419_biggan/val/nature/ILSVRC2012_val_00013021.JPEG,0,0.0003,0
/home/student/Downloads/imagenet_ai_0419_biggan/val/nature/ILSVRC2012_val_00013023.JPEG,0,0.0000,0
/home/student/Downloads/imagenet_ai_0419_biggan/val/nature/ILSVRC2012_val_00013037.JPEG,0,0.0000,0
/home/student/Downloads/imagenet_ai_0419_biggan/val/nature/ILSVRC2012_val_00013051.JPEG,0,0.0000,0
/home/student/Downloads/imagenet_ai_0419_biggan/val/nature/ILSVRC2012_val_00013077.JPEG,0,0.0068,0
/home/student/Downloads/imagenet_ai_0419_biggan/val/nature/ILSVRC2012_val_00013078.JPEG,0,0.0001,0
/home/student/Downloads/imagenet_ai_0419_biggan/val/nature/ILSVRC2012_val_00013086.JPEG,0,0.0161,0
/home/student/Downloads/imagenet_ai_0419_biggan/val/nature/ILSVRC2012_val_00013088.JPEG,0,0.0001,0
/home/student/Downloads/imagenet_ai_0419_biggan/val/nature/ILSVRC2012_val_00013120.JPEG,0,0.0000,0
/home/student/Downloads/imagenet_ai_0419_biggan/val/nature/ILSVRC2012_val_00013124.JPEG,0,0.0048,0
/home/student/Downloads/imagenet_ai_0419_biggan/val/nature/ILSVRC2012_val_00013127.JPEG,0,0.0000,0
/home/student/Downloads/imagenet_ai_0419_biggan/val/nature/ILSVRC2012_val_00013129.JPEG,0,0.0018,0
/home/student/Downloads/imagenet_ai_0419_biggan/val/nature/ILSVRC2012_val_00013145.JPEG,0,0.0000,0
/home/student/Downloads/imagenet_ai_0419_biggan/val/nature/ILSVRC2012_val_00013149.JPEG,0,0.0000,0
/home/student/Downloads/imagenet_ai_0419_biggan/val/nature/ILSVRC2012_val_00013150.JPEG,0,0.0000,0
/home/student/Downloads/imagenet_ai_0419_biggan/val/nature/ILSVRC2012_val_00013164.JPEG,0,0.0303,0
/home/student/Downloads/imagenet_ai_0419_biggan/val/nature/ILSVRC2012_val_00013179.JPEG,0,0.0001,0
/home/student/Downloads/imagenet_ai_0419_biggan/val/nature/ILSVRC2012_val_00013185.JPEG,0,0.0000,0
/home/student/Downloads/imagenet_ai_0419_biggan/val/nature/ILSVRC2012_val_00013187.JPEG,0,0.0012,0
/home/student/Downloads/imagenet_ai_0419_biggan/val/nature/ILSVRC2012_val_00013188.JPEG,0,0.0003,0
/home/student/Downloads/imagenet_ai_0419_biggan/val/nature/ILSVRC2012_val_00013201.JPEG,0,0.0000,0
/home/student/Downloads/imagenet_ai_0419_biggan/val/nature/ILSVRC2012_val_00013204.JPEG,0,0.0282,0
/home/student/Downloads/imagenet_ai_0419_biggan/val/nature/ILSVRC2012_val_00013208.JPEG,0,0.0002,0
/home/student/Downloads/imagenet_ai_0419_biggan/val/nature/ILSVRC2012_val_00013216.JPEG,0,0.0002,0
/home/student/Downloads/imagenet_ai_0419_biggan/val/nature/ILSVRC2012_val_00013217.JPEG,0,0.0002,0
/home/student/Downloads/imagenet_ai_0419_biggan/val/nature/ILSVRC2012_val_00013218.JPEG,0,0.0000,0
/home/student/Downloads/imagenet_ai_0419_biggan/val/nature/ILSVRC2012_val_00013238.JPEG,0,0.0132,0
/home/student/Downloads/imagenet_ai_0419_biggan/val/nature/ILSVRC2012_val_00013240.JPEG,0,0.0000,0
/home/student/Downloads/imagenet_ai_0419_biggan/val/nature/ILSVRC2012_val_00013243.JPEG,0,0.0000,0
/home/student/Downloads/imagenet_ai_0419_biggan/val/nature/ILSVRC2012_val_00013264.JPEG,0,0.0001,0
/home/student/Downloads/imagenet_ai_0419_biggan/val/nature/ILSVRC2012_val_00013273.JPEG,0,0.0002,0
/home/student/Downloads/imagenet_ai_0419_biggan/val/nature/ILSVRC2012_val_00013288.JPEG,0,0.0115,0
/home/student/Downloads/imagenet_ai_0419_biggan/val/nature/ILSVRC2012_val_00013293.JPEG,0,0.0001,0
/home/student/Downloads/imagenet_ai_0419_biggan/val/nature/ILSVRC2012_val_00013304.JPEG,0,0.0000,0
/home/student/Downloads/imagenet_ai_0419_biggan/val/nature/ILSVRC2012_val_00013312.JPEG,0,0.0001,0
/home/student/Downloads/imagenet_ai_0419_biggan/val/nature/ILSVRC2012_val_00013314.JPEG,0,0.0029,0
/home/student/Downloads/imagenet_ai_0419_biggan/val/nature/ILSVRC2012_val_00013316.JPEG,0,0.0007,0
/home/student/Downloads/imagenet_ai_0419_biggan/val/nature/ILSVRC2012_val_00013317.JPEG,0,0.0002,0
/home/student/Downloads/imagenet_ai_0419_biggan/val/nature/ILSVRC2012_val_00013319.JPEG,0,0.0000,0
/home/student/Downloads/imagenet_ai_0419_biggan/val/nature/ILSVRC2012_val_00013330.JPEG,0,0.0003,0
/home/student/Downloads/imagenet_ai_0419_biggan/val/nature/ILSVRC2012_val_00013334.JPEG,0,0.0052,0
/home/student/Downloads/imagenet_ai_0419_biggan/val/nature/ILSVRC2012_val_00013349.JPEG,0,0.0000,0
/home/student/Downloads/imagenet_ai_0419_biggan/val/nature/ILSVRC2012_val_00013363.JPEG,0,0.0001,0
/home/student/Downloads/imagenet_ai_0419_biggan/val/nature/ILSVRC2012_val_00013388.JPEG,0,0.0000,0
/home/student/Downloads/imagenet_ai_0419_biggan/val/nature/ILSVRC2012_val_00013390.JPEG,0,0.0000,0
/home/student/Downloads/imagenet_ai_0419_biggan/val/nature/ILSVRC2012_val_00013393.JPEG,0,0.0000,0
/home/student/Downloads/imagenet_ai_0419_biggan/val/nature/ILSVRC2012_val_00013398.JPEG,0,0.0019,0
/home/student/Downloads/imagenet_ai_0419_biggan/val/nature/ILSVRC2012_val_00013402.JPEG,0,0.0002,0
/home/student/Downloads/imagenet_ai_0419_biggan/val/nature/ILSVRC2012_val_00013420.JPEG,0,0.0001,0
/home/student/Downloads/imagenet_ai_0419_biggan/val/nature/ILSVRC2012_val_00013426.JPEG,0,0.0000,0
/home/student/Downloads/imagenet_ai_0419_biggan/val/nature/ILSVRC2012_val_00013445.JPEG,0,0.0000,0
/home/student/Downloads/imagenet_ai_0419_biggan/val/nature/ILSVRC2012_val_00013465.JPEG,0,0.0000,0
/home/student/Downloads/imagenet_ai_0419_biggan/val/nature/ILSVRC2012_val_00013466.JPEG,0,0.0000,0
/home/student/Downloads/imagenet_ai_0419_biggan/val/nature/ILSVRC2012_val_00013477.JPEG,0,0.0000,0
/home/student/Downloads/imagenet_ai_0419_biggan/val/nature/ILSVRC2012_val_00013484.JPEG,0,0.0001,0
/home/student/Downloads/imagenet_ai_0419_biggan/val/nature/ILSVRC2012_val_00013487.JPEG,0,0.0000,0
/home/student/Downloads/imagenet_ai_0419_biggan/val/nature/ILSVRC2012_val_00013543.JPEG,0,0.0000,0
/home/student/Downloads/imagenet_ai_0419_biggan/val/nature/ILSVRC2012_val_00013548.JPEG,0,0.0000,0
/home/student/Downloads/imagenet_ai_0419_biggan/val/nature/ILSVRC2012_val_00013555.JPEG,0,0.0000,0
/home/student/Downloads/imagenet_ai_0419_biggan/val/nature/ILSVRC2012_val_00013581.JPEG,0,0.0000,0
/home/student/Downloads/imagenet_ai_0419_biggan/val/nature/ILSVRC2012_val_00013584.JPEG,0,0.0040,0
/home/student/Downloads/imagenet_ai_0419_biggan/val/nature/ILSVRC2012_val_00013586.JPEG,0,0.0001,0
/home/student/Downloads/imagenet_ai_0419_biggan/val/nature/ILSVRC2012_val_00013595.JPEG,0,0.0001,0
/home/student/Downloads/imagenet_ai_0419_biggan/val/nature/ILSVRC2012_val_00013599.JPEG,0,0.0006,0
/home/student/Downloads/imagenet_ai_0419_biggan/val/nature/ILSVRC2012_val_00013602.JPEG,0,0.0000,0
/home/student/Downloads/imagenet_ai_0419_biggan/val/nature/ILSVRC2012_val_00013616.JPEG,0,0.0002,0
/home/student/Downloads/imagenet_ai_0419_biggan/val/nature/ILSVRC2012_val_00013626.JPEG,0,0.0000,0
/home/student/Downloads/imagenet_ai_0419_biggan/val/nature/ILSVRC2012_val_00013631.JPEG,0,0.0006,0
/home/student/Downloads/imagenet_ai_0419_biggan/val/nature/ILSVRC2012_val_00013643.JPEG,0,0.4467,0
/home/student/Downloads/imagenet_ai_0419_biggan/val/nature/ILSVRC2012_val_00013653.JPEG,0,0.0000,0
/home/student/Downloads/imagenet_ai_0419_biggan/val/nature/ILSVRC2012_val_00013654.JPEG,0,0.0000,0
/home/student/Downloads/imagenet_ai_0419_biggan/val/nature/ILSVRC2012_val_00013664.JPEG,0,0.0010,0
/home/student/Downloads/imagenet_ai_0419_biggan/val/nature/ILSVRC2012_val_00013666.JPEG,0,0.0000,0
/home/student/Downloads/imagenet_ai_0419_biggan/val/nature/ILSVRC2012_val_00013667.JPEG,0,0.0009,0
/home/student/Downloads/imagenet_ai_0419_biggan/val/nature/ILSVRC2012_val_00013698.JPEG,0,0.0040,0
/home/student/Downloads/imagenet_ai_0419_biggan/val/nature/ILSVRC2012_val_00013707.JPEG,0,0.0000,0
/home/student/Downloads/imagenet_ai_0419_biggan/val/nature/ILSVRC2012_val_00013714.JPEG,0,0.0001,0
/home/student/Downloads/imagenet_ai_0419_biggan/val/nature/ILSVRC2012_val_00013716.JPEG,0,0.0001,0
/home/student/Downloads/imagenet_ai_0419_biggan/val/nature/ILSVRC2012_val_00013735.JPEG,0,0.0000,0
/home/student/Downloads/imagenet_ai_0419_biggan/val/nature/ILSVRC2012_val_00013748.JPEG,0,0.0000,0
/home/student/Downloads/imagenet_ai_0419_biggan/val/nature/ILSVRC2012_val_00013752.JPEG,0,0.0003,0
/home/student/Downloads/imagenet_ai_0419_biggan/val/nature/ILSVRC2012_val_00013770.JPEG,0,0.0010,0
/home/student/Downloads/imagenet_ai_0419_biggan/val/nature/ILSVRC2012_val_00013774.JPEG,0,0.0007,0
/home/student/Downloads/imagenet_ai_0419_biggan/val/nature/ILSVRC2012_val_00013778.JPEG,0,0.0014,0
/home/student/Downloads/imagenet_ai_0419_biggan/val/nature/ILSVRC2012_val_00013793.JPEG,0,0.0000,0
/home/student/Downloads/imagenet_ai_0419_biggan/val/nature/ILSVRC2012_val_00013798.JPEG,0,0.0002,0
/home/student/Downloads/imagenet_ai_0419_biggan/val/nature/ILSVRC2012_val_00013821.JPEG,0,0.0000,0
/home/student/Downloads/imagenet_ai_0419_biggan/val/nature/ILSVRC2012_val_00013827.JPEG,0,0.0000,0
/home/student/Downloads/imagenet_ai_0419_biggan/val/nature/ILSVRC2012_val_00013830.JPEG,0,0.0009,0
/home/student/Downloads/imagenet_ai_0419_biggan/val/nature/ILSVRC2012_val_00013850.JPEG,0,0.0004,0
/home/student/Downloads/imagenet_ai_0419_biggan/val/nature/ILSVRC2012_val_00013855.JPEG,0,0.0000,0
/home/student/Downloads/imagenet_ai_0419_biggan/val/nature/ILSVRC2012_val_00013866.JPEG,0,0.0000,0
/home/student/Downloads/imagenet_ai_0419_biggan/val/nature/ILSVRC2012_val_00013879.JPEG,0,0.0001,0
/home/student/Downloads/imagenet_ai_0419_biggan/val/nature/ILSVRC2012_val_00013882.JPEG,0,0.0000,0
/home/student/Downloads/imagenet_ai_0419_biggan/val/nature/ILSVRC2012_val_00013891.JPEG,0,0.0000,0
/home/student/Downloads/imagenet_ai_0419_biggan/val/nature/ILSVRC2012_val_00013909.JPEG,0,0.0000,0
/home/student/Downloads/imagenet_ai_0419_biggan/val/nature/ILSVRC2012_val_00013910.JPEG,0,0.0000,0
/home/student/Downloads/imagenet_ai_0419_biggan/val/nature/ILSVRC2012_val_00013921.JPEG,0,0.9721,1
/home/student/Downloads/imagenet_ai_0419_biggan/val/nature/ILSVRC2012_val_00013926.JPEG,0,0.0000,0
/home/student/Downloads/imagenet_ai_0419_biggan/val/nature/ILSVRC2012_val_00013945.JPEG,0,0.0002,0
/home/student/Downloads/imagenet_ai_0419_biggan/val/nature/ILSVRC2012_val_00013950.JPEG,0,0.0000,0
/home/student/Downloads/imagenet_ai_0419_biggan/val/nature/ILSVRC2012_val_00013954.JPEG,0,0.0433,0
/home/student/Downloads/imagenet_ai_0419_biggan/val/nature/ILSVRC2012_val_00013968.JPEG,0,0.0000,0
/home/student/Downloads/imagenet_ai_0419_biggan/val/nature/ILSVRC2012_val_00013976.JPEG,0,0.0000,0
/home/student/Downloads/imagenet_ai_0419_biggan/val/nature/ILSVRC2012_val_00013981.JPEG,0,0.0000,0
/home/student/Downloads/imagenet_ai_0419_biggan/val/nature/ILSVRC2012_val_00013985.JPEG,0,0.0000,0
/home/student/Downloads/imagenet_ai_0419_biggan/val/nature/ILSVRC2012_val_00013997.JPEG,0,0.0001,0
/home/student/Downloads/imagenet_ai_0419_biggan/val/nature/ILSVRC2012_val_00013999.JPEG,0,0.0002,0
/home/student/Downloads/imagenet_ai_0419_biggan/val/nature/ILSVRC2012_val_00014000.JPEG,0,0.0000,0
/home/student/Downloads/imagenet_ai_0419_biggan/val/nature/ILSVRC2012_val_00014010.JPEG,0,0.0000,0
/home/student/Downloads/imagenet_ai_0419_biggan/val/nature/ILSVRC2012_val_00014012.JPEG,0,0.0001,0
/home/student/Downloads/imagenet_ai_0419_biggan/val/nature/ILSVRC2012_val_00014016.JPEG,0,0.0000,0
/home/student/Downloads/imagenet_ai_0419_biggan/val/nature/ILSVRC2012_val_00014026.JPEG,0,0.0004,0
/home/student/Downloads/imagenet_ai_0419_biggan/val/nature/ILSVRC2012_val_00014034.JPEG,0,0.0000,0
/home/student/Downloads/imagenet_ai_0419_biggan/val/nature/ILSVRC2012_val_00014043.JPEG,0,0.0000,0
/home/student/Downloads/imagenet_ai_0419_biggan/val/nature/ILSVRC2012_val_00014052.JPEG,0,0.0000,0
/home/student/Downloads/imagenet_ai_0419_biggan/val/nature/ILSVRC2012_val_00014067.JPEG,0,0.0000,0
/home/student/Downloads/imagenet_ai_0419_biggan/val/nature/ILSVRC2012_val_00014074.JPEG,0,0.0001,0
/home/student/Downloads/imagenet_ai_0419_biggan/val/nature/ILSVRC2012_val_00014075.JPEG,0,0.4508,0
/home/student/Downloads/imagenet_ai_0419_biggan/val/nature/ILSVRC2012_val_00014079.JPEG,0,0.0017,0
/home/student/Downloads/imagenet_ai_0419_biggan/val/nature/ILSVRC2012_val_00014113.JPEG,0,0.0126,0
/home/student/Downloads/imagenet_ai_0419_biggan/val/nature/ILSVRC2012_val_00014124.JPEG,0,0.0000,0
/home/student/Downloads/imagenet_ai_0419_biggan/val/nature/ILSVRC2012_val_00014142.JPEG,0,0.0001,0
/home/student/Downloads/imagenet_ai_0419_biggan/val/nature/ILSVRC2012_val_00014153.JPEG,0,0.0000,0
/home/student/Downloads/imagenet_ai_0419_biggan/val/nature/ILSVRC2012_val_00014174.JPEG,0,0.0000,0
/home/student/Downloads/imagenet_ai_0419_biggan/val/nature/ILSVRC2012_val_00014185.JPEG,0,0.0040,0
/home/student/Downloads/imagenet_ai_0419_biggan/val/nature/ILSVRC2012_val_00014191.JPEG,0,0.0001,0
/home/student/Downloads/imagenet_ai_0419_biggan/val/nature/ILSVRC2012_val_00014192.JPEG,0,0.0000,0
/home/student/Downloads/imagenet_ai_0419_biggan/val/nature/ILSVRC2012_val_00014202.JPEG,0,0.0074,0
/home/student/Downloads/imagenet_ai_0419_biggan/val/nature/ILSVRC2012_val_00014203.JPEG,0,0.0002,0
/home/student/Downloads/imagenet_ai_0419_biggan/val/nature/ILSVRC2012_val_00014212.JPEG,0,0.0000,0
/home/student/Downloads/imagenet_ai_0419_biggan/val/nature/ILSVRC2012_val_00014214.JPEG,0,0.0091,0
/home/student/Downloads/imagenet_ai_0419_biggan/val/nature/ILSVRC2012_val_00014221.JPEG,0,0.0000,0
/home/student/Downloads/imagenet_ai_0419_biggan/val/nature/ILSVRC2012_val_00014223.JPEG,0,0.0002,0
/home/student/Downloads/imagenet_ai_0419_biggan/val/nature/ILSVRC2012_val_00014229.JPEG,0,0.0013,0
/home/student/Downloads/imagenet_ai_0419_biggan/val/nature/ILSVRC2012_val_00014230.JPEG,0,0.5430,1
/home/student/Downloads/imagenet_ai_0419_biggan/val/nature/ILSVRC2012_val_00014243.JPEG,0,0.0000,0
/home/student/Downloads/imagenet_ai_0419_biggan/val/nature/ILSVRC2012_val_00014278.JPEG,0,0.0000,0
/home/student/Downloads/imagenet_ai_0419_biggan/val/nature/ILSVRC2012_val_00014295.JPEG,0,0.0000,0
/home/student/Downloads/imagenet_ai_0419_biggan/val/nature/ILSVRC2012_val_00014308.JPEG,0,0.1140,0
/home/student/Downloads/imagenet_ai_0419_biggan/val/nature/ILSVRC2012_val_00014313.JPEG,0,0.0000,0
/home/student/Downloads/imagenet_ai_0419_biggan/val/nature/ILSVRC2012_val_00014329.JPEG,0,0.0002,0
/home/student/Downloads/imagenet_ai_0419_biggan/val/nature/ILSVRC2012_val_00014335.JPEG,0,0.0001,0
/home/student/Downloads/imagenet_ai_0419_biggan/val/nature/ILSVRC2012_val_00014341.JPEG,0,0.0007,0
/home/student/Downloads/imagenet_ai_0419_biggan/val/nature/ILSVRC2012_val_00014345.JPEG,0,0.0000,0
/home/student/Downloads/imagenet_ai_0419_biggan/val/nature/ILSVRC2012_val_00014357.JPEG,0,0.0601,0
/home/student/Downloads/imagenet_ai_0419_biggan/val/nature/ILSVRC2012_val_00014365.JPEG,0,0.0002,0
/home/student/Downloads/imagenet_ai_0419_biggan/val/nature/ILSVRC2012_val_00014392.JPEG,0,0.0000,0
/home/student/Downloads/imagenet_ai_0419_biggan/val/nature/ILSVRC2012_val_00014406.JPEG,0,0.0000,0
/home/student/Downloads/imagenet_ai_0419_biggan/val/nature/ILSVRC2012_val_00014414.JPEG,0,0.0001,0
/home/student/Downloads/imagenet_ai_0419_biggan/val/nature/ILSVRC2012_val_00014419.JPEG,0,0.0001,0
/home/student/Downloads/imagenet_ai_0419_biggan/val/nature/ILSVRC2012_val_00014437.JPEG,0,0.0000,0
/home/student/Downloads/imagenet_ai_0419_biggan/val/nature/ILSVRC2012_val_00014442.JPEG,0,0.0147,0
/home/student/Downloads/imagenet_ai_0419_biggan/val/nature/ILSVRC2012_val_00014447.JPEG,0,0.0001,0
/home/student/Downloads/imagenet_ai_0419_biggan/val/nature/ILSVRC2012_val_00014477.JPEG,0,0.0000,0
/home/student/Downloads/imagenet_ai_0419_biggan/val/nature/ILSVRC2012_val_00014488.JPEG,0,0.0002,0
/home/student/Downloads/imagenet_ai_0419_biggan/val/nature/ILSVRC2012_val_00014497.JPEG,0,0.0000,0
/home/student/Downloads/imagenet_ai_0419_biggan/val/nature/ILSVRC2012_val_00014513.JPEG,0,0.0000,0
/home/student/Downloads/imagenet_ai_0419_biggan/val/nature/ILSVRC2012_val_00014518.JPEG,0,0.0016,0
/home/student/Downloads/imagenet_ai_0419_biggan/val/nature/ILSVRC2012_val_00014522.JPEG,0,0.0001,0
/home/student/Downloads/imagenet_ai_0419_biggan/val/nature/ILSVRC2012_val_00014534.JPEG,0,0.0000,0
/home/student/Downloads/imagenet_ai_0419_biggan/val/nature/ILSVRC2012_val_00014537.JPEG,0,0.0000,0
/home/student/Downloads/imagenet_ai_0419_biggan/val/nature/ILSVRC2012_val_00014539.JPEG,0,0.0003,0
/home/student/Downloads/imagenet_ai_0419_biggan/val/nature/ILSVRC2012_val_00014541.JPEG,0,0.0011,0
/home/student/Downloads/imagenet_ai_0419_biggan/val/nature/ILSVRC2012_val_00014542.JPEG,0,0.0000,0
/home/student/Downloads/imagenet_ai_0419_biggan/val/nature/ILSVRC2012_val_00014587.JPEG,0,0.0000,0
/home/student/Downloads/imagenet_ai_0419_biggan/val/nature/ILSVRC2012_val_00014599.JPEG,0,0.0181,0
/home/student/Downloads/imagenet_ai_0419_biggan/val/nature/ILSVRC2012_val_00014602.JPEG,0,0.0001,0
/home/student/Downloads/imagenet_ai_0419_biggan/val/nature/ILSVRC2012_val_00014634.JPEG,0,0.0012,0
/home/student/Downloads/imagenet_ai_0419_biggan/val/nature/ILSVRC2012_val_00014636.JPEG,0,0.0001,0
/home/student/Downloads/imagenet_ai_0419_biggan/val/nature/ILSVRC2012_val_00014642.JPEG,0,0.0000,0
/home/student/Downloads/imagenet_ai_0419_biggan/val/nature/ILSVRC2012_val_00014643.JPEG,0,0.0000,0
/home/student/Downloads/imagenet_ai_0419_biggan/val/nature/ILSVRC2012_val_00014647.JPEG,0,0.0002,0
/home/student/Downloads/imagenet_ai_0419_biggan/val/nature/ILSVRC2012_val_00014656.JPEG,0,0.0000,0
/home/student/Downloads/imagenet_ai_0419_biggan/val/nature/ILSVRC2012_val_00014657.JPEG,0,0.0020,0
/home/student/Downloads/imagenet_ai_0419_biggan/val/nature/ILSVRC2012_val_00014670.JPEG,0,0.0002,0
/home/student/Downloads/imagenet_ai_0419_biggan/val/nature/ILSVRC2012_val_00014680.JPEG,0,0.0003,0
/home/student/Downloads/imagenet_ai_0419_biggan/val/nature/ILSVRC2012_val_00014722.JPEG,0,0.0688,0
/home/student/Downloads/imagenet_ai_0419_biggan/val/nature/ILSVRC2012_val_00014729.JPEG,0,0.0000,0
/home/student/Downloads/imagenet_ai_0419_biggan/val/nature/ILSVRC2012_val_00014731.JPEG,0,0.0000,0
/home/student/Downloads/imagenet_ai_0419_biggan/val/nature/ILSVRC2012_val_00014735.JPEG,0,0.0000,0
/home/student/Downloads/imagenet_ai_0419_biggan/val/nature/ILSVRC2012_val_00014738.JPEG,0,0.0000,0
/home/student/Downloads/imagenet_ai_0419_biggan/val/nature/ILSVRC2012_val_00014741.JPEG,0,0.0018,0
/home/student/Downloads/imagenet_ai_0419_biggan/val/nature/ILSVRC2012_val_00014744.JPEG,0,0.0000,0
/home/student/Downloads/imagenet_ai_0419_biggan/val/nature/ILSVRC2012_val_00014754.JPEG,0,0.0391,0
/home/student/Downloads/imagenet_ai_0419_biggan/val/nature/ILSVRC2012_val_00014760.JPEG,0,0.0000,0
/home/student/Downloads/imagenet_ai_0419_biggan/val/nature/ILSVRC2012_val_00014767.JPEG,0,0.0001,0
/home/student/Downloads/imagenet_ai_0419_biggan/val/nature/ILSVRC2012_val_00014775.JPEG,0,0.0000,0
/home/student/Downloads/imagenet_ai_0419_biggan/val/nature/ILSVRC2012_val_00014793.JPEG,0,0.0000,0
/home/student/Downloads/imagenet_ai_0419_biggan/val/nature/ILSVRC2012_val_00014809.JPEG,0,0.0000,0
/home/student/Downloads/imagenet_ai_0419_biggan/val/nature/ILSVRC2012_val_00014813.JPEG,0,0.0000,0
/home/student/Downloads/imagenet_ai_0419_biggan/val/nature/ILSVRC2012_val_00014818.JPEG,0,0.0000,0
/home/student/Downloads/imagenet_ai_0419_biggan/val/nature/ILSVRC2012_val_00014819.JPEG,0,0.0000,0
/home/student/Downloads/imagenet_ai_0419_biggan/val/nature/ILSVRC2012_val_00014820.JPEG,0,0.0000,0
/home/student/Downloads/imagenet_ai_0419_biggan/val/nature/ILSVRC2012_val_00014824.JPEG,0,0.0001,0
/home/student/Downloads/imagenet_ai_0419_biggan/val/nature/ILSVRC2012_val_00014826.JPEG,0,0.0000,0
/home/student/Downloads/imagenet_ai_0419_biggan/val/nature/ILSVRC2012_val_00014841.JPEG,0,0.0000,0
/home/student/Downloads/imagenet_ai_0419_biggan/val/nature/ILSVRC2012_val_00014844.JPEG,0,0.0007,0
/home/student/Downloads/imagenet_ai_0419_biggan/val/nature/ILSVRC2012_val_00014855.JPEG,0,0.0000,0
/home/student/Downloads/imagenet_ai_0419_biggan/val/nature/ILSVRC2012_val_00014860.JPEG,0,0.0000,0
/home/student/Downloads/imagenet_ai_0419_biggan/val/nature/ILSVRC2012_val_00014899.JPEG,0,0.0000,0
/home/student/Downloads/imagenet_ai_0419_biggan/val/nature/ILSVRC2012_val_00014900.JPEG,0,0.0000,0
/home/student/Downloads/imagenet_ai_0419_biggan/val/nature/ILSVRC2012_val_00014904.JPEG,0,0.0041,0
/home/student/Downloads/imagenet_ai_0419_biggan/val/nature/ILSVRC2012_val_00014907.JPEG,0,0.0009,0
/home/student/Downloads/imagenet_ai_0419_biggan/val/nature/ILSVRC2012_val_00014908.JPEG,0,0.0000,0
/home/student/Downloads/imagenet_ai_0419_biggan/val/nature/ILSVRC2012_val_00014933.JPEG,0,0.0000,0
/home/student/Downloads/imagenet_ai_0419_biggan/val/nature/ILSVRC2012_val_00014938.JPEG,0,0.0084,0
/home/student/Downloads/imagenet_ai_0419_biggan/val/nature/ILSVRC2012_val_00014965.JPEG,0,0.0000,0
/home/student/Downloads/imagenet_ai_0419_biggan/val/nature/ILSVRC2012_val_00014966.JPEG,0,0.0000,0
/home/student/Downloads/imagenet_ai_0419_biggan/val/nature/ILSVRC2012_val_00014972.JPEG,0,0.0000,0
/home/student/Downloads/imagenet_ai_0419_biggan/val/nature/ILSVRC2012_val_00014973.JPEG,0,0.0003,0
/home/student/Downloads/imagenet_ai_0419_biggan/val/nature/ILSVRC2012_val_00014980.JPEG,0,0.0001,0
/home/student/Downloads/imagenet_ai_0419_biggan/val/nature/ILSVRC2012_val_00014988.JPEG,0,0.0006,0
/home/student/Downloads/imagenet_ai_0419_biggan/val/nature/ILSVRC2012_val_00014991.JPEG,0,0.0000,0
/home/student/Downloads/imagenet_ai_0419_biggan/val/nature/ILSVRC2012_val_00014996.JPEG,0,0.0000,0
/home/student/Downloads/imagenet_ai_0419_biggan/val/nature/ILSVRC2012_val_00015002.JPEG,0,0.0000,0
/home/student/Downloads/imagenet_ai_0419_biggan/val/nature/ILSVRC2012_val_00015017.JPEG,0,0.0025,0
/home/student/Downloads/imagenet_ai_0419_biggan/val/nature/ILSVRC2012_val_00015023.JPEG,0,0.0427,0
/home/student/Downloads/imagenet_ai_0419_biggan/val/nature/ILSVRC2012_val_00015027.JPEG,0,0.0001,0
/home/student/Downloads/imagenet_ai_0419_biggan/val/nature/ILSVRC2012_val_00015039.JPEG,0,0.0014,0
/home/student/Downloads/imagenet_ai_0419_biggan/val/nature/ILSVRC2012_val_00015052.JPEG,0,0.0279,0
/home/student/Downloads/imagenet_ai_0419_biggan/val/nature/ILSVRC2012_val_00015054.JPEG,0,0.0000,0
/home/student/Downloads/imagenet_ai_0419_biggan/val/nature/ILSVRC2012_val_00015057.JPEG,0,0.0000,0
/home/student/Downloads/imagenet_ai_0419_biggan/val/nature/ILSVRC2012_val_00015066.JPEG,0,0.0000,0
/home/student/Downloads/imagenet_ai_0419_biggan/val/nature/ILSVRC2012_val_00015073.JPEG,0,0.0000,0
/home/student/Downloads/imagenet_ai_0419_biggan/val/nature/ILSVRC2012_val_00015096.JPEG,0,0.0000,0
/home/student/Downloads/imagenet_ai_0419_biggan/val/nature/ILSVRC2012_val_00015108.JPEG,0,0.0004,0
/home/student/Downloads/imagenet_ai_0419_biggan/val/nature/ILSVRC2012_val_00015128.JPEG,0,0.0000,0
/home/student/Downloads/imagenet_ai_0419_biggan/val/nature/ILSVRC2012_val_00015146.JPEG,0,0.0018,0
/home/student/Downloads/imagenet_ai_0419_biggan/val/nature/ILSVRC2012_val_00015157.JPEG,0,0.0000,0
/home/student/Downloads/imagenet_ai_0419_biggan/val/nature/ILSVRC2012_val_00015161.JPEG,0,0.0000,0
/home/student/Downloads/imagenet_ai_0419_biggan/val/nature/ILSVRC2012_val_00015164.JPEG,0,0.0027,0
/home/student/Downloads/imagenet_ai_0419_biggan/val/nature/ILSVRC2012_val_00015165.JPEG,0,0.0000,0
/home/student/Downloads/imagenet_ai_0419_biggan/val/nature/ILSVRC2012_val_00015181.JPEG,0,0.0000,0
/home/student/Downloads/imagenet_ai_0419_biggan/val/nature/ILSVRC2012_val_00015182.JPEG,0,0.0011,0
/home/student/Downloads/imagenet_ai_0419_biggan/val/nature/ILSVRC2012_val_00015186.JPEG,0,0.0001,0
/home/student/Downloads/imagenet_ai_0419_biggan/val/nature/ILSVRC2012_val_00015193.JPEG,0,0.0000,0
/home/student/Downloads/imagenet_ai_0419_biggan/val/nature/ILSVRC2012_val_00015196.JPEG,0,0.0000,0
/home/student/Downloads/imagenet_ai_0419_biggan/val/nature/ILSVRC2012_val_00015205.JPEG,0,0.0000,0
/home/student/Downloads/imagenet_ai_0419_biggan/val/nature/ILSVRC2012_val_00015206.JPEG,0,0.0000,0
/home/student/Downloads/imagenet_ai_0419_biggan/val/nature/ILSVRC2012_val_00015217.JPEG,0,0.0000,0
/home/student/Downloads/imagenet_ai_0419_biggan/val/nature/ILSVRC2012_val_00015218.JPEG,0,0.0000,0
/home/student/Downloads/imagenet_ai_0419_biggan/val/nature/ILSVRC2012_val_00015235.JPEG,0,0.0002,0
/home/student/Downloads/imagenet_ai_0419_biggan/val/nature/ILSVRC2012_val_00015237.JPEG,0,0.8645,1
/home/student/Downloads/imagenet_ai_0419_biggan/val/nature/ILSVRC2012_val_00015265.JPEG,0,0.0000,0
/home/student/Downloads/imagenet_ai_0419_biggan/val/nature/ILSVRC2012_val_00015273.JPEG,0,0.0000,0
/home/student/Downloads/imagenet_ai_0419_biggan/val/nature/ILSVRC2012_val_00015286.JPEG,0,0.0038,0
/home/student/Downloads/imagenet_ai_0419_biggan/val/nature/ILSVRC2012_val_00015287.JPEG,0,0.0024,0
/home/student/Downloads/imagenet_ai_0419_biggan/val/nature/ILSVRC2012_val_00015289.JPEG,0,0.0000,0
/home/student/Downloads/imagenet_ai_0419_biggan/val/nature/ILSVRC2012_val_00015323.JPEG,0,0.0000,0
/home/student/Downloads/imagenet_ai_0419_biggan/val/nature/ILSVRC2012_val_00015351.JPEG,0,0.0000,0
/home/student/Downloads/imagenet_ai_0419_biggan/val/nature/ILSVRC2012_val_00015353.JPEG,0,0.0000,0
/home/student/Downloads/imagenet_ai_0419_biggan/val/nature/ILSVRC2012_val_00015354.JPEG,0,0.0001,0
/home/student/Downloads/imagenet_ai_0419_biggan/val/nature/ILSVRC2012_val_00015366.JPEG,0,0.0001,0
/home/student/Downloads/imagenet_ai_0419_biggan/val/nature/ILSVRC2012_val_00015372.JPEG,0,0.0000,0
/home/student/Downloads/imagenet_ai_0419_biggan/val/nature/ILSVRC2012_val_00015384.JPEG,0,0.0000,0
/home/student/Downloads/imagenet_ai_0419_biggan/val/nature/ILSVRC2012_val_00015392.JPEG,0,0.0001,0
/home/student/Downloads/imagenet_ai_0419_biggan/val/nature/ILSVRC2012_val_00015394.JPEG,0,0.0000,0
/home/student/Downloads/imagenet_ai_0419_biggan/val/nature/ILSVRC2012_val_00015402.JPEG,0,0.0057,0
/home/student/Downloads/imagenet_ai_0419_biggan/val/nature/ILSVRC2012_val_00015406.JPEG,0,0.0000,0
/home/student/Downloads/imagenet_ai_0419_biggan/val/nature/ILSVRC2012_val_00015409.JPEG,0,0.0000,0
/home/student/Downloads/imagenet_ai_0419_biggan/val/nature/ILSVRC2012_val_00015411.JPEG,0,0.0001,0
/home/student/Downloads/imagenet_ai_0419_biggan/val/nature/ILSVRC2012_val_00015412.JPEG,0,0.0047,0
/home/student/Downloads/imagenet_ai_0419_biggan/val/nature/ILSVRC2012_val_00015423.JPEG,0,0.0090,0
/home/student/Downloads/imagenet_ai_0419_biggan/val/nature/ILSVRC2012_val_00015425.JPEG,0,0.0014,0
/home/student/Downloads/imagenet_ai_0419_biggan/val/nature/ILSVRC2012_val_00015446.JPEG,0,0.0000,0
/home/student/Downloads/imagenet_ai_0419_biggan/val/nature/ILSVRC2012_val_00015484.JPEG,0,0.0000,0
/home/student/Downloads/imagenet_ai_0419_biggan/val/nature/ILSVRC2012_val_00015503.JPEG,0,0.0001,0
/home/student/Downloads/imagenet_ai_0419_biggan/val/nature/ILSVRC2012_val_00015520.JPEG,0,0.0002,0
/home/student/Downloads/imagenet_ai_0419_biggan/val/nature/ILSVRC2012_val_00015521.JPEG,0,0.0000,0
/home/student/Downloads/imagenet_ai_0419_biggan/val/nature/ILSVRC2012_val_00015529.JPEG,0,0.0000,0
/home/student/Downloads/imagenet_ai_0419_biggan/val/nature/ILSVRC2012_val_00015552.JPEG,0,0.0000,0
/home/student/Downloads/imagenet_ai_0419_biggan/val/nature/ILSVRC2012_val_00015553.JPEG,0,0.0000,0
/home/student/Downloads/imagenet_ai_0419_biggan/val/nature/ILSVRC2012_val_00015558.JPEG,0,0.0000,0
/home/student/Downloads/imagenet_ai_0419_biggan/val/nature/ILSVRC2012_val_00015560.JPEG,0,0.0000,0
/home/student/Downloads/imagenet_ai_0419_biggan/val/nature/ILSVRC2012_val_00015581.JPEG,0,0.7028,1
/home/student/Downloads/imagenet_ai_0419_biggan/val/nature/ILSVRC2012_val_00015587.JPEG,0,0.0227,0
/home/student/Downloads/imagenet_ai_0419_biggan/val/nature/ILSVRC2012_val_00015590.JPEG,0,0.0000,0
/home/student/Downloads/imagenet_ai_0419_biggan/val/nature/ILSVRC2012_val_00015593.JPEG,0,0.0184,0
/home/student/Downloads/imagenet_ai_0419_biggan/val/nature/ILSVRC2012_val_00015599.JPEG,0,0.0000,0
/home/student/Downloads/imagenet_ai_0419_biggan/val/nature/ILSVRC2012_val_00015605.JPEG,0,0.0066,0
/home/student/Downloads/imagenet_ai_0419_biggan/val/nature/ILSVRC2012_val_00015610.JPEG,0,0.0000,0
/home/student/Downloads/imagenet_ai_0419_biggan/val/nature/ILSVRC2012_val_00015611.JPEG,0,0.0001,0
/home/student/Downloads/imagenet_ai_0419_biggan/val/nature/ILSVRC2012_val_00015616.JPEG,0,0.0000,0
/home/student/Downloads/imagenet_ai_0419_biggan/val/nature/ILSVRC2012_val_00015630.JPEG,0,0.0001,0
/home/student/Downloads/imagenet_ai_0419_biggan/val/nature/ILSVRC2012_val_00015631.JPEG,0,0.0006,0
/home/student/Downloads/imagenet_ai_0419_biggan/val/nature/ILSVRC2012_val_00015637.JPEG,0,0.0103,0
/home/student/Downloads/imagenet_ai_0419_biggan/val/nature/ILSVRC2012_val_00015641.JPEG,0,0.0026,0
/home/student/Downloads/imagenet_ai_0419_biggan/val/nature/ILSVRC2012_val_00015643.JPEG,0,0.0009,0
/home/student/Downloads/imagenet_ai_0419_biggan/val/nature/ILSVRC2012_val_00015661.JPEG,0,0.0024,0
/home/student/Downloads/imagenet_ai_0419_biggan/val/nature/ILSVRC2012_val_00015663.JPEG,0,0.0020,0
/home/student/Downloads/imagenet_ai_0419_biggan/val/nature/ILSVRC2012_val_00015671.JPEG,0,0.0003,0
/home/student/Downloads/imagenet_ai_0419_biggan/val/nature/ILSVRC2012_val_00015675.JPEG,0,0.0000,0
/home/student/Downloads/imagenet_ai_0419_biggan/val/nature/ILSVRC2012_val_00015679.JPEG,0,0.1075,0
/home/student/Downloads/imagenet_ai_0419_biggan/val/nature/ILSVRC2012_val_00015689.JPEG,0,0.0069,0
/home/student/Downloads/imagenet_ai_0419_biggan/val/nature/ILSVRC2012_val_00015702.JPEG,0,0.0037,0
/home/student/Downloads/imagenet_ai_0419_biggan/val/nature/ILSVRC2012_val_00015708.JPEG,0,0.0002,0
/home/student/Downloads/imagenet_ai_0419_biggan/val/nature/ILSVRC2012_val_00015713.JPEG,0,0.0003,0
/home/student/Downloads/imagenet_ai_0419_biggan/val/nature/ILSVRC2012_val_00015714.JPEG,0,0.0026,0
/home/student/Downloads/imagenet_ai_0419_biggan/val/nature/ILSVRC2012_val_00015720.JPEG,0,0.0000,0
/home/student/Downloads/imagenet_ai_0419_biggan/val/nature/ILSVRC2012_val_00015729.JPEG,0,0.0003,0
/home/student/Downloads/imagenet_ai_0419_biggan/val/nature/ILSVRC2012_val_00015737.JPEG,0,0.0001,0
/home/student/Downloads/imagenet_ai_0419_biggan/val/nature/ILSVRC2012_val_00015740.JPEG,0,0.0000,0
/home/student/Downloads/imagenet_ai_0419_biggan/val/nature/ILSVRC2012_val_00015744.JPEG,0,0.0014,0
/home/student/Downloads/imagenet_ai_0419_biggan/val/nature/ILSVRC2012_val_00015758.JPEG,0,0.0001,0
/home/student/Downloads/imagenet_ai_0419_biggan/val/nature/ILSVRC2012_val_00015760.JPEG,0,0.0008,0
/home/student/Downloads/imagenet_ai_0419_biggan/val/nature/ILSVRC2012_val_00015763.JPEG,0,0.0002,0
/home/student/Downloads/imagenet_ai_0419_biggan/val/nature/ILSVRC2012_val_00015764.JPEG,0,0.0001,0
/home/student/Downloads/imagenet_ai_0419_biggan/val/nature/ILSVRC2012_val_00015779.JPEG,0,0.0036,0
/home/student/Downloads/imagenet_ai_0419_biggan/val/nature/ILSVRC2012_val_00015784.JPEG,0,0.0000,0
/home/student/Downloads/imagenet_ai_0419_biggan/val/nature/ILSVRC2012_val_00015795.JPEG,0,0.0005,0
/home/student/Downloads/imagenet_ai_0419_biggan/val/nature/ILSVRC2012_val_00015808.JPEG,0,0.0001,0
/home/student/Downloads/imagenet_ai_0419_biggan/val/nature/ILSVRC2012_val_00015822.JPEG,0,0.0035,0
/home/student/Downloads/imagenet_ai_0419_biggan/val/nature/ILSVRC2012_val_00015827.JPEG,0,0.0000,0
/home/student/Downloads/imagenet_ai_0419_biggan/val/nature/ILSVRC2012_val_00015829.JPEG,0,0.0000,0
/home/student/Downloads/imagenet_ai_0419_biggan/val/nature/ILSVRC2012_val_00015832.JPEG,0,0.0000,0
/home/student/Downloads/imagenet_ai_0419_biggan/val/nature/ILSVRC2012_val_00015833.JPEG,0,0.0001,0
/home/student/Downloads/imagenet_ai_0419_biggan/val/nature/ILSVRC2012_val_00015836.JPEG,0,0.0000,0
/home/student/Downloads/imagenet_ai_0419_biggan/val/nature/ILSVRC2012_val_00015837.JPEG,0,0.0549,0
/home/student/Downloads/imagenet_ai_0419_biggan/val/nature/ILSVRC2012_val_00015844.JPEG,0,0.0000,0
/home/student/Downloads/imagenet_ai_0419_biggan/val/nature/ILSVRC2012_val_00015851.JPEG,0,0.0000,0
/home/student/Downloads/imagenet_ai_0419_biggan/val/nature/ILSVRC2012_val_00015856.JPEG,0,0.0002,0
/home/student/Downloads/imagenet_ai_0419_biggan/val/nature/ILSVRC2012_val_00015859.JPEG,0,0.0016,0
/home/student/Downloads/imagenet_ai_0419_biggan/val/nature/ILSVRC2012_val_00015881.JPEG,0,0.0518,0
/home/student/Downloads/imagenet_ai_0419_biggan/val/nature/ILSVRC2012_val_00015890.JPEG,0,0.0000,0
/home/student/Downloads/imagenet_ai_0419_biggan/val/nature/ILSVRC2012_val_00015906.JPEG,0,0.0001,0
/home/student/Downloads/imagenet_ai_0419_biggan/val/nature/ILSVRC2012_val_00015934.JPEG,0,0.0000,0
/home/student/Downloads/imagenet_ai_0419_biggan/val/nature/ILSVRC2012_val_00015935.JPEG,0,0.0000,0
/home/student/Downloads/imagenet_ai_0419_biggan/val/nature/ILSVRC2012_val_00015941.JPEG,0,0.0000,0
/home/student/Downloads/imagenet_ai_0419_biggan/val/nature/ILSVRC2012_val_00015948.JPEG,0,0.0000,0
/home/student/Downloads/imagenet_ai_0419_biggan/val/nature/ILSVRC2012_val_00015949.JPEG,0,0.0001,0
/home/student/Downloads/imagenet_ai_0419_biggan/val/nature/ILSVRC2012_val_00015950.JPEG,0,0.0004,0
/home/student/Downloads/imagenet_ai_0419_biggan/val/nature/ILSVRC2012_val_00015957.JPEG,0,0.0000,0
/home/student/Downloads/imagenet_ai_0419_biggan/val/nature/ILSVRC2012_val_00015966.JPEG,0,0.0000,0
/home/student/Downloads/imagenet_ai_0419_biggan/val/nature/ILSVRC2012_val_00015967.JPEG,0,0.0013,0
/home/student/Downloads/imagenet_ai_0419_biggan/val/nature/ILSVRC2012_val_00015975.JPEG,0,0.0002,0
/home/student/Downloads/imagenet_ai_0419_biggan/val/nature/ILSVRC2012_val_00015983.JPEG,0,0.0108,0
/home/student/Downloads/imagenet_ai_0419_biggan/val/nature/ILSVRC2012_val_00015995.JPEG,0,0.0001,0
/home/student/Downloads/imagenet_ai_0419_biggan/val/nature/ILSVRC2012_val_00015997.JPEG,0,0.0000,0
/home/student/Downloads/imagenet_ai_0419_biggan/val/nature/ILSVRC2012_val_00016009.JPEG,0,0.0000,0
/home/student/Downloads/imagenet_ai_0419_biggan/val/nature/ILSVRC2012_val_00016018.JPEG,0,0.0000,0
/home/student/Downloads/imagenet_ai_0419_biggan/val/nature/ILSVRC2012_val_00016030.JPEG,0,0.0003,0
/home/student/Downloads/imagenet_ai_0419_biggan/val/nature/ILSVRC2012_val_00016040.JPEG,0,0.0001,0
/home/student/Downloads/imagenet_ai_0419_biggan/val/nature/ILSVRC2012_val_00016043.JPEG,0,0.0000,0
/home/student/Downloads/imagenet_ai_0419_biggan/val/nature/ILSVRC2012_val_00016045.JPEG,0,0.0000,0
/home/student/Downloads/imagenet_ai_0419_biggan/val/nature/ILSVRC2012_val_00016052.JPEG,0,0.0000,0
/home/student/Downloads/imagenet_ai_0419_biggan/val/nature/ILSVRC2012_val_00016064.JPEG,0,0.0000,0
/home/student/Downloads/imagenet_ai_0419_biggan/val/nature/ILSVRC2012_val_00016065.JPEG,0,0.0036,0
/home/student/Downloads/imagenet_ai_0419_biggan/val/nature/ILSVRC2012_val_00016089.JPEG,0,0.0000,0
/home/student/Downloads/imagenet_ai_0419_biggan/val/nature/ILSVRC2012_val_00016093.JPEG,0,0.0007,0
/home/student/Downloads/imagenet_ai_0419_biggan/val/nature/ILSVRC2012_val_00016104.JPEG,0,0.0000,0
/home/student/Downloads/imagenet_ai_0419_biggan/val/nature/ILSVRC2012_val_00016111.JPEG,0,0.0000,0
/home/student/Downloads/imagenet_ai_0419_biggan/val/nature/ILSVRC2012_val_00016113.JPEG,0,0.0003,0
/home/student/Downloads/imagenet_ai_0419_biggan/val/nature/ILSVRC2012_val_00016115.JPEG,0,0.0000,0
/home/student/Downloads/imagenet_ai_0419_biggan/val/nature/ILSVRC2012_val_00016117.JPEG,0,0.0000,0
/home/student/Downloads/imagenet_ai_0419_biggan/val/nature/ILSVRC2012_val_00016118.JPEG,0,0.0000,0
/home/student/Downloads/imagenet_ai_0419_biggan/val/nature/ILSVRC2012_val_00016124.JPEG,0,0.0034,0
/home/student/Downloads/imagenet_ai_0419_biggan/val/nature/ILSVRC2012_val_00016125.JPEG,0,0.0000,0
/home/student/Downloads/imagenet_ai_0419_biggan/val/nature/ILSVRC2012_val_00016141.JPEG,0,0.0000,0
/home/student/Downloads/imagenet_ai_0419_biggan/val/nature/ILSVRC2012_val_00016142.JPEG,0,0.0027,0
/home/student/Downloads/imagenet_ai_0419_biggan/val/nature/ILSVRC2012_val_00016145.JPEG,0,0.0000,0
/home/student/Downloads/imagenet_ai_0419_biggan/val/nature/ILSVRC2012_val_00016151.JPEG,0,0.0009,0
/home/student/Downloads/imagenet_ai_0419_biggan/val/nature/ILSVRC2012_val_00016155.JPEG,0,0.0001,0
/home/student/Downloads/imagenet_ai_0419_biggan/val/nature/ILSVRC2012_val_00016165.JPEG,0,0.0000,0
/home/student/Downloads/imagenet_ai_0419_biggan/val/nature/ILSVRC2012_val_00016170.JPEG,0,0.0002,0
/home/student/Downloads/imagenet_ai_0419_biggan/val/nature/ILSVRC2012_val_00016173.JPEG,0,0.0000,0
/home/student/Downloads/imagenet_ai_0419_biggan/val/nature/ILSVRC2012_val_00016176.JPEG,0,0.0001,0
/home/student/Downloads/imagenet_ai_0419_biggan/val/nature/ILSVRC2012_val_00016179.JPEG,0,0.0000,0
/home/student/Downloads/imagenet_ai_0419_biggan/val/nature/ILSVRC2012_val_00016180.JPEG,0,0.0001,0
/home/student/Downloads/imagenet_ai_0419_biggan/val/nature/ILSVRC2012_val_00016192.JPEG,0,0.0000,0
/home/student/Downloads/imagenet_ai_0419_biggan/val/nature/ILSVRC2012_val_00016193.JPEG,0,0.0007,0
/home/student/Downloads/imagenet_ai_0419_biggan/val/nature/ILSVRC2012_val_00016195.JPEG,0,0.0000,0
/home/student/Downloads/imagenet_ai_0419_biggan/val/nature/ILSVRC2012_val_00016204.JPEG,0,0.0000,0
/home/student/Downloads/imagenet_ai_0419_biggan/val/nature/ILSVRC2012_val_00016209.JPEG,0,0.0002,0
/home/student/Downloads/imagenet_ai_0419_biggan/val/nature/ILSVRC2012_val_00016212.JPEG,0,0.0005,0
/home/student/Downloads/imagenet_ai_0419_biggan/val/nature/ILSVRC2012_val_00016213.JPEG,0,0.0000,0
/home/student/Downloads/imagenet_ai_0419_biggan/val/nature/ILSVRC2012_val_00016230.JPEG,0,0.0000,0
/home/student/Downloads/imagenet_ai_0419_biggan/val/nature/ILSVRC2012_val_00016240.JPEG,0,0.0005,0
/home/student/Downloads/imagenet_ai_0419_biggan/val/nature/ILSVRC2012_val_00016267.JPEG,0,0.0001,0
/home/student/Downloads/imagenet_ai_0419_biggan/val/nature/ILSVRC2012_val_00016285.JPEG,0,0.0001,0
/home/student/Downloads/imagenet_ai_0419_biggan/val/nature/ILSVRC2012_val_00016294.JPEG,0,0.0000,0
/home/student/Downloads/imagenet_ai_0419_biggan/val/nature/ILSVRC2012_val_00016308.JPEG,0,0.0000,0
/home/student/Downloads/imagenet_ai_0419_biggan/val/nature/ILSVRC2012_val_00016315.JPEG,0,0.0000,0
/home/student/Downloads/imagenet_ai_0419_biggan/val/nature/ILSVRC2012_val_00016318.JPEG,0,0.0001,0
/home/student/Downloads/imagenet_ai_0419_biggan/val/nature/ILSVRC2012_val_00016320.JPEG,0,0.0348,0
/home/student/Downloads/imagenet_ai_0419_biggan/val/nature/ILSVRC2012_val_00016344.JPEG,0,0.0000,0
/home/student/Downloads/imagenet_ai_0419_biggan/val/nature/ILSVRC2012_val_00016359.JPEG,0,0.0001,0
/home/student/Downloads/imagenet_ai_0419_biggan/val/nature/ILSVRC2012_val_00016360.JPEG,0,0.0041,0
/home/student/Downloads/imagenet_ai_0419_biggan/val/nature/ILSVRC2012_val_00016362.JPEG,0,0.0003,0
/home/student/Downloads/imagenet_ai_0419_biggan/val/nature/ILSVRC2012_val_00016364.JPEG,0,0.0000,0
/home/student/Downloads/imagenet_ai_0419_biggan/val/nature/ILSVRC2012_val_00016366.JPEG,0,0.0000,0
/home/student/Downloads/imagenet_ai_0419_biggan/val/nature/ILSVRC2012_val_00016375.JPEG,0,0.0001,0
/home/student/Downloads/imagenet_ai_0419_biggan/val/nature/ILSVRC2012_val_00016381.JPEG,0,0.0362,0
/home/student/Downloads/imagenet_ai_0419_biggan/val/nature/ILSVRC2012_val_00016382.JPEG,0,0.0000,0
/home/student/Downloads/imagenet_ai_0419_biggan/val/nature/ILSVRC2012_val_00016391.JPEG,0,0.0001,0
/home/student/Downloads/imagenet_ai_0419_biggan/val/nature/ILSVRC2012_val_00016405.JPEG,0,0.0000,0
/home/student/Downloads/imagenet_ai_0419_biggan/val/nature/ILSVRC2012_val_00016410.JPEG,0,0.0000,0
/home/student/Downloads/imagenet_ai_0419_biggan/val/nature/ILSVRC2012_val_00016419.JPEG,0,0.0000,0
/home/student/Downloads/imagenet_ai_0419_biggan/val/nature/ILSVRC2012_val_00016433.JPEG,0,0.0279,0
/home/student/Downloads/imagenet_ai_0419_biggan/val/nature/ILSVRC2012_val_00016434.JPEG,0,0.0017,0
/home/student/Downloads/imagenet_ai_0419_biggan/val/nature/ILSVRC2012_val_00016438.JPEG,0,0.0004,0
/home/student/Downloads/imagenet_ai_0419_biggan/val/nature/ILSVRC2012_val_00016469.JPEG,0,0.1083,0
/home/student/Downloads/imagenet_ai_0419_biggan/val/nature/ILSVRC2012_val_00016481.JPEG,0,0.0235,0
/home/student/Downloads/imagenet_ai_0419_biggan/val/nature/ILSVRC2012_val_00016497.JPEG,0,0.0001,0
/home/student/Downloads/imagenet_ai_0419_biggan/val/nature/ILSVRC2012_val_00016503.JPEG,0,0.0001,0
/home/student/Downloads/imagenet_ai_0419_biggan/val/nature/ILSVRC2012_val_00016511.JPEG,0,0.0001,0
/home/student/Downloads/imagenet_ai_0419_biggan/val/nature/ILSVRC2012_val_00016545.JPEG,0,0.0000,0
/home/student/Downloads/imagenet_ai_0419_biggan/val/nature/ILSVRC2012_val_00016561.JPEG,0,0.0000,0
/home/student/Downloads/imagenet_ai_0419_biggan/val/nature/ILSVRC2012_val_00016568.JPEG,0,0.0000,0
/home/student/Downloads/imagenet_ai_0419_biggan/val/nature/ILSVRC2012_val_00016578.JPEG,0,0.0001,0
/home/student/Downloads/imagenet_ai_0419_biggan/val/nature/ILSVRC2012_val_00016580.JPEG,0,0.0003,0
/home/student/Downloads/imagenet_ai_0419_biggan/val/nature/ILSVRC2012_val_00016600.JPEG,0,0.0000,0
/home/student/Downloads/imagenet_ai_0419_biggan/val/nature/ILSVRC2012_val_00016603.JPEG,0,0.0000,0
/home/student/Downloads/imagenet_ai_0419_biggan/val/nature/ILSVRC2012_val_00016609.JPEG,0,0.0003,0
/home/student/Downloads/imagenet_ai_0419_biggan/val/nature/ILSVRC2012_val_00016612.JPEG,0,0.0001,0
/home/student/Downloads/imagenet_ai_0419_biggan/val/nature/ILSVRC2012_val_00016628.JPEG,0,0.0003,0
/home/student/Downloads/imagenet_ai_0419_biggan/val/nature/ILSVRC2012_val_00016632.JPEG,0,0.0432,0
/home/student/Downloads/imagenet_ai_0419_biggan/val/nature/ILSVRC2012_val_00016643.JPEG,0,0.0000,0
/home/student/Downloads/imagenet_ai_0419_biggan/val/nature/ILSVRC2012_val_00016648.JPEG,0,0.0121,0
/home/student/Downloads/imagenet_ai_0419_biggan/val/nature/ILSVRC2012_val_00016666.JPEG,0,0.0000,0
/home/student/Downloads/imagenet_ai_0419_biggan/val/nature/ILSVRC2012_val_00016682.JPEG,0,0.0000,0
/home/student/Downloads/imagenet_ai_0419_biggan/val/nature/ILSVRC2012_val_00016685.JPEG,0,0.0000,0
/home/student/Downloads/imagenet_ai_0419_biggan/val/nature/ILSVRC2012_val_00016686.JPEG,0,0.0000,0
/home/student/Downloads/imagenet_ai_0419_biggan/val/nature/ILSVRC2012_val_00016691.JPEG,0,0.0005,0
/home/student/Downloads/imagenet_ai_0419_biggan/val/nature/ILSVRC2012_val_00016698.JPEG,0,0.5155,1
/home/student/Downloads/imagenet_ai_0419_biggan/val/nature/ILSVRC2012_val_00016704.JPEG,0,0.0001,0
/home/student/Downloads/imagenet_ai_0419_biggan/val/nature/ILSVRC2012_val_00016707.JPEG,0,0.2462,0
/home/student/Downloads/imagenet_ai_0419_biggan/val/nature/ILSVRC2012_val_00016708.JPEG,0,0.0000,0
/home/student/Downloads/imagenet_ai_0419_biggan/val/nature/ILSVRC2012_val_00016740.JPEG,0,0.0001,0
/home/student/Downloads/imagenet_ai_0419_biggan/val/nature/ILSVRC2012_val_00016742.JPEG,0,0.0000,0
/home/student/Downloads/imagenet_ai_0419_biggan/val/nature/ILSVRC2012_val_00016756.JPEG,0,0.0164,0
/home/student/Downloads/imagenet_ai_0419_biggan/val/nature/ILSVRC2012_val_00016762.JPEG,0,0.0000,0
/home/student/Downloads/imagenet_ai_0419_biggan/val/nature/ILSVRC2012_val_00016766.JPEG,0,0.0000,0
/home/student/Downloads/imagenet_ai_0419_biggan/val/nature/ILSVRC2012_val_00016769.JPEG,0,0.0002,0
/home/student/Downloads/imagenet_ai_0419_biggan/val/nature/ILSVRC2012_val_00016781.JPEG,0,0.0001,0
/home/student/Downloads/imagenet_ai_0419_biggan/val/nature/ILSVRC2012_val_00016783.JPEG,0,0.0001,0
/home/student/Downloads/imagenet_ai_0419_biggan/val/nature/ILSVRC2012_val_00016784.JPEG,0,0.0003,0
/home/student/Downloads/imagenet_ai_0419_biggan/val/nature/ILSVRC2012_val_00016791.JPEG,0,0.0029,0
/home/student/Downloads/imagenet_ai_0419_biggan/val/nature/ILSVRC2012_val_00016806.JPEG,0,0.0000,0
/home/student/Downloads/imagenet_ai_0419_biggan/val/nature/ILSVRC2012_val_00016807.JPEG,0,0.0002,0
/home/student/Downloads/imagenet_ai_0419_biggan/val/nature/ILSVRC2012_val_00016812.JPEG,0,0.0000,0
/home/student/Downloads/imagenet_ai_0419_biggan/val/nature/ILSVRC2012_val_00016819.JPEG,0,0.0001,0
/home/student/Downloads/imagenet_ai_0419_biggan/val/nature/ILSVRC2012_val_00016829.JPEG,0,0.0000,0
/home/student/Downloads/imagenet_ai_0419_biggan/val/nature/ILSVRC2012_val_00016865.JPEG,0,0.0181,0
/home/student/Downloads/imagenet_ai_0419_biggan/val/nature/ILSVRC2012_val_00016900.JPEG,0,0.0011,0
/home/student/Downloads/imagenet_ai_0419_biggan/val/nature/ILSVRC2012_val_00016903.JPEG,0,0.0003,0
/home/student/Downloads/imagenet_ai_0419_biggan/val/nature/ILSVRC2012_val_00016906.JPEG,0,0.0000,0
/home/student/Downloads/imagenet_ai_0419_biggan/val/nature/ILSVRC2012_val_00016907.JPEG,0,0.3429,0
/home/student/Downloads/imagenet_ai_0419_biggan/val/nature/ILSVRC2012_val_00016916.JPEG,0,0.0000,0
/home/student/Downloads/imagenet_ai_0419_biggan/val/nature/ILSVRC2012_val_00016919.JPEG,0,0.0000,0
/home/student/Downloads/imagenet_ai_0419_biggan/val/nature/ILSVRC2012_val_00016922.JPEG,0,0.0004,0
/home/student/Downloads/imagenet_ai_0419_biggan/val/nature/ILSVRC2012_val_00016925.JPEG,0,0.0015,0
/home/student/Downloads/imagenet_ai_0419_biggan/val/nature/ILSVRC2012_val_00016926.JPEG,0,0.0004,0
/home/student/Downloads/imagenet_ai_0419_biggan/val/nature/ILSVRC2012_val_00016929.JPEG,0,0.0002,0
/home/student/Downloads/imagenet_ai_0419_biggan/val/nature/ILSVRC2012_val_00016930.JPEG,0,0.0001,0
/home/student/Downloads/imagenet_ai_0419_biggan/val/nature/ILSVRC2012_val_00016943.JPEG,0,0.0002,0
/home/student/Downloads/imagenet_ai_0419_biggan/val/nature/ILSVRC2012_val_00016944.JPEG,0,0.0001,0
/home/student/Downloads/imagenet_ai_0419_biggan/val/nature/ILSVRC2012_val_00016947.JPEG,0,0.0000,0
/home/student/Downloads/imagenet_ai_0419_biggan/val/nature/ILSVRC2012_val_00016953.JPEG,0,0.0112,0
/home/student/Downloads/imagenet_ai_0419_biggan/val/nature/ILSVRC2012_val_00016958.JPEG,0,0.0009,0
/home/student/Downloads/imagenet_ai_0419_biggan/val/nature/ILSVRC2012_val_00016960.JPEG,0,0.0000,0
/home/student/Downloads/imagenet_ai_0419_biggan/val/nature/ILSVRC2012_val_00016962.JPEG,0,0.0000,0
/home/student/Downloads/imagenet_ai_0419_biggan/val/nature/ILSVRC2012_val_00016978.JPEG,0,0.0002,0
/home/student/Downloads/imagenet_ai_0419_biggan/val/nature/ILSVRC2012_val_00016994.JPEG,0,0.0001,0
/home/student/Downloads/imagenet_ai_0419_biggan/val/nature/ILSVRC2012_val_00017015.JPEG,0,0.0003,0
/home/student/Downloads/imagenet_ai_0419_biggan/val/nature/ILSVRC2012_val_00017017.JPEG,0,0.0001,0
/home/student/Downloads/imagenet_ai_0419_biggan/val/nature/ILSVRC2012_val_00017023.JPEG,0,0.0000,0
/home/student/Downloads/imagenet_ai_0419_biggan/val/nature/ILSVRC2012_val_00017024.JPEG,0,0.0287,0
/home/student/Downloads/imagenet_ai_0419_biggan/val/nature/ILSVRC2012_val_00017033.JPEG,0,0.0003,0
/home/student/Downloads/imagenet_ai_0419_biggan/val/nature/ILSVRC2012_val_00017040.JPEG,0,0.0000,0
/home/student/Downloads/imagenet_ai_0419_biggan/val/nature/ILSVRC2012_val_00017041.JPEG,0,0.0000,0
/home/student/Downloads/imagenet_ai_0419_biggan/val/nature/ILSVRC2012_val_00017048.JPEG,0,0.0015,0
/home/student/Downloads/imagenet_ai_0419_biggan/val/nature/ILSVRC2012_val_00017065.JPEG,0,0.0000,0
/home/student/Downloads/imagenet_ai_0419_biggan/val/nature/ILSVRC2012_val_00017074.JPEG,0,0.1472,0
/home/student/Downloads/imagenet_ai_0419_biggan/val/nature/ILSVRC2012_val_00017085.JPEG,0,0.0000,0
/home/student/Downloads/imagenet_ai_0419_biggan/val/nature/ILSVRC2012_val_00017096.JPEG,0,0.0000,0
/home/student/Downloads/imagenet_ai_0419_biggan/val/nature/ILSVRC2012_val_00017102.JPEG,0,0.0001,0
/home/student/Downloads/imagenet_ai_0419_biggan/val/nature/ILSVRC2012_val_00017106.JPEG,0,0.0000,0
/home/student/Downloads/imagenet_ai_0419_biggan/val/nature/ILSVRC2012_val_00017119.JPEG,0,0.0000,0
/home/student/Downloads/imagenet_ai_0419_biggan/val/nature/ILSVRC2012_val_00017124.JPEG,0,0.0004,0
/home/student/Downloads/imagenet_ai_0419_biggan/val/nature/ILSVRC2012_val_00017138.JPEG,0,0.0004,0
/home/student/Downloads/imagenet_ai_0419_biggan/val/nature/ILSVRC2012_val_00017146.JPEG,0,0.0000,0
/home/student/Downloads/imagenet_ai_0419_biggan/val/nature/ILSVRC2012_val_00017166.JPEG,0,0.0005,0
/home/student/Downloads/imagenet_ai_0419_biggan/val/nature/ILSVRC2012_val_00017231.JPEG,0,0.0174,0
/home/student/Downloads/imagenet_ai_0419_biggan/val/nature/ILSVRC2012_val_00017235.JPEG,0,0.0000,0
/home/student/Downloads/imagenet_ai_0419_biggan/val/nature/ILSVRC2012_val_00017249.JPEG,0,0.1086,0
/home/student/Downloads/imagenet_ai_0419_biggan/val/nature/ILSVRC2012_val_00017251.JPEG,0,0.0000,0
/home/student/Downloads/imagenet_ai_0419_biggan/val/nature/ILSVRC2012_val_00017267.JPEG,0,0.0008,0
/home/student/Downloads/imagenet_ai_0419_biggan/val/nature/ILSVRC2012_val_00017304.JPEG,0,0.0000,0
/home/student/Downloads/imagenet_ai_0419_biggan/val/nature/ILSVRC2012_val_00017305.JPEG,0,0.0000,0
/home/student/Downloads/imagenet_ai_0419_biggan/val/nature/ILSVRC2012_val_00017307.JPEG,0,0.0000,0
/home/student/Downloads/imagenet_ai_0419_biggan/val/nature/ILSVRC2012_val_00017308.JPEG,0,0.0057,0
/home/student/Downloads/imagenet_ai_0419_biggan/val/nature/ILSVRC2012_val_00017321.JPEG,0,0.0002,0
/home/student/Downloads/imagenet_ai_0419_biggan/val/nature/ILSVRC2012_val_00017325.JPEG,0,0.0000,0
/home/student/Downloads/imagenet_ai_0419_biggan/val/nature/ILSVRC2012_val_00017331.JPEG,0,0.0000,0
/home/student/Downloads/imagenet_ai_0419_biggan/val/nature/ILSVRC2012_val_00017353.JPEG,0,0.0003,0
/home/student/Downloads/imagenet_ai_0419_biggan/val/nature/ILSVRC2012_val_00017372.JPEG,0,0.0000,0
/home/student/Downloads/imagenet_ai_0419_biggan/val/nature/ILSVRC2012_val_00017382.JPEG,0,0.0001,0
/home/student/Downloads/imagenet_ai_0419_biggan/val/nature/ILSVRC2012_val_00017384.JPEG,0,0.0000,0
/home/student/Downloads/imagenet_ai_0419_biggan/val/nature/ILSVRC2012_val_00017389.JPEG,0,0.0014,0
/home/student/Downloads/imagenet_ai_0419_biggan/val/nature/ILSVRC2012_val_00017403.JPEG,0,0.0000,0
/home/student/Downloads/imagenet_ai_0419_biggan/val/nature/ILSVRC2012_val_00017404.JPEG,0,0.0000,0
/home/student/Downloads/imagenet_ai_0419_biggan/val/nature/ILSVRC2012_val_00017409.JPEG,0,0.0034,0
/home/student/Downloads/imagenet_ai_0419_biggan/val/nature/ILSVRC2012_val_00017413.JPEG,0,0.0001,0
/home/student/Downloads/imagenet_ai_0419_biggan/val/nature/ILSVRC2012_val_00017414.JPEG,0,0.0000,0
/home/student/Downloads/imagenet_ai_0419_biggan/val/nature/ILSVRC2012_val_00017415.JPEG,0,0.0000,0
/home/student/Downloads/imagenet_ai_0419_biggan/val/nature/ILSVRC2012_val_00017416.JPEG,0,0.0001,0
/home/student/Downloads/imagenet_ai_0419_biggan/val/nature/ILSVRC2012_val_00017430.JPEG,0,0.0340,0
/home/student/Downloads/imagenet_ai_0419_biggan/val/nature/ILSVRC2012_val_00017433.JPEG,0,0.0229,0
/home/student/Downloads/imagenet_ai_0419_biggan/val/ai/000_biggan_00020.png,1,0.9627,1
/home/student/Downloads/imagenet_ai_0419_biggan/val/ai/000_biggan_00035.png,1,0.9969,1
/home/student/Downloads/imagenet_ai_0419_biggan/val/ai/000_biggan_00039.png,1,0.5475,1
/home/student/Downloads/imagenet_ai_0419_biggan/val/ai/000_biggan_00074.png,1,0.9952,1
/home/student/Downloads/imagenet_ai_0419_biggan/val/ai/000_biggan_00127.png,1,0.9852,1
/home/student/Downloads/imagenet_ai_0419_biggan/val/ai/000_biggan_00143.png,1,0.9912,1
/home/student/Downloads/imagenet_ai_0419_biggan/val/ai/001_biggan_00020.png,1,0.9566,1
/home/student/Downloads/imagenet_ai_0419_biggan/val/ai/001_biggan_00035.png,1,0.4096,0
/home/student/Downloads/imagenet_ai_0419_biggan/val/ai/001_biggan_00039.png,1,0.9920,1
/home/student/Downloads/imagenet_ai_0419_biggan/val/ai/001_biggan_00074.png,1,0.7178,1
/home/student/Downloads/imagenet_ai_0419_biggan/val/ai/001_biggan_00127.png,1,0.7940,1
/home/student/Downloads/imagenet_ai_0419_biggan/val/ai/001_biggan_00143.png,1,0.9241,1
/home/student/Downloads/imagenet_ai_0419_biggan/val/ai/002_biggan_00020.png,1,0.8918,1
/home/student/Downloads/imagenet_ai_0419_biggan/val/ai/002_biggan_00035.png,1,0.8957,1
/home/student/Downloads/imagenet_ai_0419_biggan/val/ai/002_biggan_00039.png,1,0.2594,0
/home/student/Downloads/imagenet_ai_0419_biggan/val/ai/002_biggan_00074.png,1,0.9338,1
/home/student/Downloads/imagenet_ai_0419_biggan/val/ai/002_biggan_00127.png,1,0.7574,1
/home/student/Downloads/imagenet_ai_0419_biggan/val/ai/002_biggan_00143.png,1,0.6930,1
/home/student/Downloads/imagenet_ai_0419_biggan/val/ai/003_biggan_00020.png,1,0.9746,1
/home/student/Downloads/imagenet_ai_0419_biggan/val/ai/003_biggan_00035.png,1,0.9408,1
/home/student/Downloads/imagenet_ai_0419_biggan/val/ai/003_biggan_00039.png,1,0.9489,1
/home/student/Downloads/imagenet_ai_0419_biggan/val/ai/003_biggan_00074.png,1,0.9266,1
/home/student/Downloads/imagenet_ai_0419_biggan/val/ai/003_biggan_00127.png,1,0.9775,1
/home/student/Downloads/imagenet_ai_0419_biggan/val/ai/003_biggan_00143.png,1,0.9627,1
/home/student/Downloads/imagenet_ai_0419_biggan/val/ai/004_biggan_00020.png,1,0.0354,0
/home/student/Downloads/imagenet_ai_0419_biggan/val/ai/004_biggan_00035.png,1,0.9840,1
/home/student/Downloads/imagenet_ai_0419_biggan/val/ai/004_biggan_00039.png,1,0.5057,1
/home/student/Downloads/imagenet_ai_0419_biggan/val/ai/004_biggan_00074.png,1,0.9794,1
/home/student/Downloads/imagenet_ai_0419_biggan/val/ai/004_biggan_00127.png,1,0.8189,1
/home/student/Downloads/imagenet_ai_0419_biggan/val/ai/004_biggan_00143.png,1,0.9952,1
/home/student/Downloads/imagenet_ai_0419_biggan/val/ai/005_biggan_00020.png,1,0.1906,0
/home/student/Downloads/imagenet_ai_0419_biggan/val/ai/005_biggan_00035.png,1,0.6093,1
/home/student/Downloads/imagenet_ai_0419_biggan/val/ai/005_biggan_00039.png,1,0.9916,1
/home/student/Downloads/imagenet_ai_0419_biggan/val/ai/005_biggan_00074.png,1,0.9862,1
/home/student/Downloads/imagenet_ai_0419_biggan/val/ai/005_biggan_00127.png,1,0.9172,1
/home/student/Downloads/imagenet_ai_0419_biggan/val/ai/005_biggan_00143.png,1,0.3021,0
/home/student/Downloads/imagenet_ai_0419_biggan/val/ai/006_biggan_00020.png,1,0.7398,1
/home/student/Downloads/imagenet_ai_0419_biggan/val/ai/006_biggan_00035.png,1,0.9971,1
/home/student/Downloads/imagenet_ai_0419_biggan/val/ai/006_biggan_00039.png,1,0.8811,1
/home/student/Downloads/imagenet_ai_0419_biggan/val/ai/006_biggan_00074.png,1,0.9609,1
/home/student/Downloads/imagenet_ai_0419_biggan/val/ai/006_biggan_00127.png,1,0.3412,0
/home/student/Downloads/imagenet_ai_0419_biggan/val/ai/006_biggan_00143.png,1,0.9708,1
/home/student/Downloads/imagenet_ai_0419_biggan/val/ai/007_biggan_00020.png,1,0.0249,0
/home/student/Downloads/imagenet_ai_0419_biggan/val/ai/007_biggan_00035.png,1,0.0051,0
/home/student/Downloads/imagenet_ai_0419_biggan/val/ai/007_biggan_00039.png,1,0.0016,0
/home/student/Downloads/imagenet_ai_0419_biggan/val/ai/007_biggan_00074.png,1,0.0157,0
/home/student/Downloads/imagenet_ai_0419_biggan/val/ai/007_biggan_00127.png,1,0.9917,1
/home/student/Downloads/imagenet_ai_0419_biggan/val/ai/007_biggan_00143.png,1,0.0654,0
/home/student/Downloads/imagenet_ai_0419_biggan/val/ai/008_biggan_00020.png,1,0.1905,0
/home/student/Downloads/imagenet_ai_0419_biggan/val/ai/008_biggan_00035.png,1,0.0002,0
/home/student/Downloads/imagenet_ai_0419_biggan/val/ai/008_biggan_00039.png,1,0.0179,0
/home/student/Downloads/imagenet_ai_0419_biggan/val/ai/008_biggan_00074.png,1,0.0002,0
/home/student/Downloads/imagenet_ai_0419_biggan/val/ai/008_biggan_00127.png,1,0.9262,1
/home/student/Downloads/imagenet_ai_0419_biggan/val/ai/008_biggan_00143.png,1,0.5079,1
/home/student/Downloads/imagenet_ai_0419_biggan/val/ai/009_biggan_00020.png,1,0.4971,0
/home/student/Downloads/imagenet_ai_0419_biggan/val/ai/009_biggan_00035.png,1,0.0097,0
/home/student/Downloads/imagenet_ai_0419_biggan/val/ai/009_biggan_00039.png,1,0.0166,0
/home/student/Downloads/imagenet_ai_0419_biggan/val/ai/009_biggan_00074.png,1,0.7240,1
/home/student/Downloads/imagenet_ai_0419_biggan/val/ai/009_biggan_00127.png,1,0.0261,0
/home/student/Downloads/imagenet_ai_0419_biggan/val/ai/009_biggan_00143.png,1,0.6754,1
/home/student/Downloads/imagenet_ai_0419_biggan/val/ai/010_biggan_00020.png,1,0.6301,1
/home/student/Downloads/imagenet_ai_0419_biggan/val/ai/010_biggan_00035.png,1,0.4382,0
/home/student/Downloads/imagenet_ai_0419_biggan/val/ai/010_biggan_00039.png,1,0.9993,1
/home/student/Downloads/imagenet_ai_0419_biggan/val/ai/010_biggan_00074.png,1,0.4238,0
/home/student/Downloads/imagenet_ai_0419_biggan/val/ai/010_biggan_00127.png,1,0.1376,0
/home/student/Downloads/imagenet_ai_0419_biggan/val/ai/010_biggan_00143.png,1,0.8245,1
/home/student/Downloads/imagenet_ai_0419_biggan/val/ai/011_biggan_00020.png,1,0.9917,1
/home/student/Downloads/imagenet_ai_0419_biggan/val/ai/011_biggan_00035.png,1,0.9950,1
/home/student/Downloads/imagenet_ai_0419_biggan/val/ai/011_biggan_00039.png,1,0.1680,0
/home/student/Downloads/imagenet_ai_0419_biggan/val/ai/011_biggan_00074.png,1,0.9828,1
/home/student/Downloads/imagenet_ai_0419_biggan/val/ai/011_biggan_00127.png,1,0.8871,1
/home/student/Downloads/imagenet_ai_0419_biggan/val/ai/011_biggan_00143.png,1,0.9748,1
/home/student/Downloads/imagenet_ai_0419_biggan/val/ai/012_biggan_00020.png,1,0.8490,1
/home/student/Downloads/imagenet_ai_0419_biggan/val/ai/012_biggan_00035.png,1,0.2190,0
/home/student/Downloads/imagenet_ai_0419_biggan/val/ai/012_biggan_00039.png,1,0.8578,1
/home/student/Downloads/imagenet_ai_0419_biggan/val/ai/012_biggan_00074.png,1,0.2992,0
/home/student/Downloads/imagenet_ai_0419_biggan/val/ai/012_biggan_00127.png,1,0.8281,1
/home/student/Downloads/imagenet_ai_0419_biggan/val/ai/012_biggan_00143.png,1,0.9980,1
/home/student/Downloads/imagenet_ai_0419_biggan/val/ai/013_biggan_00020.png,1,0.9915,1
/home/student/Downloads/imagenet_ai_0419_biggan/val/ai/013_biggan_00035.png,1,0.9659,1
/home/student/Downloads/imagenet_ai_0419_biggan/val/ai/013_biggan_00039.png,1,0.0288,0
/home/student/Downloads/imagenet_ai_0419_biggan/val/ai/013_biggan_00074.png,1,0.8703,1
/home/student/Downloads/imagenet_ai_0419_biggan/val/ai/013_biggan_00127.png,1,0.0135,0
/home/student/Downloads/imagenet_ai_0419_biggan/val/ai/013_biggan_00143.png,1,0.4977,0
/home/student/Downloads/imagenet_ai_0419_biggan/val/ai/014_biggan_00020.png,1,0.4186,0
/home/student/Downloads/imagenet_ai_0419_biggan/val/ai/014_biggan_00035.png,1,0.6611,1
/home/student/Downloads/imagenet_ai_0419_biggan/val/ai/014_biggan_00039.png,1,0.9742,1
/home/student/Downloads/imagenet_ai_0419_biggan/val/ai/014_biggan_00074.png,1,1.0000,1
/home/student/Downloads/imagenet_ai_0419_biggan/val/ai/014_biggan_00127.png,1,0.9756,1
/home/student/Downloads/imagenet_ai_0419_biggan/val/ai/014_biggan_00143.png,1,0.8574,1
/home/student/Downloads/imagenet_ai_0419_biggan/val/ai/015_biggan_00020.png,1,0.9707,1
/home/student/Downloads/imagenet_ai_0419_biggan/val/ai/015_biggan_00035.png,1,0.4123,0
/home/student/Downloads/imagenet_ai_0419_biggan/val/ai/015_biggan_00039.png,1,0.2424,0
/home/student/Downloads/imagenet_ai_0419_biggan/val/ai/015_biggan_00074.png,1,0.0154,0
/home/student/Downloads/imagenet_ai_0419_biggan/val/ai/015_biggan_00127.png,1,0.0066,0
/home/student/Downloads/imagenet_ai_0419_biggan/val/ai/015_biggan_00143.png,1,0.0133,0
/home/student/Downloads/imagenet_ai_0419_biggan/val/ai/016_biggan_00020.png,1,0.6342,1
/home/student/Downloads/imagenet_ai_0419_biggan/val/ai/016_biggan_00035.png,1,0.9725,1
/home/student/Downloads/imagenet_ai_0419_biggan/val/ai/016_biggan_00039.png,1,0.9120,1
/home/student/Downloads/imagenet_ai_0419_biggan/val/ai/016_biggan_00074.png,1,0.8555,1
/home/student/Downloads/imagenet_ai_0419_biggan/val/ai/016_biggan_00127.png,1,0.7523,1
/home/student/Downloads/imagenet_ai_0419_biggan/val/ai/016_biggan_00143.png,1,0.0049,0
/home/student/Downloads/imagenet_ai_0419_biggan/val/ai/017_biggan_00020.png,1,0.9875,1
/home/student/Downloads/imagenet_ai_0419_biggan/val/ai/017_biggan_00035.png,1,0.5483,1
/home/student/Downloads/imagenet_ai_0419_biggan/val/ai/017_biggan_00039.png,1,0.3196,0
/home/student/Downloads/imagenet_ai_0419_biggan/val/ai/017_biggan_00074.png,1,0.5499,1
/home/student/Downloads/imagenet_ai_0419_biggan/val/ai/017_biggan_00127.png,1,0.8849,1
/home/student/Downloads/imagenet_ai_0419_biggan/val/ai/017_biggan_00143.png,1,0.9455,1
/home/student/Downloads/imagenet_ai_0419_biggan/val/ai/018_biggan_00020.png,1,0.8399,1
/home/student/Downloads/imagenet_ai_0419_biggan/val/ai/018_biggan_00035.png,1,0.9997,1
/home/student/Downloads/imagenet_ai_0419_biggan/val/ai/018_biggan_00039.png,1,0.9942,1
/home/student/Downloads/imagenet_ai_0419_biggan/val/ai/018_biggan_00074.png,1,0.9175,1
/home/student/Downloads/imagenet_ai_0419_biggan/val/ai/018_biggan_00127.png,1,0.2382,0
/home/student/Downloads/imagenet_ai_0419_biggan/val/ai/018_biggan_00143.png,1,0.9877,1
/home/student/Downloads/imagenet_ai_0419_biggan/val/ai/019_biggan_00020.png,1,0.9210,1
/home/student/Downloads/imagenet_ai_0419_biggan/val/ai/019_biggan_00035.png,1,0.7651,1
/home/student/Downloads/imagenet_ai_0419_biggan/val/ai/019_biggan_00039.png,1,0.9975,1
/home/student/Downloads/imagenet_ai_0419_biggan/val/ai/019_biggan_00074.png,1,0.9672,1
/home/student/Downloads/imagenet_ai_0419_biggan/val/ai/019_biggan_00127.png,1,0.4664,0
/home/student/Downloads/imagenet_ai_0419_biggan/val/ai/019_biggan_00143.png,1,0.6665,1
/home/student/Downloads/imagenet_ai_0419_biggan/val/ai/020_biggan_00020.png,1,0.0027,0
/home/student/Downloads/imagenet_ai_0419_biggan/val/ai/020_biggan_00035.png,1,0.8699,1
/home/student/Downloads/imagenet_ai_0419_biggan/val/ai/020_biggan_00039.png,1,0.1310,0
/home/student/Downloads/imagenet_ai_0419_biggan/val/ai/020_biggan_00074.png,1,0.9956,1
/home/student/Downloads/imagenet_ai_0419_biggan/val/ai/020_biggan_00127.png,1,0.1518,0
/home/student/Downloads/imagenet_ai_0419_biggan/val/ai/020_biggan_00143.png,1,0.0220,0
/home/student/Downloads/imagenet_ai_0419_biggan/val/ai/021_biggan_00020.png,1,0.9187,1
/home/student/Downloads/imagenet_ai_0419_biggan/val/ai/021_biggan_00035.png,1,0.9925,1
/home/student/Downloads/imagenet_ai_0419_biggan/val/ai/021_biggan_00039.png,1,0.7563,1
/home/student/Downloads/imagenet_ai_0419_biggan/val/ai/021_biggan_00074.png,1,0.0005,0
/home/student/Downloads/imagenet_ai_0419_biggan/val/ai/021_biggan_00127.png,1,0.9365,1
/home/student/Downloads/imagenet_ai_0419_biggan/val/ai/021_biggan_00143.png,1,0.9555,1
/home/student/Downloads/imagenet_ai_0419_biggan/val/ai/022_biggan_00020.png,1,0.9414,1
/home/student/Downloads/imagenet_ai_0419_biggan/val/ai/022_biggan_00035.png,1,0.3755,0
/home/student/Downloads/imagenet_ai_0419_biggan/val/ai/022_biggan_00039.png,1,0.9688,1
/home/student/Downloads/imagenet_ai_0419_biggan/val/ai/022_biggan_00074.png,1,0.9752,1
/home/student/Downloads/imagenet_ai_0419_biggan/val/ai/022_biggan_00127.png,1,0.6656,1
/home/student/Downloads/imagenet_ai_0419_biggan/val/ai/022_biggan_00143.png,1,0.6659,1
/home/student/Downloads/imagenet_ai_0419_biggan/val/ai/023_biggan_00020.png,1,0.0944,0
/home/student/Downloads/imagenet_ai_0419_biggan/val/ai/023_biggan_00035.png,1,0.2093,0
/home/student/Downloads/imagenet_ai_0419_biggan/val/ai/023_biggan_00039.png,1,0.4210,0
/home/student/Downloads/imagenet_ai_0419_biggan/val/ai/023_biggan_00074.png,1,0.8831,1
/home/student/Downloads/imagenet_ai_0419_biggan/val/ai/023_biggan_00127.png,1,0.6527,1
/home/student/Downloads/imagenet_ai_0419_biggan/val/ai/023_biggan_00143.png,1,0.6786,1
/home/student/Downloads/imagenet_ai_0419_biggan/val/ai/024_biggan_00020.png,1,0.8529,1
/home/student/Downloads/imagenet_ai_0419_biggan/val/ai/024_biggan_00035.png,1,0.3337,0
/home/student/Downloads/imagenet_ai_0419_biggan/val/ai/024_biggan_00039.png,1,0.0183,0
/home/student/Downloads/imagenet_ai_0419_biggan/val/ai/024_biggan_00074.png,1,0.0789,0
/home/student/Downloads/imagenet_ai_0419_biggan/val/ai/024_biggan_00127.png,1,0.5379,1
/home/student/Downloads/imagenet_ai_0419_biggan/val/ai/024_biggan_00143.png,1,0.0277,0
/home/student/Downloads/imagenet_ai_0419_biggan/val/ai/025_biggan_00020.png,1,0.5406,1
/home/student/Downloads/imagenet_ai_0419_biggan/val/ai/025_biggan_00035.png,1,0.9083,1
/home/student/Downloads/imagenet_ai_0419_biggan/val/ai/025_biggan_00039.png,1,0.7666,1
/home/student/Downloads/imagenet_ai_0419_biggan/val/ai/025_biggan_00074.png,1,0.8900,1
/home/student/Downloads/imagenet_ai_0419_biggan/val/ai/025_biggan_00127.png,1,0.9948,1
/home/student/Downloads/imagenet_ai_0419_biggan/val/ai/025_biggan_00143.png,1,0.8824,1
/home/student/Downloads/imagenet_ai_0419_biggan/val/ai/026_biggan_00020.png,1,0.2864,0
/home/student/Downloads/imagenet_ai_0419_biggan/val/ai/026_biggan_00035.png,1,0.0040,0
/home/student/Downloads/imagenet_ai_0419_biggan/val/ai/026_biggan_00039.png,1,0.9800,1
/home/student/Downloads/imagenet_ai_0419_biggan/val/ai/026_biggan_00074.png,1,0.0754,0
/home/student/Downloads/imagenet_ai_0419_biggan/val/ai/026_biggan_00127.png,1,0.0343,0
/home/student/Downloads/imagenet_ai_0419_biggan/val/ai/026_biggan_00143.png,1,0.9965,1
/home/student/Downloads/imagenet_ai_0419_biggan/val/ai/027_biggan_00020.png,1,0.7033,1
/home/student/Downloads/imagenet_ai_0419_biggan/val/ai/027_biggan_00035.png,1,0.9999,1
/home/student/Downloads/imagenet_ai_0419_biggan/val/ai/027_biggan_00039.png,1,0.9632,1
/home/student/Downloads/imagenet_ai_0419_biggan/val/ai/027_biggan_00074.png,1,0.0122,0
/home/student/Downloads/imagenet_ai_0419_biggan/val/ai/027_biggan_00127.png,1,0.6412,1
/home/student/Downloads/imagenet_ai_0419_biggan/val/ai/027_biggan_00143.png,1,0.8379,1
/home/student/Downloads/imagenet_ai_0419_biggan/val/ai/028_biggan_00020.png,1,0.2278,0
/home/student/Downloads/imagenet_ai_0419_biggan/val/ai/028_biggan_00035.png,1,0.8266,1
/home/student/Downloads/imagenet_ai_0419_biggan/val/ai/028_biggan_00039.png,1,0.6131,1
/home/student/Downloads/imagenet_ai_0419_biggan/val/ai/028_biggan_00074.png,1,0.8180,1
/home/student/Downloads/imagenet_ai_0419_biggan/val/ai/028_biggan_00127.png,1,0.3476,0
/home/student/Downloads/imagenet_ai_0419_biggan/val/ai/028_biggan_00143.png,1,0.0997,0
/home/student/Downloads/imagenet_ai_0419_biggan/val/ai/029_biggan_00020.png,1,0.9605,1
/home/student/Downloads/imagenet_ai_0419_biggan/val/ai/029_biggan_00035.png,1,0.9248,1
/home/student/Downloads/imagenet_ai_0419_biggan/val/ai/029_biggan_00039.png,1,0.9999,1
/home/student/Downloads/imagenet_ai_0419_biggan/val/ai/029_biggan_00074.png,1,0.9960,1
/home/student/Downloads/imagenet_ai_0419_biggan/val/ai/029_biggan_00127.png,1,0.9999,1
/home/student/Downloads/imagenet_ai_0419_biggan/val/ai/029_biggan_00143.png,1,0.9289,1
/home/student/Downloads/imagenet_ai_0419_biggan/val/ai/030_biggan_00020.png,1,0.4796,0
/home/student/Downloads/imagenet_ai_0419_biggan/val/ai/030_biggan_00035.png,1,0.0070,0
/home/student/Downloads/imagenet_ai_0419_biggan/val/ai/030_biggan_00039.png,1,0.9661,1
/home/student/Downloads/imagenet_ai_0419_biggan/val/ai/030_biggan_00074.png,1,0.4848,0
/home/student/Downloads/imagenet_ai_0419_biggan/val/ai/030_biggan_00127.png,1,0.7108,1
/home/student/Downloads/imagenet_ai_0419_biggan/val/ai/030_biggan_00143.png,1,0.0053,0
/home/student/Downloads/imagenet_ai_0419_biggan/val/ai/031_biggan_00020.png,1,0.0136,0
/home/student/Downloads/imagenet_ai_0419_biggan/val/ai/031_biggan_00035.png,1,0.9727,1
/home/student/Downloads/imagenet_ai_0419_biggan/val/ai/031_biggan_00039.png,1,0.9431,1
/home/student/Downloads/imagenet_ai_0419_biggan/val/ai/031_biggan_00074.png,1,0.1257,0
/home/student/Downloads/imagenet_ai_0419_biggan/val/ai/031_biggan_00127.png,1,0.9933,1
/home/student/Downloads/imagenet_ai_0419_biggan/val/ai/031_biggan_00143.png,1,0.8601,1
/home/student/Downloads/imagenet_ai_0419_biggan/val/ai/032_biggan_00020.png,1,0.0039,0
/home/student/Downloads/imagenet_ai_0419_biggan/val/ai/032_biggan_00035.png,1,0.9382,1
/home/student/Downloads/imagenet_ai_0419_biggan/val/ai/032_biggan_00039.png,1,0.0137,0
/home/student/Downloads/imagenet_ai_0419_biggan/val/ai/032_biggan_00074.png,1,0.8226,1
/home/student/Downloads/imagenet_ai_0419_biggan/val/ai/032_biggan_00127.png,1,0.0044,0
/home/student/Downloads/imagenet_ai_0419_biggan/val/ai/032_biggan_00143.png,1,0.9383,1
/home/student/Downloads/imagenet_ai_0419_biggan/val/ai/033_biggan_00020.png,1,0.0046,0
/home/student/Downloads/imagenet_ai_0419_biggan/val/ai/033_biggan_00035.png,1,0.3016,0
/home/student/Downloads/imagenet_ai_0419_biggan/val/ai/033_biggan_00039.png,1,0.9136,1
/home/student/Downloads/imagenet_ai_0419_biggan/val/ai/033_biggan_00074.png,1,0.0170,0
/home/student/Downloads/imagenet_ai_0419_biggan/val/ai/033_biggan_00127.png,1,0.8985,1
/home/student/Downloads/imagenet_ai_0419_biggan/val/ai/033_biggan_00143.png,1,0.7973,1
/home/student/Downloads/imagenet_ai_0419_biggan/val/ai/034_biggan_00020.png,1,0.5078,1
/home/student/Downloads/imagenet_ai_0419_biggan/val/ai/034_biggan_00035.png,1,0.0529,0
/home/student/Downloads/imagenet_ai_0419_biggan/val/ai/034_biggan_00039.png,1,0.1686,0
/home/student/Downloads/imagenet_ai_0419_biggan/val/ai/034_biggan_00074.png,1,0.7257,1
/home/student/Downloads/imagenet_ai_0419_biggan/val/ai/034_biggan_00127.png,1,0.0069,0
/home/student/Downloads/imagenet_ai_0419_biggan/val/ai/034_biggan_00143.png,1,0.2726,0
/home/student/Downloads/imagenet_ai_0419_biggan/val/ai/035_biggan_00020.png,1,0.0093,0
/home/student/Downloads/imagenet_ai_0419_biggan/val/ai/035_biggan_00035.png,1,0.0073,0
/home/student/Downloads/imagenet_ai_0419_biggan/val/ai/035_biggan_00039.png,1,0.0078,0
/home/student/Downloads/imagenet_ai_0419_biggan/val/ai/035_biggan_00074.png,1,0.0025,0
/home/student/Downloads/imagenet_ai_0419_biggan/val/ai/035_biggan_00127.png,1,0.0357,0
/home/student/Downloads/imagenet_ai_0419_biggan/val/ai/035_biggan_00143.png,1,0.9361,1
/home/student/Downloads/imagenet_ai_0419_biggan/val/ai/036_biggan_00020.png,1,0.0875,0
/home/student/Downloads/imagenet_ai_0419_biggan/val/ai/036_biggan_00035.png,1,0.9932,1
/home/student/Downloads/imagenet_ai_0419_biggan/val/ai/036_biggan_00039.png,1,0.0012,0
/home/student/Downloads/imagenet_ai_0419_biggan/val/ai/036_biggan_00074.png,1,0.8402,1
/home/student/Downloads/imagenet_ai_0419_biggan/val/ai/036_biggan_00127.png,1,0.9651,1
/home/student/Downloads/imagenet_ai_0419_biggan/val/ai/036_biggan_00143.png,1,0.0157,0
/home/student/Downloads/imagenet_ai_0419_biggan/val/ai/037_biggan_00020.png,1,0.0277,0
/home/student/Downloads/imagenet_ai_0419_biggan/val/ai/037_biggan_00035.png,1,0.0770,0
/home/student/Downloads/imagenet_ai_0419_biggan/val/ai/037_biggan_00039.png,1,0.1036,0
/home/student/Downloads/imagenet_ai_0419_biggan/val/ai/037_biggan_00074.png,1,0.4667,0
/home/student/Downloads/imagenet_ai_0419_biggan/val/ai/037_biggan_00127.png,1,0.2276,0
/home/student/Downloads/imagenet_ai_0419_biggan/val/ai/037_biggan_00143.png,1,0.0004,0
/home/student/Downloads/imagenet_ai_0419_biggan/val/ai/038_biggan_00020.png,1,0.1590,0
/home/student/Downloads/imagenet_ai_0419_biggan/val/ai/038_biggan_00035.png,1,0.9869,1
/home/student/Downloads/imagenet_ai_0419_biggan/val/ai/038_biggan_00039.png,1,0.1244,0
/home/student/Downloads/imagenet_ai_0419_biggan/val/ai/038_biggan_00074.png,1,0.0632,0
/home/student/Downloads/imagenet_ai_0419_biggan/val/ai/038_biggan_00127.png,1,0.0171,0
/home/student/Downloads/imagenet_ai_0419_biggan/val/ai/038_biggan_00143.png,1,0.3156,0
/home/student/Downloads/imagenet_ai_0419_biggan/val/ai/039_biggan_00020.png,1,0.6434,1
/home/student/Downloads/imagenet_ai_0419_biggan/val/ai/039_biggan_00035.png,1,0.7052,1
/home/student/Downloads/imagenet_ai_0419_biggan/val/ai/039_biggan_00039.png,1,0.3389,0
/home/student/Downloads/imagenet_ai_0419_biggan/val/ai/039_biggan_00074.png,1,0.9724,1
/home/student/Downloads/imagenet_ai_0419_biggan/val/ai/039_biggan_00127.png,1,0.9667,1
/home/student/Downloads/imagenet_ai_0419_biggan/val/ai/039_biggan_00143.png,1,0.0917,0
/home/student/Downloads/imagenet_ai_0419_biggan/val/ai/040_biggan_00020.png,1,0.9913,1
/home/student/Downloads/imagenet_ai_0419_biggan/val/ai/040_biggan_00035.png,1,0.9656,1
/home/student/Downloads/imagenet_ai_0419_biggan/val/ai/040_biggan_00039.png,1,0.9962,1
/home/student/Downloads/imagenet_ai_0419_biggan/val/ai/040_biggan_00074.png,1,0.9998,1
/home/student/Downloads/imagenet_ai_0419_biggan/val/ai/040_biggan_00127.png,1,0.6379,1
/home/student/Downloads/imagenet_ai_0419_biggan/val/ai/040_biggan_00143.png,1,0.9867,1
/home/student/Downloads/imagenet_ai_0419_biggan/val/ai/041_biggan_00020.png,1,0.0372,0
/home/student/Downloads/imagenet_ai_0419_biggan/val/ai/041_biggan_00035.png,1,0.7051,1
/home/student/Downloads/imagenet_ai_0419_biggan/val/ai/041_biggan_00039.png,1,0.6811,1
/home/student/Downloads/imagenet_ai_0419_biggan/val/ai/041_biggan_00074.png,1,0.9893,1
/home/student/Downloads/imagenet_ai_0419_biggan/val/ai/041_biggan_00127.png,1,0.6043,1
/home/student/Downloads/imagenet_ai_0419_biggan/val/ai/041_biggan_00143.png,1,0.9897,1
/home/student/Downloads/imagenet_ai_0419_biggan/val/ai/042_biggan_00020.png,1,0.0190,0
/home/student/Downloads/imagenet_ai_0419_biggan/val/ai/042_biggan_00035.png,1,0.9764,1
/home/student/Downloads/imagenet_ai_0419_biggan/val/ai/042_biggan_00039.png,1,0.9970,1
/home/student/Downloads/imagenet_ai_0419_biggan/val/ai/042_biggan_00074.png,1,0.0176,0
/home/student/Downloads/imagenet_ai_0419_biggan/val/ai/042_biggan_00127.png,1,0.9870,1
/home/student/Downloads/imagenet_ai_0419_biggan/val/ai/042_biggan_00143.png,1,0.9898,1
/home/student/Downloads/imagenet_ai_0419_biggan/val/ai/043_biggan_00020.png,1,0.9392,1
/home/student/Downloads/imagenet_ai_0419_biggan/val/ai/043_biggan_00035.png,1,0.1259,0
/home/student/Downloads/imagenet_ai_0419_biggan/val/ai/043_biggan_00039.png,1,0.0002,0
/home/student/Downloads/imagenet_ai_0419_biggan/val/ai/043_biggan_00074.png,1,0.4535,0
/home/student/Downloads/imagenet_ai_0419_biggan/val/ai/043_biggan_00127.png,1,0.6555,1
/home/student/Downloads/imagenet_ai_0419_biggan/val/ai/043_biggan_00143.png,1,0.9901,1
/home/student/Downloads/imagenet_ai_0419_biggan/val/ai/044_biggan_00020.png,1,0.9988,1
/home/student/Downloads/imagenet_ai_0419_biggan/val/ai/044_biggan_00035.png,1,0.1727,0
/home/student/Downloads/imagenet_ai_0419_biggan/val/ai/044_biggan_00039.png,1,0.0483,0
/home/student/Downloads/imagenet_ai_0419_biggan/val/ai/044_biggan_00074.png,1,0.2340,0
/home/student/Downloads/imagenet_ai_0419_biggan/val/ai/044_biggan_00127.png,1,0.9932,1
/home/student/Downloads/imagenet_ai_0419_biggan/val/ai/044_biggan_00143.png,1,0.9591,1
/home/student/Downloads/imagenet_ai_0419_biggan/val/ai/045_biggan_00020.png,1,0.9533,1
/home/student/Downloads/imagenet_ai_0419_biggan/val/ai/045_biggan_00035.png,1,0.9079,1
/home/student/Downloads/imagenet_ai_0419_biggan/val/ai/045_biggan_00039.png,1,0.9439,1
/home/student/Downloads/imagenet_ai_0419_biggan/val/ai/045_biggan_00074.png,1,0.3257,0
/home/student/Downloads/imagenet_ai_0419_biggan/val/ai/045_biggan_00127.png,1,0.1037,0
/home/student/Downloads/imagenet_ai_0419_biggan/val/ai/045_biggan_00143.png,1,0.5329,1
/home/student/Downloads/imagenet_ai_0419_biggan/val/ai/046_biggan_00020.png,1,0.9852,1
/home/student/Downloads/imagenet_ai_0419_biggan/val/ai/046_biggan_00035.png,1,0.0074,0
/home/student/Downloads/imagenet_ai_0419_biggan/val/ai/046_biggan_00039.png,1,0.7968,1
/home/student/Downloads/imagenet_ai_0419_biggan/val/ai/046_biggan_00074.png,1,0.9908,1
/home/student/Downloads/imagenet_ai_0419_biggan/val/ai/046_biggan_00127.png,1,0.9953,1
/home/student/Downloads/imagenet_ai_0419_biggan/val/ai/046_biggan_00143.png,1,0.9957,1
/home/student/Downloads/imagenet_ai_0419_biggan/val/ai/047_biggan_00020.png,1,0.9932,1
/home/student/Downloads/imagenet_ai_0419_biggan/val/ai/047_biggan_00035.png,1,0.8981,1
/home/student/Downloads/imagenet_ai_0419_biggan/val/ai/047_biggan_00039.png,1,0.9997,1
/home/student/Downloads/imagenet_ai_0419_biggan/val/ai/047_biggan_00074.png,1,0.9963,1
/home/student/Downloads/imagenet_ai_0419_biggan/val/ai/047_biggan_00127.png,1,0.9606,1
/home/student/Downloads/imagenet_ai_0419_biggan/val/ai/047_biggan_00143.png,1,0.9984,1
/home/student/Downloads/imagenet_ai_0419_biggan/val/ai/048_biggan_00020.png,1,0.1070,0
/home/student/Downloads/imagenet_ai_0419_biggan/val/ai/048_biggan_00035.png,1,0.7623,1
/home/student/Downloads/imagenet_ai_0419_biggan/val/ai/048_biggan_00039.png,1,0.0309,0
/home/student/Downloads/imagenet_ai_0419_biggan/val/ai/048_biggan_00074.png,1,0.9733,1
/home/student/Downloads/imagenet_ai_0419_biggan/val/ai/048_biggan_00127.png,1,0.2369,0
/home/student/Downloads/imagenet_ai_0419_biggan/val/ai/048_biggan_00143.png,1,0.9784,1
/home/student/Downloads/imagenet_ai_0419_biggan/val/ai/049_biggan_00020.png,1,0.0155,0
/home/student/Downloads/imagenet_ai_0419_biggan/val/ai/049_biggan_00035.png,1,0.0115,0
/home/student/Downloads/imagenet_ai_0419_biggan/val/ai/049_biggan_00039.png,1,0.9886,1
/home/student/Downloads/imagenet_ai_0419_biggan/val/ai/049_biggan_00074.png,1,0.0092,0
/home/student/Downloads/imagenet_ai_0419_biggan/val/ai/049_biggan_00127.png,1,0.9938,1
/home/student/Downloads/imagenet_ai_0419_biggan/val/ai/049_biggan_00143.png,1,0.9207,1
/home/student/Downloads/imagenet_ai_0419_biggan/val/ai/050_biggan_00020.png,1,0.0111,0
/home/student/Downloads/imagenet_ai_0419_biggan/val/ai/050_biggan_00035.png,1,0.0046,0
/home/student/Downloads/imagenet_ai_0419_biggan/val/ai/050_biggan_00039.png,1,0.9877,1
/home/student/Downloads/imagenet_ai_0419_biggan/val/ai/050_biggan_00074.png,1,0.5757,1
/home/student/Downloads/imagenet_ai_0419_biggan/val/ai/050_biggan_00127.png,1,0.8947,1
/home/student/Downloads/imagenet_ai_0419_biggan/val/ai/050_biggan_00143.png,1,0.0089,0
/home/student/Downloads/imagenet_ai_0419_biggan/val/ai/051_biggan_00020.png,1,0.9180,1
/home/student/Downloads/imagenet_ai_0419_biggan/val/ai/051_biggan_00035.png,1,0.9927,1
/home/student/Downloads/imagenet_ai_0419_biggan/val/ai/051_biggan_00039.png,1,0.7007,1
/home/student/Downloads/imagenet_ai_0419_biggan/val/ai/051_biggan_00074.png,1,0.9337,1
/home/student/Downloads/imagenet_ai_0419_biggan/val/ai/051_biggan_00127.png,1,0.9884,1
/home/student/Downloads/imagenet_ai_0419_biggan/val/ai/051_biggan_00143.png,1,0.9658,1
/home/student/Downloads/imagenet_ai_0419_biggan/val/ai/052_biggan_00020.png,1,0.8479,1
/home/student/Downloads/imagenet_ai_0419_biggan/val/ai/052_biggan_00035.png,1,0.9984,1
/home/student/Downloads/imagenet_ai_0419_biggan/val/ai/052_biggan_00039.png,1,0.9997,1
/home/student/Downloads/imagenet_ai_0419_biggan/val/ai/052_biggan_00074.png,1,0.9451,1
/home/student/Downloads/imagenet_ai_0419_biggan/val/ai/052_biggan_00127.png,1,0.8919,1
/home/student/Downloads/imagenet_ai_0419_biggan/val/ai/052_biggan_00143.png,1,0.4579,0
/home/student/Downloads/imagenet_ai_0419_biggan/val/ai/053_biggan_00020.png,1,0.2799,0
/home/student/Downloads/imagenet_ai_0419_biggan/val/ai/053_biggan_00035.png,1,0.4536,0
/home/student/Downloads/imagenet_ai_0419_biggan/val/ai/053_biggan_00039.png,1,0.8690,1
/home/student/Downloads/imagenet_ai_0419_biggan/val/ai/053_biggan_00074.png,1,0.6952,1
/home/student/Downloads/imagenet_ai_0419_biggan/val/ai/053_biggan_00127.png,1,0.9319,1
/home/student/Downloads/imagenet_ai_0419_biggan/val/ai/053_biggan_00143.png,1,0.9412,1
/home/student/Downloads/imagenet_ai_0419_biggan/val/ai/054_biggan_00020.png,1,0.8718,1
/home/student/Downloads/imagenet_ai_0419_biggan/val/ai/054_biggan_00035.png,1,0.5256,1
/home/student/Downloads/imagenet_ai_0419_biggan/val/ai/054_biggan_00039.png,1,0.3046,0
/home/student/Downloads/imagenet_ai_0419_biggan/val/ai/054_biggan_00074.png,1,0.0292,0
/home/student/Downloads/imagenet_ai_0419_biggan/val/ai/054_biggan_00127.png,1,0.9933,1
/home/student/Downloads/imagenet_ai_0419_biggan/val/ai/054_biggan_00143.png,1,0.0662,0
/home/student/Downloads/imagenet_ai_0419_biggan/val/ai/055_biggan_00020.png,1,0.9699,1
/home/student/Downloads/imagenet_ai_0419_biggan/val/ai/055_biggan_00035.png,1,0.9896,1
/home/student/Downloads/imagenet_ai_0419_biggan/val/ai/055_biggan_00039.png,1,0.8874,1
/home/student/Downloads/imagenet_ai_0419_biggan/val/ai/055_biggan_00074.png,1,0.9929,1
/home/student/Downloads/imagenet_ai_0419_biggan/val/ai/055_biggan_00127.png,1,0.9999,1
/home/student/Downloads/imagenet_ai_0419_biggan/val/ai/055_biggan_00143.png,1,0.9969,1
/home/student/Downloads/imagenet_ai_0419_biggan/val/ai/056_biggan_00020.png,1,0.9807,1
/home/student/Downloads/imagenet_ai_0419_biggan/val/ai/056_biggan_00035.png,1,0.3062,0
/home/student/Downloads/imagenet_ai_0419_biggan/val/ai/056_biggan_00039.png,1,0.6414,1
/home/student/Downloads/imagenet_ai_0419_biggan/val/ai/056_biggan_00074.png,1,0.8093,1
/home/student/Downloads/imagenet_ai_0419_biggan/val/ai/056_biggan_00127.png,1,0.9798,1
/home/student/Downloads/imagenet_ai_0419_biggan/val/ai/056_biggan_00143.png,1,0.6938,1
/home/student/Downloads/imagenet_ai_0419_biggan/val/ai/057_biggan_00020.png,1,0.6621,1
/home/student/Downloads/imagenet_ai_0419_biggan/val/ai/057_biggan_00035.png,1,0.9004,1
/home/student/Downloads/imagenet_ai_0419_biggan/val/ai/057_biggan_00039.png,1,0.9989,1
/home/student/Downloads/imagenet_ai_0419_biggan/val/ai/057_biggan_00074.png,1,0.1705,0
/home/student/Downloads/imagenet_ai_0419_biggan/val/ai/057_biggan_00127.png,1,0.4639,0
/home/student/Downloads/imagenet_ai_0419_biggan/val/ai/057_biggan_00143.png,1,0.8788,1
/home/student/Downloads/imagenet_ai_0419_biggan/val/ai/058_biggan_00020.png,1,0.5607,1
/home/student/Downloads/imagenet_ai_0419_biggan/val/ai/058_biggan_00035.png,1,0.6524,1
/home/student/Downloads/imagenet_ai_0419_biggan/val/ai/058_biggan_00039.png,1,0.8647,1
/home/student/Downloads/imagenet_ai_0419_biggan/val/ai/058_biggan_00074.png,1,0.9852,1
/home/student/Downloads/imagenet_ai_0419_biggan/val/ai/058_biggan_00127.png,1,0.9067,1
/home/student/Downloads/imagenet_ai_0419_biggan/val/ai/058_biggan_00143.png,1,0.9896,1
/home/student/Downloads/imagenet_ai_0419_biggan/val/ai/059_biggan_00020.png,1,0.9833,1
/home/student/Downloads/imagenet_ai_0419_biggan/val/ai/059_biggan_00035.png,1,0.9480,1
/home/student/Downloads/imagenet_ai_0419_biggan/val/ai/059_biggan_00039.png,1,0.9982,1
/home/student/Downloads/imagenet_ai_0419_biggan/val/ai/059_biggan_00074.png,1,1.0000,1
/home/student/Downloads/imagenet_ai_0419_biggan/val/ai/059_biggan_00127.png,1,0.9936,1
/home/student/Downloads/imagenet_ai_0419_biggan/val/ai/059_biggan_00143.png,1,0.9939,1
/home/student/Downloads/imagenet_ai_0419_biggan/val/ai/060_biggan_00020.png,1,0.8768,1
/home/student/Downloads/imagenet_ai_0419_biggan/val/ai/060_biggan_00035.png,1,0.0284,0
/home/student/Downloads/imagenet_ai_0419_biggan/val/ai/060_biggan_00039.png,1,0.1319,0
/home/student/Downloads/imagenet_ai_0419_biggan/val/ai/060_biggan_00074.png,1,0.9589,1
/home/student/Downloads/imagenet_ai_0419_biggan/val/ai/060_biggan_00127.png,1,0.9894,1
/home/student/Downloads/imagenet_ai_0419_biggan/val/ai/060_biggan_00143.png,1,0.9313,1
/home/student/Downloads/imagenet_ai_0419_biggan/val/ai/061_biggan_00020.png,1,0.8800,1
/home/student/Downloads/imagenet_ai_0419_biggan/val/ai/061_biggan_00035.png,1,0.1593,0
/home/student/Downloads/imagenet_ai_0419_biggan/val/ai/061_biggan_00039.png,1,0.8389,1
/home/student/Downloads/imagenet_ai_0419_biggan/val/ai/061_biggan_00074.png,1,0.4748,0
/home/student/Downloads/imagenet_ai_0419_biggan/val/ai/061_biggan_00127.png,1,0.9730,1
/home/student/Downloads/imagenet_ai_0419_biggan/val/ai/061_biggan_00143.png,1,0.9959,1
/home/student/Downloads/imagenet_ai_0419_biggan/val/ai/062_biggan_00020.png,1,0.7026,1
/home/student/Downloads/imagenet_ai_0419_biggan/val/ai/062_biggan_00035.png,1,0.9950,1
/home/student/Downloads/imagenet_ai_0419_biggan/val/ai/062_biggan_00039.png,1,0.1789,0
/home/student/Downloads/imagenet_ai_0419_biggan/val/ai/062_biggan_00074.png,1,0.2506,0
/home/student/Downloads/imagenet_ai_0419_biggan/val/ai/062_biggan_00127.png,1,0.0192,0
/home/student/Downloads/imagenet_ai_0419_biggan/val/ai/062_biggan_00143.png,1,0.6198,1
/home/student/Downloads/imagenet_ai_0419_biggan/val/ai/063_biggan_00020.png,1,0.9946,1
/home/student/Downloads/imagenet_ai_0419_biggan/val/ai/063_biggan_00035.png,1,0.4239,0
/home/student/Downloads/imagenet_ai_0419_biggan/val/ai/063_biggan_00039.png,1,0.8216,1
/home/student/Downloads/imagenet_ai_0419_biggan/val/ai/063_biggan_00074.png,1,0.6594,1
/home/student/Downloads/imagenet_ai_0419_biggan/val/ai/063_biggan_00127.png,1,0.7023,1
/home/student/Downloads/imagenet_ai_0419_biggan/val/ai/063_biggan_00143.png,1,0.9277,1
/home/student/Downloads/imagenet_ai_0419_biggan/val/ai/064_biggan_00020.png,1,0.9847,1
/home/student/Downloads/imagenet_ai_0419_biggan/val/ai/064_biggan_00035.png,1,0.9895,1
/home/student/Downloads/imagenet_ai_0419_biggan/val/ai/064_biggan_00039.png,1,0.9944,1
/home/student/Downloads/imagenet_ai_0419_biggan/val/ai/064_biggan_00074.png,1,0.9475,1
/home/student/Downloads/imagenet_ai_0419_biggan/val/ai/064_biggan_00127.png,1,0.9923,1
/home/student/Downloads/imagenet_ai_0419_biggan/val/ai/064_biggan_00143.png,1,0.9993,1
/home/student/Downloads/imagenet_ai_0419_biggan/val/ai/065_biggan_00020.png,1,0.9192,1
/home/student/Downloads/imagenet_ai_0419_biggan/val/ai/065_biggan_00035.png,1,0.2607,0
/home/student/Downloads/imagenet_ai_0419_biggan/val/ai/065_biggan_00039.png,1,0.9170,1
/home/student/Downloads/imagenet_ai_0419_biggan/val/ai/065_biggan_00074.png,1,0.9813,1
/home/student/Downloads/imagenet_ai_0419_biggan/val/ai/065_biggan_00127.png,1,0.9415,1
/home/student/Downloads/imagenet_ai_0419_biggan/val/ai/065_biggan_00143.png,1,0.8537,1
/home/student/Downloads/imagenet_ai_0419_biggan/val/ai/066_biggan_00020.png,1,0.1245,0
/home/student/Downloads/imagenet_ai_0419_biggan/val/ai/066_biggan_00035.png,1,0.9668,1
/home/student/Downloads/imagenet_ai_0419_biggan/val/ai/066_biggan_00039.png,1,0.1397,0
/home/student/Downloads/imagenet_ai_0419_biggan/val/ai/066_biggan_00074.png,1,0.1901,0
/home/student/Downloads/imagenet_ai_0419_biggan/val/ai/066_biggan_00127.png,1,0.5559,1
/home/student/Downloads/imagenet_ai_0419_biggan/val/ai/066_biggan_00143.png,1,0.4301,0
/home/student/Downloads/imagenet_ai_0419_biggan/val/ai/067_biggan_00020.png,1,0.1804,0
/home/student/Downloads/imagenet_ai_0419_biggan/val/ai/067_biggan_00035.png,1,0.8514,1
/home/student/Downloads/imagenet_ai_0419_biggan/val/ai/067_biggan_00039.png,1,0.9108,1
/home/student/Downloads/imagenet_ai_0419_biggan/val/ai/067_biggan_00074.png,1,0.9626,1
/home/student/Downloads/imagenet_ai_0419_biggan/val/ai/067_biggan_00127.png,1,0.6259,1
/home/student/Downloads/imagenet_ai_0419_biggan/val/ai/067_biggan_00143.png,1,0.3174,0
/home/student/Downloads/imagenet_ai_0419_biggan/val/ai/068_biggan_00020.png,1,0.9897,1
/home/student/Downloads/imagenet_ai_0419_biggan/val/ai/068_biggan_00035.png,1,0.0058,0
/home/student/Downloads/imagenet_ai_0419_biggan/val/ai/068_biggan_00039.png,1,0.1728,0
/home/student/Downloads/imagenet_ai_0419_biggan/val/ai/068_biggan_00074.png,1,0.3839,0
/home/student/Downloads/imagenet_ai_0419_biggan/val/ai/068_biggan_00127.png,1,0.9996,1
/home/student/Downloads/imagenet_ai_0419_biggan/val/ai/068_biggan_00143.png,1,0.0061,0
/home/student/Downloads/imagenet_ai_0419_biggan/val/ai/069_biggan_00020.png,1,0.6268,1
/home/student/Downloads/imagenet_ai_0419_biggan/val/ai/069_biggan_00035.png,1,0.0753,0
/home/student/Downloads/imagenet_ai_0419_biggan/val/ai/069_biggan_00039.png,1,0.9919,1
/home/student/Downloads/imagenet_ai_0419_biggan/val/ai/069_biggan_00074.png,1,0.9942,1
/home/student/Downloads/imagenet_ai_0419_biggan/val/ai/069_biggan_00127.png,1,0.9979,1
/home/student/Downloads/imagenet_ai_0419_biggan/val/ai/069_biggan_00143.png,1,0.9293,1
/home/student/Downloads/imagenet_ai_0419_biggan/val/ai/070_biggan_00020.png,1,0.9207,1
/home/student/Downloads/imagenet_ai_0419_biggan/val/ai/070_biggan_00035.png,1,0.9866,1
/home/student/Downloads/imagenet_ai_0419_biggan/val/ai/070_biggan_00039.png,1,0.9563,1
/home/student/Downloads/imagenet_ai_0419_biggan/val/ai/070_biggan_00074.png,1,0.9492,1
/home/student/Downloads/imagenet_ai_0419_biggan/val/ai/070_biggan_00127.png,1,0.3866,0
/home/student/Downloads/imagenet_ai_0419_biggan/val/ai/070_biggan_00143.png,1,0.7360,1
/home/student/Downloads/imagenet_ai_0419_biggan/val/ai/071_biggan_00020.png,1,0.0063,0
/home/student/Downloads/imagenet_ai_0419_biggan/val/ai/071_biggan_00035.png,1,0.0020,0
/home/student/Downloads/imagenet_ai_0419_biggan/val/ai/071_biggan_00039.png,1,0.0042,0
/home/student/Downloads/imagenet_ai_0419_biggan/val/ai/071_biggan_00074.png,1,0.0209,0
/home/student/Downloads/imagenet_ai_0419_biggan/val/ai/071_biggan_00127.png,1,0.8770,1
/home/student/Downloads/imagenet_ai_0419_biggan/val/ai/071_biggan_00143.png,1,0.9533,1
/home/student/Downloads/imagenet_ai_0419_biggan/val/ai/072_biggan_00020.png,1,0.7735,1
/home/student/Downloads/imagenet_ai_0419_biggan/val/ai/072_biggan_00035.png,1,0.9531,1
/home/student/Downloads/imagenet_ai_0419_biggan/val/ai/072_biggan_00039.png,1,0.8306,1
/home/student/Downloads/imagenet_ai_0419_biggan/val/ai/072_biggan_00074.png,1,0.9985,1
/home/student/Downloads/imagenet_ai_0419_biggan/val/ai/072_biggan_00127.png,1,0.7166,1
/home/student/Downloads/imagenet_ai_0419_biggan/val/ai/072_biggan_00143.png,1,0.9028,1
/home/student/Downloads/imagenet_ai_0419_biggan/val/ai/073_biggan_00020.png,1,0.9358,1
/home/student/Downloads/imagenet_ai_0419_biggan/val/ai/073_biggan_00035.png,1,0.9294,1
/home/student/Downloads/imagenet_ai_0419_biggan/val/ai/073_biggan_00039.png,1,0.8287,1
/home/student/Downloads/imagenet_ai_0419_biggan/val/ai/073_biggan_00074.png,1,0.6738,1
/home/student/Downloads/imagenet_ai_0419_biggan/val/ai/073_biggan_00127.png,1,0.4438,0
/home/student/Downloads/imagenet_ai_0419_biggan/val/ai/073_biggan_00143.png,1,0.0594,0
/home/student/Downloads/imagenet_ai_0419_biggan/val/ai/074_biggan_00020.png,1,0.6336,1
/home/student/Downloads/imagenet_ai_0419_biggan/val/ai/074_biggan_00035.png,1,0.8325,1
/home/student/Downloads/imagenet_ai_0419_biggan/val/ai/074_biggan_00039.png,1,0.4165,0
/home/student/Downloads/imagenet_ai_0419_biggan/val/ai/074_biggan_00074.png,1,0.8749,1
/home/student/Downloads/imagenet_ai_0419_biggan/val/ai/074_biggan_00127.png,1,0.8528,1
/home/student/Downloads/imagenet_ai_0419_biggan/val/ai/074_biggan_00143.png,1,0.7393,1
/home/student/Downloads/imagenet_ai_0419_biggan/val/ai/075_biggan_00020.png,1,0.7171,1
/home/student/Downloads/imagenet_ai_0419_biggan/val/ai/075_biggan_00035.png,1,0.9520,1
/home/student/Downloads/imagenet_ai_0419_biggan/val/ai/075_biggan_00039.png,1,0.7995,1
/home/student/Downloads/imagenet_ai_0419_biggan/val/ai/075_biggan_00074.png,1,0.2742,0
/home/student/Downloads/imagenet_ai_0419_biggan/val/ai/075_biggan_00127.png,1,0.1126,0
/home/student/Downloads/imagenet_ai_0419_biggan/val/ai/075_biggan_00143.png,1,0.5477,1
/home/student/Downloads/imagenet_ai_0419_biggan/val/ai/076_biggan_00020.png,1,0.9902,1
/home/student/Downloads/imagenet_ai_0419_biggan/val/ai/076_biggan_00035.png,1,0.2880,0
/home/student/Downloads/imagenet_ai_0419_biggan/val/ai/076_biggan_00039.png,1,0.3996,0
/home/student/Downloads/imagenet_ai_0419_biggan/val/ai/076_biggan_00074.png,1,0.0016,0
/home/student/Downloads/imagenet_ai_0419_biggan/val/ai/076_biggan_00127.png,1,0.0584,0
/home/student/Downloads/imagenet_ai_0419_biggan/val/ai/076_biggan_00143.png,1,0.9352,1
/home/student/Downloads/imagenet_ai_0419_biggan/val/ai/077_biggan_00020.png,1,0.9970,1
/home/student/Downloads/imagenet_ai_0419_biggan/val/ai/077_biggan_00035.png,1,0.0128,0
/home/student/Downloads/imagenet_ai_0419_biggan/val/ai/077_biggan_00039.png,1,0.9932,1
/home/student/Downloads/imagenet_ai_0419_biggan/val/ai/077_biggan_00074.png,1,0.9921,1
/home/student/Downloads/imagenet_ai_0419_biggan/val/ai/077_biggan_00127.png,1,0.0303,0
/home/student/Downloads/imagenet_ai_0419_biggan/val/ai/077_biggan_00143.png,1,0.0447,0
/home/student/Downloads/imagenet_ai_0419_biggan/val/ai/078_biggan_00020.png,1,0.6913,1
/home/student/Downloads/imagenet_ai_0419_biggan/val/ai/078_biggan_00035.png,1,0.8170,1
/home/student/Downloads/imagenet_ai_0419_biggan/val/ai/078_biggan_00039.png,1,0.2962,0
/home/student/Downloads/imagenet_ai_0419_biggan/val/ai/078_biggan_00074.png,1,0.1971,0
/home/student/Downloads/imagenet_ai_0419_biggan/val/ai/078_biggan_00127.png,1,0.2051,0
/home/student/Downloads/imagenet_ai_0419_biggan/val/ai/078_biggan_00143.png,1,0.9959,1
/home/student/Downloads/imagenet_ai_0419_biggan/val/ai/079_biggan_00020.png,1,0.1392,0
/home/student/Downloads/imagenet_ai_0419_biggan/val/ai/079_biggan_00035.png,1,0.0816,0
/home/student/Downloads/imagenet_ai_0419_biggan/val/ai/079_biggan_00039.png,1,0.8763,1
/home/student/Downloads/imagenet_ai_0419_biggan/val/ai/079_biggan_00074.png,1,0.2744,0
/home/student/Downloads/imagenet_ai_0419_biggan/val/ai/079_biggan_00127.png,1,0.0036,0
/home/student/Downloads/imagenet_ai_0419_biggan/val/ai/079_biggan_00143.png,1,0.7856,1
/home/student/Downloads/imagenet_ai_0419_biggan/val/ai/080_biggan_00020.png,1,0.0165,0
/home/student/Downloads/imagenet_ai_0419_biggan/val/ai/080_biggan_00035.png,1,0.2853,0
/home/student/Downloads/imagenet_ai_0419_biggan/val/ai/080_biggan_00039.png,1,0.9972,1
/home/student/Downloads/imagenet_ai_0419_biggan/val/ai/080_biggan_00074.png,1,0.7462,1
/home/student/Downloads/imagenet_ai_0419_biggan/val/ai/080_biggan_00127.png,1,0.6170,1
/home/student/Downloads/imagenet_ai_0419_biggan/val/ai/080_biggan_00143.png,1,0.9980,1
/home/student/Downloads/imagenet_ai_0419_biggan/val/ai/081_biggan_00020.png,1,0.2389,0
/home/student/Downloads/imagenet_ai_0419_biggan/val/ai/081_biggan_00035.png,1,0.1482,0
/home/student/Downloads/imagenet_ai_0419_biggan/val/ai/081_biggan_00039.png,1,0.1190,0
/home/student/Downloads/imagenet_ai_0419_biggan/val/ai/081_biggan_00074.png,1,0.9740,1
/home/student/Downloads/imagenet_ai_0419_biggan/val/ai/081_biggan_00127.png,1,0.0059,0
/home/student/Downloads/imagenet_ai_0419_biggan/val/ai/081_biggan_00143.png,1,0.6981,1
/home/student/Downloads/imagenet_ai_0419_biggan/val/ai/082_biggan_00020.png,1,0.1351,0
/home/student/Downloads/imagenet_ai_0419_biggan/val/ai/082_biggan_00035.png,1,0.0161,0
/home/student/Downloads/imagenet_ai_0419_biggan/val/ai/082_biggan_00039.png,1,0.8009,1
/home/student/Downloads/imagenet_ai_0419_biggan/val/ai/082_biggan_00074.png,1,0.0025,0
/home/student/Downloads/imagenet_ai_0419_biggan/val/ai/082_biggan_00127.png,1,0.0033,0
/home/student/Downloads/imagenet_ai_0419_biggan/val/ai/082_biggan_00143.png,1,0.0057,0
/home/student/Downloads/imagenet_ai_0419_biggan/val/ai/083_biggan_00020.png,1,0.9304,1
/home/student/Downloads/imagenet_ai_0419_biggan/val/ai/083_biggan_00035.png,1,0.6621,1
/home/student/Downloads/imagenet_ai_0419_biggan/val/ai/083_biggan_00039.png,1,0.9580,1
/home/student/Downloads/imagenet_ai_0419_biggan/val/ai/083_biggan_00074.png,1,0.9393,1
/home/student/Downloads/imagenet_ai_0419_biggan/val/ai/083_biggan_00127.png,1,0.5835,1
/home/student/Downloads/imagenet_ai_0419_biggan/val/ai/083_biggan_00143.png,1,0.9892,1
/home/student/Downloads/imagenet_ai_0419_biggan/val/ai/084_biggan_00020.png,1,0.7587,1
/home/student/Downloads/imagenet_ai_0419_biggan/val/ai/084_biggan_00035.png,1,0.4969,0
/home/student/Downloads/imagenet_ai_0419_biggan/val/ai/084_biggan_00039.png,1,0.9224,1
/home/student/Downloads/imagenet_ai_0419_biggan/val/ai/084_biggan_00074.png,1,0.2156,0
/home/student/Downloads/imagenet_ai_0419_biggan/val/ai/084_biggan_00127.png,1,0.9886,1
/home/student/Downloads/imagenet_ai_0419_biggan/val/ai/084_biggan_00143.png,1,0.8877,1
/home/student/Downloads/imagenet_ai_0419_biggan/val/ai/085_biggan_00020.png,1,0.7896,1
/home/student/Downloads/imagenet_ai_0419_biggan/val/ai/085_biggan_00035.png,1,0.0002,0
/home/student/Downloads/imagenet_ai_0419_biggan/val/ai/085_biggan_00039.png,1,0.0402,0
/home/student/Downloads/imagenet_ai_0419_biggan/val/ai/085_biggan_00074.png,1,0.0410,0
/home/student/Downloads/imagenet_ai_0419_biggan/val/ai/085_biggan_00127.png,1,0.0344,0
/home/student/Downloads/imagenet_ai_0419_biggan/val/ai/085_biggan_00143.png,1,0.0241,0
/home/student/Downloads/imagenet_ai_0419_biggan/val/ai/086_biggan_00020.png,1,0.9698,1
/home/student/Downloads/imagenet_ai_0419_biggan/val/ai/086_biggan_00035.png,1,0.0032,0
/home/student/Downloads/imagenet_ai_0419_biggan/val/ai/086_biggan_00039.png,1,0.8589,1
/home/student/Downloads/imagenet_ai_0419_biggan/val/ai/086_biggan_00074.png,1,0.7627,1
/home/student/Downloads/imagenet_ai_0419_biggan/val/ai/086_biggan_00127.png,1,0.0063,0
/home/student/Downloads/imagenet_ai_0419_biggan/val/ai/086_biggan_00143.png,1,0.0097,0
/home/student/Downloads/imagenet_ai_0419_biggan/val/ai/087_biggan_00020.png,1,0.0742,0
/home/student/Downloads/imagenet_ai_0419_biggan/val/ai/087_biggan_00035.png,1,0.9388,1
/home/student/Downloads/imagenet_ai_0419_biggan/val/ai/087_biggan_00039.png,1,0.9393,1
/home/student/Downloads/imagenet_ai_0419_biggan/val/ai/087_biggan_00074.png,1,0.9246,1
/home/student/Downloads/imagenet_ai_0419_biggan/val/ai/087_biggan_00127.png,1,0.9125,1
/home/student/Downloads/imagenet_ai_0419_biggan/val/ai/087_biggan_00143.png,1,0.9837,1
/home/student/Downloads/imagenet_ai_0419_biggan/val/ai/088_biggan_00020.png,1,0.8776,1
/home/student/Downloads/imagenet_ai_0419_biggan/val/ai/088_biggan_00035.png,1,0.8145,1
/home/student/Downloads/imagenet_ai_0419_biggan/val/ai/088_biggan_00039.png,1,0.9957,1
/home/student/Downloads/imagenet_ai_0419_biggan/val/ai/088_biggan_00074.png,1,0.9169,1
/home/student/Downloads/imagenet_ai_0419_biggan/val/ai/088_biggan_00127.png,1,0.9358,1
/home/student/Downloads/imagenet_ai_0419_biggan/val/ai/088_biggan_00143.png,1,0.7297,1
/home/student/Downloads/imagenet_ai_0419_biggan/val/ai/089_biggan_00020.png,1,0.9009,1
/home/student/Downloads/imagenet_ai_0419_biggan/val/ai/089_biggan_00035.png,1,0.8111,1
/home/student/Downloads/imagenet_ai_0419_biggan/val/ai/089_biggan_00039.png,1,0.9852,1
/home/student/Downloads/imagenet_ai_0419_biggan/val/ai/089_biggan_00074.png,1,0.7633,1
/home/student/Downloads/imagenet_ai_0419_biggan/val/ai/089_biggan_00127.png,1,0.3982,0
/home/student/Downloads/imagenet_ai_0419_biggan/val/ai/089_biggan_00143.png,1,0.8909,1
/home/student/Downloads/imagenet_ai_0419_biggan/val/ai/090_biggan_00020.png,1,0.9213,1
/home/student/Downloads/imagenet_ai_0419_biggan/val/ai/090_biggan_00035.png,1,0.9705,1
/home/student/Downloads/imagenet_ai_0419_biggan/val/ai/090_biggan_00039.png,1,0.9956,1
/home/student/Downloads/imagenet_ai_0419_biggan/val/ai/090_biggan_00074.png,1,0.9980,1
/home/student/Downloads/imagenet_ai_0419_biggan/val/ai/090_biggan_00127.png,1,0.9979,1
/home/student/Downloads/imagenet_ai_0419_biggan/val/ai/090_biggan_00143.png,1,0.9873,1
/home/student/Downloads/imagenet_ai_0419_biggan/val/ai/091_biggan_00020.png,1,0.9787,1
/home/student/Downloads/imagenet_ai_0419_biggan/val/ai/091_biggan_00035.png,1,0.9800,1
/home/student/Downloads/imagenet_ai_0419_biggan/val/ai/091_biggan_00039.png,1,0.9923,1
/home/student/Downloads/imagenet_ai_0419_biggan/val/ai/091_biggan_00074.png,1,0.0571,0
/home/student/Downloads/imagenet_ai_0419_biggan/val/ai/091_biggan_00127.png,1,0.4602,0
/home/student/Downloads/imagenet_ai_0419_biggan/val/ai/091_biggan_00143.png,1,0.2424,0
/home/student/Downloads/imagenet_ai_0419_biggan/val/ai/092_biggan_00020.png,1,0.2751,0
/home/student/Downloads/imagenet_ai_0419_biggan/val/ai/092_biggan_00035.png,1,0.7812,1
/home/student/Downloads/imagenet_ai_0419_biggan/val/ai/092_biggan_00039.png,1,0.4455,0
/home/student/Downloads/imagenet_ai_0419_biggan/val/ai/092_biggan_00074.png,1,0.0838,0
/home/student/Downloads/imagenet_ai_0419_biggan/val/ai/092_biggan_00127.png,1,0.6636,1
/home/student/Downloads/imagenet_ai_0419_biggan/val/ai/092_biggan_00143.png,1,0.9740,1
/home/student/Downloads/imagenet_ai_0419_biggan/val/ai/093_biggan_00020.png,1,0.9525,1
/home/student/Downloads/imagenet_ai_0419_biggan/val/ai/093_biggan_00035.png,1,0.7902,1
/home/student/Downloads/imagenet_ai_0419_biggan/val/ai/093_biggan_00039.png,1,0.2641,0
/home/student/Downloads/imagenet_ai_0419_biggan/val/ai/093_biggan_00074.png,1,0.6307,1
/home/student/Downloads/imagenet_ai_0419_biggan/val/ai/093_biggan_00127.png,1,0.0004,0
/home/student/Downloads/imagenet_ai_0419_biggan/val/ai/093_biggan_00143.png,1,0.7939,1
/home/student/Downloads/imagenet_ai_0419_biggan/val/ai/094_biggan_00020.png,1,0.9274,1
/home/student/Downloads/imagenet_ai_0419_biggan/val/ai/094_biggan_00035.png,1,0.9680,1
/home/student/Downloads/imagenet_ai_0419_biggan/val/ai/094_biggan_00039.png,1,0.6322,1
/home/student/Downloads/imagenet_ai_0419_biggan/val/ai/094_biggan_00074.png,1,0.2440,0
/home/student/Downloads/imagenet_ai_0419_biggan/val/ai/094_biggan_00127.png,1,0.6355,1
/home/student/Downloads/imagenet_ai_0419_biggan/val/ai/094_biggan_00143.png,1,0.4468,0
/home/student/Downloads/imagenet_ai_0419_biggan/val/ai/095_biggan_00020.png,1,0.9938,1
/home/student/Downloads/imagenet_ai_0419_biggan/val/ai/095_biggan_00035.png,1,0.5710,1
/home/student/Downloads/imagenet_ai_0419_biggan/val/ai/095_biggan_00039.png,1,0.9042,1
/home/student/Downloads/imagenet_ai_0419_biggan/val/ai/095_biggan_00074.png,1,0.3592,0
/home/student/Downloads/imagenet_ai_0419_biggan/val/ai/095_biggan_00127.png,1,0.9809,1
/home/student/Downloads/imagenet_ai_0419_biggan/val/ai/095_biggan_00143.png,1,0.4116,0
/home/student/Downloads/imagenet_ai_0419_biggan/val/ai/096_biggan_00020.png,1,0.3148,0
/home/student/Downloads/imagenet_ai_0419_biggan/val/ai/096_biggan_00035.png,1,0.9666,1
/home/student/Downloads/imagenet_ai_0419_biggan/val/ai/096_biggan_00039.png,1,0.9968,1
/home/student/Downloads/imagenet_ai_0419_biggan/val/ai/096_biggan_00074.png,1,0.9162,1
/home/student/Downloads/imagenet_ai_0419_biggan/val/ai/096_biggan_00127.png,1,0.9851,1
/home/student/Downloads/imagenet_ai_0419_biggan/val/ai/096_biggan_00143.png,1,0.9998,1
/home/student/Downloads/imagenet_ai_0419_biggan/val/ai/097_biggan_00020.png,1,0.8071,1
/home/student/Downloads/imagenet_ai_0419_biggan/val/ai/097_biggan_00035.png,1,0.2553,0
/home/student/Downloads/imagenet_ai_0419_biggan/val/ai/097_biggan_00039.png,1,0.3367,0
/home/student/Downloads/imagenet_ai_0419_biggan/val/ai/097_biggan_00074.png,1,0.9994,1
/home/student/Downloads/imagenet_ai_0419_biggan/val/ai/097_biggan_00127.png,1,0.0810,0
/home/student/Downloads/imagenet_ai_0419_biggan/val/ai/097_biggan_00143.png,1,0.5006,1
/home/student/Downloads/imagenet_ai_0419_biggan/val/ai/098_biggan_00020.png,1,0.6307,1
/home/student/Downloads/imagenet_ai_0419_biggan/val/ai/098_biggan_00035.png,1,0.9241,1
/home/student/Downloads/imagenet_ai_0419_biggan/val/ai/098_biggan_00039.png,1,0.9628,1
/home/student/Downloads/imagenet_ai_0419_biggan/val/ai/098_biggan_00074.png,1,0.0050,0
/home/student/Downloads/imagenet_ai_0419_biggan/val/ai/098_biggan_00127.png,1,0.8031,1
/home/student/Downloads/imagenet_ai_0419_biggan/val/ai/098_biggan_00143.png,1,0.7102,1
/home/student/Downloads/imagenet_ai_0419_biggan/val/ai/099_biggan_00020.png,1,0.5103,1
/home/student/Downloads/imagenet_ai_0419_biggan/val/ai/099_biggan_00035.png,1,0.3539,0
/home/student/Downloads/imagenet_ai_0419_biggan/val/ai/099_biggan_00039.png,1,0.1480,0
/home/student/Downloads/imagenet_ai_0419_biggan/val/ai/099_biggan_00074.png,1,0.1196,0
/home/student/Downloads/imagenet_ai_0419_biggan/val/ai/099_biggan_00127.png,1,0.0981,0
/home/student/Downloads/imagenet_ai_0419_biggan/val/ai/099_biggan_00143.png,1,0.0347,0
/home/student/Downloads/imagenet_ai_0419_biggan/val/ai/100_biggan_00020.png,1,0.2196,0
/home/student/Downloads/imagenet_ai_0419_biggan/val/ai/100_biggan_00035.png,1,0.9905,1
/home/student/Downloads/imagenet_ai_0419_biggan/val/ai/100_biggan_00039.png,1,0.0504,0
/home/student/Downloads/imagenet_ai_0419_biggan/val/ai/100_biggan_00074.png,1,0.0034,0
/home/student/Downloads/imagenet_ai_0419_biggan/val/ai/100_biggan_00127.png,1,0.2151,0
/home/student/Downloads/imagenet_ai_0419_biggan/val/ai/100_biggan_00143.png,1,0.9847,1
/home/student/Downloads/imagenet_ai_0419_biggan/val/ai/101_biggan_00020.png,1,0.0022,0
/home/student/Downloads/imagenet_ai_0419_biggan/val/ai/101_biggan_00035.png,1,0.2836,0
/home/student/Downloads/imagenet_ai_0419_biggan/val/ai/101_biggan_00039.png,1,0.3717,0
/home/student/Downloads/imagenet_ai_0419_biggan/val/ai/101_biggan_00074.png,1,0.1552,0
/home/student/Downloads/imagenet_ai_0419_biggan/val/ai/101_biggan_00127.png,1,0.6255,1
/home/student/Downloads/imagenet_ai_0419_biggan/val/ai/101_biggan_00143.png,1,0.1820,0
/home/student/Downloads/imagenet_ai_0419_biggan/val/ai/102_biggan_00020.png,1,0.7006,1
/home/student/Downloads/imagenet_ai_0419_biggan/val/ai/102_biggan_00035.png,1,0.2867,0
/home/student/Downloads/imagenet_ai_0419_biggan/val/ai/102_biggan_00039.png,1,0.7232,1
/home/student/Downloads/imagenet_ai_0419_biggan/val/ai/102_biggan_00074.png,1,0.0393,0
/home/student/Downloads/imagenet_ai_0419_biggan/val/ai/102_biggan_00127.png,1,0.0851,0
/home/student/Downloads/imagenet_ai_0419_biggan/val/ai/102_biggan_00143.png,1,0.8828,1
/home/student/Downloads/imagenet_ai_0419_biggan/val/ai/103_biggan_00020.png,1,0.2162,0
/home/student/Downloads/imagenet_ai_0419_biggan/val/ai/103_biggan_00035.png,1,0.8408,1
/home/student/Downloads/imagenet_ai_0419_biggan/val/ai/103_biggan_00039.png,1,0.9849,1
/home/student/Downloads/imagenet_ai_0419_biggan/val/ai/103_biggan_00074.png,1,0.9895,1
/home/student/Downloads/imagenet_ai_0419_biggan/val/ai/103_biggan_00127.png,1,0.9294,1
/home/student/Downloads/imagenet_ai_0419_biggan/val/ai/103_biggan_00143.png,1,0.9378,1
/home/student/Downloads/imagenet_ai_0419_biggan/val/ai/104_biggan_00020.png,1,0.0676,0
/home/student/Downloads/imagenet_ai_0419_biggan/val/ai/104_biggan_00035.png,1,0.0015,0
/home/student/Downloads/imagenet_ai_0419_biggan/val/ai/104_biggan_00039.png,1,0.5221,1
/home/student/Downloads/imagenet_ai_0419_biggan/val/ai/104_biggan_00074.png,1,0.2917,0
/home/student/Downloads/imagenet_ai_0419_biggan/val/ai/104_biggan_00127.png,1,0.0028,0
/home/student/Downloads/imagenet_ai_0419_biggan/val/ai/104_biggan_00143.png,1,0.0025,0
/home/student/Downloads/imagenet_ai_0419_biggan/val/ai/105_biggan_00020.png,1,0.4256,0
/home/student/Downloads/imagenet_ai_0419_biggan/val/ai/105_biggan_00035.png,1,0.0397,0
/home/student/Downloads/imagenet_ai_0419_biggan/val/ai/105_biggan_00039.png,1,0.2422,0
/home/student/Downloads/imagenet_ai_0419_biggan/val/ai/105_biggan_00074.png,1,0.9698,1
/home/student/Downloads/imagenet_ai_0419_biggan/val/ai/105_biggan_00127.png,1,0.1171,0
/home/student/Downloads/imagenet_ai_0419_biggan/val/ai/105_biggan_00143.png,1,0.8893,1
/home/student/Downloads/imagenet_ai_0419_biggan/val/ai/106_biggan_00020.png,1,0.3337,0
/home/student/Downloads/imagenet_ai_0419_biggan/val/ai/106_biggan_00035.png,1,0.0298,0
/home/student/Downloads/imagenet_ai_0419_biggan/val/ai/106_biggan_00039.png,1,0.1335,0
/home/student/Downloads/imagenet_ai_0419_biggan/val/ai/106_biggan_00074.png,1,0.4446,0
/home/student/Downloads/imagenet_ai_0419_biggan/val/ai/106_biggan_00127.png,1,0.1828,0
/home/student/Downloads/imagenet_ai_0419_biggan/val/ai/106_biggan_00143.png,1,0.0033,0
/home/student/Downloads/imagenet_ai_0419_biggan/val/ai/107_biggan_00020.png,1,0.9875,1
/home/student/Downloads/imagenet_ai_0419_biggan/val/ai/107_biggan_00035.png,1,0.8365,1
/home/student/Downloads/imagenet_ai_0419_biggan/val/ai/107_biggan_00039.png,1,0.5139,1
/home/student/Downloads/imagenet_ai_0419_biggan/val/ai/107_biggan_00074.png,1,0.9979,1
/home/student/Downloads/imagenet_ai_0419_biggan/val/ai/107_biggan_00127.png,1,0.9901,1
/home/student/Downloads/imagenet_ai_0419_biggan/val/ai/107_biggan_00143.png,1,0.9849,1
/home/student/Downloads/imagenet_ai_0419_biggan/val/ai/108_biggan_00020.png,1,0.9771,1
/home/student/Downloads/imagenet_ai_0419_biggan/val/ai/108_biggan_00035.png,1,0.2844,0
/home/student/Downloads/imagenet_ai_0419_biggan/val/ai/108_biggan_00039.png,1,0.7443,1
/home/student/Downloads/imagenet_ai_0419_biggan/val/ai/108_biggan_00074.png,1,0.9267,1
/home/student/Downloads/imagenet_ai_0419_biggan/val/ai/108_biggan_00127.png,1,0.8694,1
/home/student/Downloads/imagenet_ai_0419_biggan/val/ai/108_biggan_00143.png,1,0.8951,1
/home/student/Downloads/imagenet_ai_0419_biggan/val/ai/109_biggan_00020.png,1,0.9805,1
/home/student/Downloads/imagenet_ai_0419_biggan/val/ai/109_biggan_00035.png,1,0.9900,1
/home/student/Downloads/imagenet_ai_0419_biggan/val/ai/109_biggan_00039.png,1,0.9860,1
/home/student/Downloads/imagenet_ai_0419_biggan/val/ai/109_biggan_00074.png,1,0.9668,1
/home/student/Downloads/imagenet_ai_0419_biggan/val/ai/109_biggan_00127.png,1,0.9991,1
/home/student/Downloads/imagenet_ai_0419_biggan/val/ai/109_biggan_00143.png,1,0.9872,1
/home/student/Downloads/imagenet_ai_0419_biggan/val/ai/110_biggan_00020.png,1,0.9888,1
/home/student/Downloads/imagenet_ai_0419_biggan/val/ai/110_biggan_00035.png,1,0.9954,1
/home/student/Downloads/imagenet_ai_0419_biggan/val/ai/110_biggan_00039.png,1,0.9918,1
/home/student/Downloads/imagenet_ai_0419_biggan/val/ai/110_biggan_00074.png,1,0.9928,1
/home/student/Downloads/imagenet_ai_0419_biggan/val/ai/110_biggan_00127.png,1,0.9772,1
/home/student/Downloads/imagenet_ai_0419_biggan/val/ai/110_biggan_00143.png,1,0.9882,1
/home/student/Downloads/imagenet_ai_0419_biggan/val/ai/111_biggan_00020.png,1,0.9800,1
/home/student/Downloads/imagenet_ai_0419_biggan/val/ai/111_biggan_00035.png,1,0.9783,1
/home/student/Downloads/imagenet_ai_0419_biggan/val/ai/111_biggan_00039.png,1,0.9931,1
/home/student/Downloads/imagenet_ai_0419_biggan/val/ai/111_biggan_00074.png,1,0.9896,1
/home/student/Downloads/imagenet_ai_0419_biggan/val/ai/111_biggan_00127.png,1,0.7320,1
/home/student/Downloads/imagenet_ai_0419_biggan/val/ai/111_biggan_00143.png,1,1.0000,1
/home/student/Downloads/imagenet_ai_0419_biggan/val/ai/112_biggan_00020.png,1,0.8217,1
/home/student/Downloads/imagenet_ai_0419_biggan/val/ai/112_biggan_00035.png,1,0.8536,1
/home/student/Downloads/imagenet_ai_0419_biggan/val/ai/112_biggan_00039.png,1,1.0000,1
/home/student/Downloads/imagenet_ai_0419_biggan/val/ai/112_biggan_00074.png,1,0.9649,1
/home/student/Downloads/imagenet_ai_0419_biggan/val/ai/112_biggan_00127.png,1,0.6096,1
/home/student/Downloads/imagenet_ai_0419_biggan/val/ai/112_biggan_00143.png,1,0.0671,0
/home/student/Downloads/imagenet_ai_0419_biggan/val/ai/113_biggan_00020.png,1,0.9952,1
/home/student/Downloads/imagenet_ai_0419_biggan/val/ai/113_biggan_00035.png,1,0.6669,1
/home/student/Downloads/imagenet_ai_0419_biggan/val/ai/113_biggan_00039.png,1,0.9816,1
/home/student/Downloads/imagenet_ai_0419_biggan/val/ai/113_biggan_00074.png,1,0.1493,0
/home/student/Downloads/imagenet_ai_0419_biggan/val/ai/113_biggan_00127.png,1,0.9631,1
/home/student/Downloads/imagenet_ai_0419_biggan/val/ai/113_biggan_00143.png,1,0.8855,1
/home/student/Downloads/imagenet_ai_0419_biggan/val/ai/114_biggan_00020.png,1,0.9843,1
/home/student/Downloads/imagenet_ai_0419_biggan/val/ai/114_biggan_00035.png,1,0.9935,1
/home/student/Downloads/imagenet_ai_0419_biggan/val/ai/114_biggan_00039.png,1,0.4803,0
/home/student/Downloads/imagenet_ai_0419_biggan/val/ai/114_biggan_00074.png,1,0.9308,1
/home/student/Downloads/imagenet_ai_0419_biggan/val/ai/114_biggan_00127.png,1,0.9899,1
/home/student/Downloads/imagenet_ai_0419_biggan/val/ai/114_biggan_00143.png,1,0.0106,0
/home/student/Downloads/imagenet_ai_0419_biggan/val/ai/115_biggan_00020.png,1,0.8455,1
/home/student/Downloads/imagenet_ai_0419_biggan/val/ai/115_biggan_00035.png,1,0.9183,1
/home/student/Downloads/imagenet_ai_0419_biggan/val/ai/115_biggan_00039.png,1,0.9824,1
/home/student/Downloads/imagenet_ai_0419_biggan/val/ai/115_biggan_00074.png,1,0.7471,1
/home/student/Downloads/imagenet_ai_0419_biggan/val/ai/115_biggan_00127.png,1,0.9487,1
/home/student/Downloads/imagenet_ai_0419_biggan/val/ai/115_biggan_00143.png,1,0.9893,1
/home/student/Downloads/imagenet_ai_0419_biggan/val/ai/116_biggan_00020.png,1,0.8638,1
/home/student/Downloads/imagenet_ai_0419_biggan/val/ai/116_biggan_00035.png,1,0.6221,1
/home/student/Downloads/imagenet_ai_0419_biggan/val/ai/116_biggan_00039.png,1,0.4919,0
/home/student/Downloads/imagenet_ai_0419_biggan/val/ai/116_biggan_00074.png,1,0.9422,1
/home/student/Downloads/imagenet_ai_0419_biggan/val/ai/116_biggan_00127.png,1,0.7723,1
/home/student/Downloads/imagenet_ai_0419_biggan/val/ai/116_biggan_00143.png,1,0.3218,0
/home/student/Downloads/imagenet_ai_0419_biggan/val/ai/117_biggan_00020.png,1,0.9845,1
/home/student/Downloads/imagenet_ai_0419_biggan/val/ai/117_biggan_00035.png,1,0.9654,1
/home/student/Downloads/imagenet_ai_0419_biggan/val/ai/117_biggan_00039.png,1,0.9545,1
/home/student/Downloads/imagenet_ai_0419_biggan/val/ai/117_biggan_00074.png,1,0.0246,0
/home/student/Downloads/imagenet_ai_0419_biggan/val/ai/117_biggan_00127.png,1,0.9830,1
/home/student/Downloads/imagenet_ai_0419_biggan/val/ai/117_biggan_00143.png,1,0.9621,1
/home/student/Downloads/imagenet_ai_0419_biggan/val/ai/118_biggan_00020.png,1,0.0057,0
/home/student/Downloads/imagenet_ai_0419_biggan/val/ai/118_biggan_00035.png,1,0.9878,1
/home/student/Downloads/imagenet_ai_0419_biggan/val/ai/118_biggan_00039.png,1,0.9727,1
/home/student/Downloads/imagenet_ai_0419_biggan/val/ai/118_biggan_00074.png,1,0.4338,0
/home/student/Downloads/imagenet_ai_0419_biggan/val/ai/118_biggan_00127.png,1,0.2578,0
/home/student/Downloads/imagenet_ai_0419_biggan/val/ai/118_biggan_00143.png,1,0.6043,1
/home/student/Downloads/imagenet_ai_0419_biggan/val/ai/119_biggan_00020.png,1,0.4417,0
/home/student/Downloads/imagenet_ai_0419_biggan/val/ai/119_biggan_00035.png,1,0.0343,0
/home/student/Downloads/imagenet_ai_0419_biggan/val/ai/119_biggan_00039.png,1,0.6760,1
/home/student/Downloads/imagenet_ai_0419_biggan/val/ai/119_biggan_00074.png,1,0.7745,1
/home/student/Downloads/imagenet_ai_0419_biggan/val/ai/119_biggan_00127.png,1,0.1751,0
/home/student/Downloads/imagenet_ai_0419_biggan/val/ai/119_biggan_00143.png,1,0.0609,0
/home/student/Downloads/imagenet_ai_0419_biggan/val/ai/120_biggan_00020.png,1,0.0225,0
/home/student/Downloads/imagenet_ai_0419_biggan/val/ai/120_biggan_00035.png,1,0.9865,1
/home/student/Downloads/imagenet_ai_0419_biggan/val/ai/120_biggan_00039.png,1,0.0048,0
/home/student/Downloads/imagenet_ai_0419_biggan/val/ai/120_biggan_00074.png,1,0.4581,0
/home/student/Downloads/imagenet_ai_0419_biggan/val/ai/120_biggan_00127.png,1,0.2438,0
/home/student/Downloads/imagenet_ai_0419_biggan/val/ai/120_biggan_00143.png,1,0.9125,1
/home/student/Downloads/imagenet_ai_0419_biggan/val/ai/121_biggan_00020.png,1,0.9934,1
/home/student/Downloads/imagenet_ai_0419_biggan/val/ai/121_biggan_00035.png,1,0.0443,0
/home/student/Downloads/imagenet_ai_0419_biggan/val/ai/121_biggan_00039.png,1,0.9853,1
/home/student/Downloads/imagenet_ai_0419_biggan/val/ai/121_biggan_00074.png,1,0.6372,1
/home/student/Downloads/imagenet_ai_0419_biggan/val/ai/121_biggan_00127.png,1,0.8043,1
/home/student/Downloads/imagenet_ai_0419_biggan/val/ai/121_biggan_00143.png,1,0.0674,0
/home/student/Downloads/imagenet_ai_0419_biggan/val/ai/122_biggan_00020.png,1,0.9996,1
/home/student/Downloads/imagenet_ai_0419_biggan/val/ai/122_biggan_00035.png,1,0.9865,1
/home/student/Downloads/imagenet_ai_0419_biggan/val/ai/122_biggan_00039.png,1,0.9950,1
/home/student/Downloads/imagenet_ai_0419_biggan/val/ai/122_biggan_00074.png,1,0.9098,1
/home/student/Downloads/imagenet_ai_0419_biggan/val/ai/122_biggan_00127.png,1,0.9999,1
/home/student/Downloads/imagenet_ai_0419_biggan/val/ai/122_biggan_00143.png,1,0.8940,1
/home/student/Downloads/imagenet_ai_0419_biggan/val/ai/123_biggan_00020.png,1,0.9889,1
/home/student/Downloads/imagenet_ai_0419_biggan/val/ai/123_biggan_00035.png,1,0.9936,1
/home/student/Downloads/imagenet_ai_0419_biggan/val/ai/123_biggan_00039.png,1,0.9721,1
/home/student/Downloads/imagenet_ai_0419_biggan/val/ai/123_biggan_00074.png,1,0.6920,1
/home/student/Downloads/imagenet_ai_0419_biggan/val/ai/123_biggan_00127.png,1,0.8489,1
/home/student/Downloads/imagenet_ai_0419_biggan/val/ai/123_biggan_00143.png,1,0.9355,1
/home/student/Downloads/imagenet_ai_0419_biggan/val/ai/124_biggan_00020.png,1,0.7978,1
/home/student/Downloads/imagenet_ai_0419_biggan/val/ai/124_biggan_00035.png,1,0.7513,1
/home/student/Downloads/imagenet_ai_0419_biggan/val/ai/124_biggan_00039.png,1,0.9530,1
/home/student/Downloads/imagenet_ai_0419_biggan/val/ai/124_biggan_00074.png,1,0.6288,1
/home/student/Downloads/imagenet_ai_0419_biggan/val/ai/124_biggan_00127.png,1,0.0547,0
/home/student/Downloads/imagenet_ai_0419_biggan/val/ai/124_biggan_00143.png,1,0.0535,0
/home/student/Downloads/imagenet_ai_0419_biggan/val/ai/125_biggan_00020.png,1,0.3840,0
/home/student/Downloads/imagenet_ai_0419_biggan/val/ai/125_biggan_00035.png,1,0.0225,0
/home/student/Downloads/imagenet_ai_0419_biggan/val/ai/125_biggan_00039.png,1,0.9664,1
/home/student/Downloads/imagenet_ai_0419_biggan/val/ai/125_biggan_00074.png,1,0.9770,1
/home/student/Downloads/imagenet_ai_0419_biggan/val/ai/125_biggan_00127.png,1,0.9896,1
/home/student/Downloads/imagenet_ai_0419_biggan/val/ai/125_biggan_00143.png,1,0.9860,1
/home/student/Downloads/imagenet_ai_0419_biggan/val/ai/126_biggan_00020.png,1,0.7740,1
/home/student/Downloads/imagenet_ai_0419_biggan/val/ai/126_biggan_00035.png,1,0.9680,1
/home/student/Downloads/imagenet_ai_0419_biggan/val/ai/126_biggan_00039.png,1,0.9914,1
/home/student/Downloads/imagenet_ai_0419_biggan/val/ai/126_biggan_00074.png,1,0.5065,1
/home/student/Downloads/imagenet_ai_0419_biggan/val/ai/126_biggan_00127.png,1,0.7380,1
/home/student/Downloads/imagenet_ai_0419_biggan/val/ai/126_biggan_00143.png,1,0.9974,1
/home/student/Downloads/imagenet_ai_0419_biggan/val/ai/127_biggan_00020.png,1,0.9323,1
/home/student/Downloads/imagenet_ai_0419_biggan/val/ai/127_biggan_00035.png,1,0.1131,0
/home/student/Downloads/imagenet_ai_0419_biggan/val/ai/127_biggan_00039.png,1,0.5813,1
/home/student/Downloads/imagenet_ai_0419_biggan/val/ai/127_biggan_00074.png,1,0.8862,1
/home/student/Downloads/imagenet_ai_0419_biggan/val/ai/127_biggan_00127.png,1,0.9935,1
/home/student/Downloads/imagenet_ai_0419_biggan/val/ai/127_biggan_00143.png,1,0.1485,0
/home/student/Downloads/imagenet_ai_0419_biggan/val/ai/128_biggan_00020.png,1,0.1672,0
/home/student/Downloads/imagenet_ai_0419_biggan/val/ai/128_biggan_00035.png,1,0.9888,1
/home/student/Downloads/imagenet_ai_0419_biggan/val/ai/128_biggan_00039.png,1,0.9736,1
/home/student/Downloads/imagenet_ai_0419_biggan/val/ai/128_biggan_00074.png,1,0.7198,1
/home/student/Downloads/imagenet_ai_0419_biggan/val/ai/128_biggan_00127.png,1,0.7791,1
/home/student/Downloads/imagenet_ai_0419_biggan/val/ai/128_biggan_00143.png,1,0.0826,0
/home/student/Downloads/imagenet_ai_0419_biggan/val/ai/129_biggan_00020.png,1,0.9781,1
/home/student/Downloads/imagenet_ai_0419_biggan/val/ai/129_biggan_00035.png,1,0.6965,1
/home/student/Downloads/imagenet_ai_0419_biggan/val/ai/129_biggan_00039.png,1,0.1351,0
/home/student/Downloads/imagenet_ai_0419_biggan/val/ai/129_biggan_00074.png,1,0.9777,1
/home/student/Downloads/imagenet_ai_0419_biggan/val/ai/129_biggan_00127.png,1,0.2859,0
/home/student/Downloads/imagenet_ai_0419_biggan/val/ai/129_biggan_00143.png,1,0.9652,1
/home/student/Downloads/imagenet_ai_0419_biggan/val/ai/130_biggan_00020.png,1,0.1897,0
/home/student/Downloads/imagenet_ai_0419_biggan/val/ai/130_biggan_00035.png,1,0.9757,1
/home/student/Downloads/imagenet_ai_0419_biggan/val/ai/130_biggan_00039.png,1,0.9523,1
/home/student/Downloads/imagenet_ai_0419_biggan/val/ai/130_biggan_00074.png,1,0.8474,1
/home/student/Downloads/imagenet_ai_0419_biggan/val/ai/130_biggan_00127.png,1,0.8930,1
/home/student/Downloads/imagenet_ai_0419_biggan/val/ai/130_biggan_00143.png,1,0.9358,1
/home/student/Downloads/imagenet_ai_0419_biggan/val/ai/131_biggan_00020.png,1,0.9414,1
/home/student/Downloads/imagenet_ai_0419_biggan/val/ai/131_biggan_00035.png,1,0.8307,1
/home/student/Downloads/imagenet_ai_0419_biggan/val/ai/131_biggan_00039.png,1,0.0928,0
/home/student/Downloads/imagenet_ai_0419_biggan/val/ai/131_biggan_00074.png,1,0.2872,0
/home/student/Downloads/imagenet_ai_0419_biggan/val/ai/131_biggan_00127.png,1,0.9723,1
/home/student/Downloads/imagenet_ai_0419_biggan/val/ai/131_biggan_00143.png,1,0.9627,1
/home/student/Downloads/imagenet_ai_0419_biggan/val/ai/132_biggan_00020.png,1,0.9215,1
/home/student/Downloads/imagenet_ai_0419_biggan/val/ai/132_biggan_00035.png,1,0.3819,0
/home/student/Downloads/imagenet_ai_0419_biggan/val/ai/132_biggan_00039.png,1,0.4154,0
/home/student/Downloads/imagenet_ai_0419_biggan/val/ai/132_biggan_00074.png,1,0.9814,1
/home/student/Downloads/imagenet_ai_0419_biggan/val/ai/132_biggan_00127.png,1,0.0537,0
/home/student/Downloads/imagenet_ai_0419_biggan/val/ai/132_biggan_00143.png,1,0.9898,1
/home/student/Downloads/imagenet_ai_0419_biggan/val/ai/133_biggan_00020.png,1,0.2518,0
/home/student/Downloads/imagenet_ai_0419_biggan/val/ai/133_biggan_00035.png,1,0.0314,0
/home/student/Downloads/imagenet_ai_0419_biggan/val/ai/133_biggan_00039.png,1,0.0666,0
/home/student/Downloads/imagenet_ai_0419_biggan/val/ai/133_biggan_00074.png,1,0.1445,0
/home/student/Downloads/imagenet_ai_0419_biggan/val/ai/133_biggan_00127.png,1,0.3220,0
/home/student/Downloads/imagenet_ai_0419_biggan/val/ai/133_biggan_00143.png,1,0.9433,1
/home/student/Downloads/imagenet_ai_0419_biggan/val/ai/134_biggan_00020.png,1,0.5393,1
/home/student/Downloads/imagenet_ai_0419_biggan/val/ai/134_biggan_00035.png,1,0.0066,0
/home/student/Downloads/imagenet_ai_0419_biggan/val/ai/134_biggan_00039.png,1,0.0045,0
/home/student/Downloads/imagenet_ai_0419_biggan/val/ai/134_biggan_00074.png,1,0.0555,0
/home/student/Downloads/imagenet_ai_0419_biggan/val/ai/134_biggan_00127.png,1,0.0040,0
/home/student/Downloads/imagenet_ai_0419_biggan/val/ai/134_biggan_00143.png,1,0.5954,1
/home/student/Downloads/imagenet_ai_0419_biggan/val/ai/135_biggan_00020.png,1,0.0199,0
/home/student/Downloads/imagenet_ai_0419_biggan/val/ai/135_biggan_00035.png,1,0.0600,0
/home/student/Downloads/imagenet_ai_0419_biggan/val/ai/135_biggan_00039.png,1,0.0067,0
/home/student/Downloads/imagenet_ai_0419_biggan/val/ai/135_biggan_00074.png,1,0.0047,0
/home/student/Downloads/imagenet_ai_0419_biggan/val/ai/135_biggan_00127.png,1,0.9723,1
/home/student/Downloads/imagenet_ai_0419_biggan/val/ai/135_biggan_00143.png,1,0.8951,1
/home/student/Downloads/imagenet_ai_0419_biggan/val/ai/136_biggan_00020.png,1,0.8863,1
/home/student/Downloads/imagenet_ai_0419_biggan/val/ai/136_biggan_00035.png,1,0.2931,0
/home/student/Downloads/imagenet_ai_0419_biggan/val/ai/136_biggan_00039.png,1,0.9390,1
/home/student/Downloads/imagenet_ai_0419_biggan/val/ai/136_biggan_00074.png,1,0.8309,1
/home/student/Downloads/imagenet_ai_0419_biggan/val/ai/136_biggan_00127.png,1,0.0709,0
/home/student/Downloads/imagenet_ai_0419_biggan/val/ai/136_biggan_00143.png,1,0.9862,1
/home/student/Downloads/imagenet_ai_0419_biggan/val/ai/137_biggan_00020.png,1,0.5844,1
/home/student/Downloads/imagenet_ai_0419_biggan/val/ai/137_biggan_00035.png,1,0.1106,0
/home/student/Downloads/imagenet_ai_0419_biggan/val/ai/137_biggan_00039.png,1,0.1450,0
/home/student/Downloads/imagenet_ai_0419_biggan/val/ai/137_biggan_00074.png,1,0.8373,1
/home/student/Downloads/imagenet_ai_0419_biggan/val/ai/137_biggan_00127.png,1,0.0248,0
/home/student/Downloads/imagenet_ai_0419_biggan/val/ai/137_biggan_00143.png,1,0.0062,0
/home/student/Downloads/imagenet_ai_0419_biggan/val/ai/138_biggan_00020.png,1,0.9801,1
/home/student/Downloads/imagenet_ai_0419_biggan/val/ai/138_biggan_00035.png,1,0.0959,0
/home/student/Downloads/imagenet_ai_0419_biggan/val/ai/138_biggan_00039.png,1,0.1312,0
/home/student/Downloads/imagenet_ai_0419_biggan/val/ai/138_biggan_00074.png,1,0.0031,0
/home/student/Downloads/imagenet_ai_0419_biggan/val/ai/138_biggan_00127.png,1,0.0146,0
/home/student/Downloads/imagenet_ai_0419_biggan/val/ai/138_biggan_00143.png,1,0.1272,0
/home/student/Downloads/imagenet_ai_0419_biggan/val/ai/139_biggan_00020.png,1,0.0572,0
/home/student/Downloads/imagenet_ai_0419_biggan/val/ai/139_biggan_00035.png,1,0.6358,1
/home/student/Downloads/imagenet_ai_0419_biggan/val/ai/139_biggan_00039.png,1,0.3537,0
/home/student/Downloads/imagenet_ai_0419_biggan/val/ai/139_biggan_00074.png,1,0.2201,0
/home/student/Downloads/imagenet_ai_0419_biggan/val/ai/139_biggan_00127.png,1,0.9486,1
/home/student/Downloads/imagenet_ai_0419_biggan/val/ai/139_biggan_00143.png,1,0.5929,1
/home/student/Downloads/imagenet_ai_0419_biggan/val/ai/140_biggan_00020.png,1,0.0090,0
/home/student/Downloads/imagenet_ai_0419_biggan/val/ai/140_biggan_00035.png,1,0.4953,0
/home/student/Downloads/imagenet_ai_0419_biggan/val/ai/140_biggan_00039.png,1,0.0008,0
/home/student/Downloads/imagenet_ai_0419_biggan/val/ai/140_biggan_00074.png,1,0.7749,1
/home/student/Downloads/imagenet_ai_0419_biggan/val/ai/140_biggan_00127.png,1,0.9554,1
/home/student/Downloads/imagenet_ai_0419_biggan/val/ai/140_biggan_00143.png,1,0.0006,0
/home/student/Downloads/imagenet_ai_0419_biggan/val/ai/141_biggan_00020.png,1,0.0320,0
/home/student/Downloads/imagenet_ai_0419_biggan/val/ai/141_biggan_00035.png,1,0.3360,0
/home/student/Downloads/imagenet_ai_0419_biggan/val/ai/141_biggan_00039.png,1,0.0092,0
/home/student/Downloads/imagenet_ai_0419_biggan/val/ai/141_biggan_00074.png,1,0.0029,0
/home/student/Downloads/imagenet_ai_0419_biggan/val/ai/141_biggan_00127.png,1,0.0323,0
/home/student/Downloads/imagenet_ai_0419_biggan/val/ai/141_biggan_00143.png,1,0.0020,0
/home/student/Downloads/imagenet_ai_0419_biggan/val/ai/142_biggan_00020.png,1,0.4336,0
/home/student/Downloads/imagenet_ai_0419_biggan/val/ai/142_biggan_00035.png,1,0.5039,1
/home/student/Downloads/imagenet_ai_0419_biggan/val/ai/142_biggan_00039.png,1,0.9807,1
/home/student/Downloads/imagenet_ai_0419_biggan/val/ai/142_biggan_00074.png,1,0.9998,1
/home/student/Downloads/imagenet_ai_0419_biggan/val/ai/142_biggan_00127.png,1,0.0065,0
/home/student/Downloads/imagenet_ai_0419_biggan/val/ai/142_biggan_00143.png,1,0.9092,1
/home/student/Downloads/imagenet_ai_0419_biggan/val/ai/143_biggan_00020.png,1,0.0032,0
/home/student/Downloads/imagenet_ai_0419_biggan/val/ai/143_biggan_00035.png,1,0.0063,0
/home/student/Downloads/imagenet_ai_0419_biggan/val/ai/143_biggan_00039.png,1,0.3737,0
/home/student/Downloads/imagenet_ai_0419_biggan/val/ai/143_biggan_00074.png,1,0.9189,1
/home/student/Downloads/imagenet_ai_0419_biggan/val/ai/143_biggan_00127.png,1,0.9976,1
/home/student/Downloads/imagenet_ai_0419_biggan/val/ai/143_biggan_00143.png,1,0.3480,0
/home/student/Downloads/imagenet_ai_0419_biggan/val/ai/144_biggan_00020.png,1,0.9855,1
/home/student/Downloads/imagenet_ai_0419_biggan/val/ai/144_biggan_00035.png,1,0.3922,0
/home/student/Downloads/imagenet_ai_0419_biggan/val/ai/144_biggan_00039.png,1,0.3815,0
/home/student/Downloads/imagenet_ai_0419_biggan/val/ai/144_biggan_00074.png,1,0.9629,1
/home/student/Downloads/imagenet_ai_0419_biggan/val/ai/144_biggan_00127.png,1,0.5648,1
/home/student/Downloads/imagenet_ai_0419_biggan/val/ai/144_biggan_00143.png,1,0.9494,1
/home/student/Downloads/imagenet_ai_0419_biggan/val/ai/145_biggan_00020.png,1,0.8453,1
/home/student/Downloads/imagenet_ai_0419_biggan/val/ai/145_biggan_00035.png,1,0.9597,1
/home/student/Downloads/imagenet_ai_0419_biggan/val/ai/145_biggan_00039.png,1,0.2284,0
/home/student/Downloads/imagenet_ai_0419_biggan/val/ai/145_biggan_00074.png,1,0.9845,1
/home/student/Downloads/imagenet_ai_0419_biggan/val/ai/145_biggan_00127.png,1,0.9992,1
/home/student/Downloads/imagenet_ai_0419_biggan/val/ai/145_biggan_00143.png,1,0.8788,1
/home/student/Downloads/imagenet_ai_0419_biggan/val/ai/146_biggan_00020.png,1,0.9480,1
/home/student/Downloads/imagenet_ai_0419_biggan/val/ai/146_biggan_00035.png,1,0.7967,1
/home/student/Downloads/imagenet_ai_0419_biggan/val/ai/146_biggan_00039.png,1,0.9690,1
/home/student/Downloads/imagenet_ai_0419_biggan/val/ai/146_biggan_00074.png,1,0.3122,0
/home/student/Downloads/imagenet_ai_0419_biggan/val/ai/146_biggan_00127.png,1,0.9716,1
/home/student/Downloads/imagenet_ai_0419_biggan/val/ai/146_biggan_00143.png,1,0.5529,1
/home/student/Downloads/imagenet_ai_0419_biggan/val/ai/147_biggan_00020.png,1,0.9074,1
/home/student/Downloads/imagenet_ai_0419_biggan/val/ai/147_biggan_00035.png,1,0.2570,0
/home/student/Downloads/imagenet_ai_0419_biggan/val/ai/147_biggan_00039.png,1,0.0185,0
/home/student/Downloads/imagenet_ai_0419_biggan/val/ai/147_biggan_00074.png,1,0.0471,0
/home/student/Downloads/imagenet_ai_0419_biggan/val/ai/147_biggan_00127.png,1,0.4047,0
/home/student/Downloads/imagenet_ai_0419_biggan/val/ai/147_biggan_00143.png,1,0.9710,1
/home/student/Downloads/imagenet_ai_0419_biggan/val/ai/148_biggan_00020.png,1,0.9898,1
/home/student/Downloads/imagenet_ai_0419_biggan/val/ai/148_biggan_00035.png,1,0.9713,1
/home/student/Downloads/imagenet_ai_0419_biggan/val/ai/148_biggan_00039.png,1,0.9787,1
/home/student/Downloads/imagenet_ai_0419_biggan/val/ai/148_biggan_00074.png,1,0.6047,1
/home/student/Downloads/imagenet_ai_0419_biggan/val/ai/148_biggan_00127.png,1,0.9230,1
/home/student/Downloads/imagenet_ai_0419_biggan/val/ai/148_biggan_00143.png,1,0.9723,1
/home/student/Downloads/imagenet_ai_0419_biggan/val/ai/149_biggan_00020.png,1,0.9594,1
/home/student/Downloads/imagenet_ai_0419_biggan/val/ai/149_biggan_00035.png,1,0.9592,1
/home/student/Downloads/imagenet_ai_0419_biggan/val/ai/149_biggan_00039.png,1,0.9842,1
/home/student/Downloads/imagenet_ai_0419_biggan/val/ai/149_biggan_00074.png,1,0.9665,1
/home/student/Downloads/imagenet_ai_0419_biggan/val/ai/149_biggan_00127.png,1,0.7592,1
/home/student/Downloads/imagenet_ai_0419_biggan/val/ai/149_biggan_00143.png,1,0.9400,1
/home/student/Downloads/imagenet_ai_0419_biggan/val/ai/150_biggan_00020.png,1,0.8057,1
/home/student/Downloads/imagenet_ai_0419_biggan/val/ai/150_biggan_00035.png,1,0.9953,1
/home/student/Downloads/imagenet_ai_0419_biggan/val/ai/150_biggan_00039.png,1,0.9922,1
/home/student/Downloads/imagenet_ai_0419_biggan/val/ai/150_biggan_00074.png,1,0.9302,1
/home/student/Downloads/imagenet_ai_0419_biggan/val/ai/150_biggan_00127.png,1,0.9594,1
/home/student/Downloads/imagenet_ai_0419_biggan/val/ai/150_biggan_00143.png,1,0.9584,1
/home/student/Downloads/imagenet_ai_0419_biggan/val/ai/151_biggan_00020.png,1,0.9402,1
/home/student/Downloads/imagenet_ai_0419_biggan/val/ai/151_biggan_00035.png,1,0.0603,0
/home/student/Downloads/imagenet_ai_0419_biggan/val/ai/151_biggan_00039.png,1,0.0754,0
/home/student/Downloads/imagenet_ai_0419_biggan/val/ai/151_biggan_00074.png,1,0.7421,1
/home/student/Downloads/imagenet_ai_0419_biggan/val/ai/151_biggan_00127.png,1,0.8731,1
/home/student/Downloads/imagenet_ai_0419_biggan/val/ai/151_biggan_00143.png,1,0.9913,1
/home/student/Downloads/imagenet_ai_0419_biggan/val/ai/152_biggan_00020.png,1,0.9839,1
/home/student/Downloads/imagenet_ai_0419_biggan/val/ai/152_biggan_00035.png,1,0.0234,0
/home/student/Downloads/imagenet_ai_0419_biggan/val/ai/152_biggan_00039.png,1,1.0000,1
/home/student/Downloads/imagenet_ai_0419_biggan/val/ai/152_biggan_00074.png,1,0.0219,0
/home/student/Downloads/imagenet_ai_0419_biggan/val/ai/152_biggan_00127.png,1,0.9852,1
/home/student/Downloads/imagenet_ai_0419_biggan/val/ai/152_biggan_00143.png,1,0.9735,1
/home/student/Downloads/imagenet_ai_0419_biggan/val/ai/153_biggan_00020.png,1,0.0996,0
/home/student/Downloads/imagenet_ai_0419_biggan/val/ai/153_biggan_00035.png,1,0.9972,1
/home/student/Downloads/imagenet_ai_0419_biggan/val/ai/153_biggan_00039.png,1,0.1539,0
/home/student/Downloads/imagenet_ai_0419_biggan/val/ai/153_biggan_00074.png,1,0.9452,1
/home/student/Downloads/imagenet_ai_0419_biggan/val/ai/153_biggan_00127.png,1,0.8726,1
/home/student/Downloads/imagenet_ai_0419_biggan/val/ai/153_biggan_00143.png,1,0.9998,1
/home/student/Downloads/imagenet_ai_0419_biggan/val/ai/154_biggan_00020.png,1,0.4451,0
/home/student/Downloads/imagenet_ai_0419_biggan/val/ai/154_biggan_00035.png,1,0.9939,1
/home/student/Downloads/imagenet_ai_0419_biggan/val/ai/154_biggan_00039.png,1,0.0295,0
/home/student/Downloads/imagenet_ai_0419_biggan/val/ai/154_biggan_00074.png,1,0.2199,0
/home/student/Downloads/imagenet_ai_0419_biggan/val/ai/154_biggan_00127.png,1,0.8097,1
/home/student/Downloads/imagenet_ai_0419_biggan/val/ai/154_biggan_00143.png,1,0.9035,1
/home/student/Downloads/imagenet_ai_0419_biggan/val/ai/155_biggan_00020.png,1,0.6522,1
/home/student/Downloads/imagenet_ai_0419_biggan/val/ai/155_biggan_00035.png,1,0.3871,0
/home/student/Downloads/imagenet_ai_0419_biggan/val/ai/155_biggan_00039.png,1,0.2158,0
/home/student/Downloads/imagenet_ai_0419_biggan/val/ai/155_biggan_00074.png,1,0.0029,0
/home/student/Downloads/imagenet_ai_0419_biggan/val/ai/155_biggan_00127.png,1,0.4766,0
/home/student/Downloads/imagenet_ai_0419_biggan/val/ai/155_biggan_00143.png,1,0.5281,1
/home/student/Downloads/imagenet_ai_0419_biggan/val/ai/156_biggan_00020.png,1,0.8012,1
/home/student/Downloads/imagenet_ai_0419_biggan/val/ai/156_biggan_00035.png,1,0.8395,1
/home/student/Downloads/imagenet_ai_0419_biggan/val/ai/156_biggan_00039.png,1,0.9837,1
/home/student/Downloads/imagenet_ai_0419_biggan/val/ai/156_biggan_00074.png,1,0.9965,1
/home/student/Downloads/imagenet_ai_0419_biggan/val/ai/156_biggan_00127.png,1,0.9699,1
/home/student/Downloads/imagenet_ai_0419_biggan/val/ai/156_biggan_00143.png,1,0.9576,1
/home/student/Downloads/imagenet_ai_0419_biggan/val/ai/157_biggan_00020.png,1,0.9880,1
/home/student/Downloads/imagenet_ai_0419_biggan/val/ai/157_biggan_00035.png,1,0.9631,1
/home/student/Downloads/imagenet_ai_0419_biggan/val/ai/157_biggan_00039.png,1,0.7397,1
/home/student/Downloads/imagenet_ai_0419_biggan/val/ai/157_biggan_00074.png,1,0.2474,0
/home/student/Downloads/imagenet_ai_0419_biggan/val/ai/157_biggan_00127.png,1,0.9933,1
/home/student/Downloads/imagenet_ai_0419_biggan/val/ai/157_biggan_00143.png,1,0.7978,1
/home/student/Downloads/imagenet_ai_0419_biggan/val/ai/158_biggan_00020.png,1,0.8829,1
/home/student/Downloads/imagenet_ai_0419_biggan/val/ai/158_biggan_00035.png,1,0.8538,1
/home/student/Downloads/imagenet_ai_0419_biggan/val/ai/158_biggan_00039.png,1,0.3355,0
/home/student/Downloads/imagenet_ai_0419_biggan/val/ai/158_biggan_00074.png,1,0.0845,0
/home/student/Downloads/imagenet_ai_0419_biggan/val/ai/158_biggan_00127.png,1,0.6831,1
/home/student/Downloads/imagenet_ai_0419_biggan/val/ai/158_biggan_00143.png,1,0.0221,0
/home/student/Downloads/imagenet_ai_0419_biggan/val/ai/159_biggan_00020.png,1,0.3924,0
/home/student/Downloads/imagenet_ai_0419_biggan/val/ai/159_biggan_00035.png,1,0.5129,1
/home/student/Downloads/imagenet_ai_0419_biggan/val/ai/159_biggan_00039.png,1,0.0618,0
/home/student/Downloads/imagenet_ai_0419_biggan/val/ai/159_biggan_00074.png,1,0.0275,0
/home/student/Downloads/imagenet_ai_0419_biggan/val/ai/159_biggan_00127.png,1,0.2528,0
/home/student/Downloads/imagenet_ai_0419_biggan/val/ai/159_biggan_00143.png,1,0.0005,0
/home/student/Downloads/imagenet_ai_0419_biggan/val/ai/160_biggan_00020.png,1,0.9528,1
/home/student/Downloads/imagenet_ai_0419_biggan/val/ai/160_biggan_00035.png,1,0.9552,1
/home/student/Downloads/imagenet_ai_0419_biggan/val/ai/160_biggan_00039.png,1,0.0602,0
/home/student/Downloads/imagenet_ai_0419_biggan/val/ai/160_biggan_00074.png,1,0.9506,1
/home/student/Downloads/imagenet_ai_0419_biggan/val/ai/160_biggan_00127.png,1,0.7218,1
/home/student/Downloads/imagenet_ai_0419_biggan/val/ai/160_biggan_00143.png,1,0.9764,1
/home/student/Downloads/imagenet_ai_0419_biggan/val/ai/161_biggan_00020.png,1,0.9901,1
/home/student/Downloads/imagenet_ai_0419_biggan/val/ai/161_biggan_00035.png,1,0.1466,0
/home/student/Downloads/imagenet_ai_0419_biggan/val/ai/161_biggan_00039.png,1,0.4765,0
/home/student/Downloads/imagenet_ai_0419_biggan/val/ai/161_biggan_00074.png,1,0.9878,1
/home/student/Downloads/imagenet_ai_0419_biggan/val/ai/161_biggan_00127.png,1,0.9319,1
/home/student/Downloads/imagenet_ai_0419_biggan/val/ai/161_biggan_00143.png,1,0.3213,0
/home/student/Downloads/imagenet_ai_0419_biggan/val/ai/162_biggan_00020.png,1,0.0095,0
/home/student/Downloads/imagenet_ai_0419_biggan/val/ai/162_biggan_00035.png,1,0.7022,1
/home/student/Downloads/imagenet_ai_0419_biggan/val/ai/162_biggan_00039.png,1,0.9896,1
/home/student/Downloads/imagenet_ai_0419_biggan/val/ai/162_biggan_00074.png,1,0.9207,1
/home/student/Downloads/imagenet_ai_0419_biggan/val/ai/162_biggan_00127.png,1,0.7211,1
/home/student/Downloads/imagenet_ai_0419_biggan/val/ai/162_biggan_00143.png,1,0.1721,0
/home/student/Downloads/imagenet_ai_0419_biggan/val/ai/163_biggan_00020.png,1,0.0339,0
/home/student/Downloads/imagenet_ai_0419_biggan/val/ai/163_biggan_00035.png,1,0.7493,1
/home/student/Downloads/imagenet_ai_0419_biggan/val/ai/163_biggan_00039.png,1,0.1646,0
/home/student/Downloads/imagenet_ai_0419_biggan/val/ai/163_biggan_00074.png,1,0.8194,1
/home/student/Downloads/imagenet_ai_0419_biggan/val/ai/163_biggan_00127.png,1,0.6198,1
/home/student/Downloads/imagenet_ai_0419_biggan/val/ai/163_biggan_00143.png,1,0.9989,1
/home/student/Downloads/imagenet_ai_0419_biggan/val/ai/164_biggan_00020.png,1,0.9867,1
/home/student/Downloads/imagenet_ai_0419_biggan/val/ai/164_biggan_00035.png,1,0.2362,0
/home/student/Downloads/imagenet_ai_0419_biggan/val/ai/164_biggan_00039.png,1,0.1811,0
/home/student/Downloads/imagenet_ai_0419_biggan/val/ai/164_biggan_00074.png,1,0.9006,1
/home/student/Downloads/imagenet_ai_0419_biggan/val/ai/164_biggan_00127.png,1,0.8483,1
/home/student/Downloads/imagenet_ai_0419_biggan/val/ai/164_biggan_00143.png,1,0.1455,0
/home/student/Downloads/imagenet_ai_0419_biggan/val/ai/165_biggan_00020.png,1,0.9672,1
/home/student/Downloads/imagenet_ai_0419_biggan/val/ai/165_biggan_00035.png,1,0.9981,1
/home/student/Downloads/imagenet_ai_0419_biggan/val/ai/165_biggan_00039.png,1,0.9666,1
/home/student/Downloads/imagenet_ai_0419_biggan/val/ai/165_biggan_00074.png,1,0.2318,0
/home/student/Downloads/imagenet_ai_0419_biggan/val/ai/165_biggan_00127.png,1,0.3894,0
/home/student/Downloads/imagenet_ai_0419_biggan/val/ai/165_biggan_00143.png,1,0.7672,1
/home/student/Downloads/imagenet_ai_0419_biggan/val/ai/166_biggan_00020.png,1,0.2843,0
/home/student/Downloads/imagenet_ai_0419_biggan/val/ai/166_biggan_00035.png,1,0.5125,1
/home/student/Downloads/imagenet_ai_0419_biggan/val/ai/166_biggan_00039.png,1,0.9852,1
/home/student/Downloads/imagenet_ai_0419_biggan/val/ai/166_biggan_00074.png,1,0.9771,1
/home/student/Downloads/imagenet_ai_0419_biggan/val/ai/166_biggan_00127.png,1,0.9559,1
/home/student/Downloads/imagenet_ai_0419_biggan/val/ai/166_biggan_00143.png,1,0.9997,1
/home/student/Downloads/imagenet_ai_0419_biggan/val/ai/167_biggan_00020.png,1,0.9834,1
/home/student/Downloads/imagenet_ai_0419_biggan/val/ai/167_biggan_00035.png,1,0.9135,1
/home/student/Downloads/imagenet_ai_0419_biggan/val/ai/167_biggan_00039.png,1,0.9960,1
/home/student/Downloads/imagenet_ai_0419_biggan/val/ai/167_biggan_00074.png,1,0.9460,1
/home/student/Downloads/imagenet_ai_0419_biggan/val/ai/167_biggan_00127.png,1,0.9994,1
/home/student/Downloads/imagenet_ai_0419_biggan/val/ai/167_biggan_00143.png,1,0.9099,1
/home/student/Downloads/imagenet_ai_0419_biggan/val/ai/168_biggan_00020.png,1,0.3438,0
/home/student/Downloads/imagenet_ai_0419_biggan/val/ai/168_biggan_00035.png,1,0.0290,0
/home/student/Downloads/imagenet_ai_0419_biggan/val/ai/168_biggan_00039.png,1,0.9688,1
/home/student/Downloads/imagenet_ai_0419_biggan/val/ai/168_biggan_00074.png,1,0.1038,0
/home/student/Downloads/imagenet_ai_0419_biggan/val/ai/168_biggan_00127.png,1,0.9079,1
/home/student/Downloads/imagenet_ai_0419_biggan/val/ai/168_biggan_00143.png,1,0.0434,0
/home/student/Downloads/imagenet_ai_0419_biggan/val/ai/169_biggan_00020.png,1,0.0110,0
/home/student/Downloads/imagenet_ai_0419_biggan/val/ai/169_biggan_00035.png,1,0.5276,1
/home/student/Downloads/imagenet_ai_0419_biggan/val/ai/169_biggan_00039.png,1,0.8902,1
/home/student/Downloads/imagenet_ai_0419_biggan/val/ai/169_biggan_00074.png,1,0.9644,1
/home/student/Downloads/imagenet_ai_0419_biggan/val/ai/169_biggan_00127.png,1,0.8647,1
/home/student/Downloads/imagenet_ai_0419_biggan/val/ai/169_biggan_00143.png,1,0.9790,1
/home/student/Downloads/imagenet_ai_0419_biggan/val/ai/170_biggan_00020.png,1,0.5416,1
/home/student/Downloads/imagenet_ai_0419_biggan/val/ai/170_biggan_00035.png,1,0.0512,0
/home/student/Downloads/imagenet_ai_0419_biggan/val/ai/170_biggan_00039.png,1,0.1008,0
/home/student/Downloads/imagenet_ai_0419_biggan/val/ai/170_biggan_00074.png,1,0.1525,0
/home/student/Downloads/imagenet_ai_0419_biggan/val/ai/170_biggan_00127.png,1,0.6390,1
/home/student/Downloads/imagenet_ai_0419_biggan/val/ai/170_biggan_00143.png,1,0.0249,0
/home/student/Downloads/imagenet_ai_0419_biggan/val/ai/171_biggan_00020.png,1,0.6889,1
/home/student/Downloads/imagenet_ai_0419_biggan/val/ai/171_biggan_00035.png,1,0.0049,0
/home/student/Downloads/imagenet_ai_0419_biggan/val/ai/171_biggan_00039.png,1,0.9615,1
/home/student/Downloads/imagenet_ai_0419_biggan/val/ai/171_biggan_00074.png,1,0.9543,1
/home/student/Downloads/imagenet_ai_0419_biggan/val/ai/171_biggan_00127.png,1,0.9427,1
/home/student/Downloads/imagenet_ai_0419_biggan/val/ai/171_biggan_00143.png,1,0.9094,1
/home/student/Downloads/imagenet_ai_0419_biggan/val/ai/172_biggan_00020.png,1,0.6877,1
/home/student/Downloads/imagenet_ai_0419_biggan/val/ai/172_biggan_00035.png,1,0.0198,0
/home/student/Downloads/imagenet_ai_0419_biggan/val/ai/172_biggan_00039.png,1,0.0430,0
/home/student/Downloads/imagenet_ai_0419_biggan/val/ai/172_biggan_00074.png,1,0.0152,0
/home/student/Downloads/imagenet_ai_0419_biggan/val/ai/172_biggan_00127.png,1,0.0005,0
/home/student/Downloads/imagenet_ai_0419_biggan/val/ai/172_biggan_00143.png,1,0.0095,0
/home/student/Downloads/imagenet_ai_0419_biggan/val/ai/173_biggan_00020.png,1,0.9064,1
/home/student/Downloads/imagenet_ai_0419_biggan/val/ai/173_biggan_00035.png,1,0.7272,1
/home/student/Downloads/imagenet_ai_0419_biggan/val/ai/173_biggan_00039.png,1,0.9634,1
/home/student/Downloads/imagenet_ai_0419_biggan/val/ai/173_biggan_00074.png,1,0.4996,0
/home/student/Downloads/imagenet_ai_0419_biggan/val/ai/173_biggan_00127.png,1,0.0606,0
/home/student/Downloads/imagenet_ai_0419_biggan/val/ai/173_biggan_00143.png,1,0.0553,0
/home/student/Downloads/imagenet_ai_0419_biggan/val/ai/174_biggan_00020.png,1,0.2205,0
/home/student/Downloads/imagenet_ai_0419_biggan/val/ai/174_biggan_00035.png,1,0.0603,0
/home/student/Downloads/imagenet_ai_0419_biggan/val/ai/174_biggan_00039.png,1,0.0098,0
/home/student/Downloads/imagenet_ai_0419_biggan/val/ai/174_biggan_00074.png,1,0.0280,0
/home/student/Downloads/imagenet_ai_0419_biggan/val/ai/174_biggan_00127.png,1,0.0041,0
/home/student/Downloads/imagenet_ai_0419_biggan/val/ai/174_biggan_00143.png,1,0.2104,0
/home/student/Downloads/imagenet_ai_0419_biggan/val/ai/175_biggan_00020.png,1,0.7296,1
/home/student/Downloads/imagenet_ai_0419_biggan/val/ai/175_biggan_00035.png,1,0.6793,1
/home/student/Downloads/imagenet_ai_0419_biggan/val/ai/175_biggan_00039.png,1,0.8832,1
/home/student/Downloads/imagenet_ai_0419_biggan/val/ai/175_biggan_00074.png,1,0.4301,0
/home/student/Downloads/imagenet_ai_0419_biggan/val/ai/175_biggan_00127.png,1,0.9956,1
/home/student/Downloads/imagenet_ai_0419_biggan/val/ai/175_biggan_00143.png,1,0.9768,1
/home/student/Downloads/imagenet_ai_0419_biggan/val/ai/176_biggan_00020.png,1,0.9975,1
/home/student/Downloads/imagenet_ai_0419_biggan/val/ai/176_biggan_00035.png,1,0.1121,0
/home/student/Downloads/imagenet_ai_0419_biggan/val/ai/176_biggan_00039.png,1,0.0984,0
/home/student/Downloads/imagenet_ai_0419_biggan/val/ai/176_biggan_00074.png,1,0.0119,0
/home/student/Downloads/imagenet_ai_0419_biggan/val/ai/176_biggan_00127.png,1,0.9790,1
/home/student/Downloads/imagenet_ai_0419_biggan/val/ai/176_biggan_00143.png,1,0.9254,1
/home/student/Downloads/imagenet_ai_0419_biggan/val/ai/177_biggan_00020.png,1,0.8310,1
/home/student/Downloads/imagenet_ai_0419_biggan/val/ai/177_biggan_00035.png,1,0.0129,0
/home/student/Downloads/imagenet_ai_0419_biggan/val/ai/177_biggan_00039.png,1,0.0071,0
/home/student/Downloads/imagenet_ai_0419_biggan/val/ai/177_biggan_00074.png,1,0.4001,0
/home/student/Downloads/imagenet_ai_0419_biggan/val/ai/177_biggan_00127.png,1,0.7253,1
/home/student/Downloads/imagenet_ai_0419_biggan/val/ai/177_biggan_00143.png,1,0.0083,0
/home/student/Downloads/imagenet_ai_0419_biggan/val/ai/178_biggan_00020.png,1,0.9822,1
/home/student/Downloads/imagenet_ai_0419_biggan/val/ai/178_biggan_00035.png,1,0.8834,1
/home/student/Downloads/imagenet_ai_0419_biggan/val/ai/178_biggan_00039.png,1,0.9079,1
/home/student/Downloads/imagenet_ai_0419_biggan/val/ai/178_biggan_00074.png,1,0.9195,1
/home/student/Downloads/imagenet_ai_0419_biggan/val/ai/178_biggan_00127.png,1,0.9489,1
/home/student/Downloads/imagenet_ai_0419_biggan/val/ai/178_biggan_00143.png,1,0.6096,1
/home/student/Downloads/imagenet_ai_0419_biggan/val/ai/179_biggan_00020.png,1,0.8980,1
/home/student/Downloads/imagenet_ai_0419_biggan/val/ai/179_biggan_00035.png,1,0.9993,1
/home/student/Downloads/imagenet_ai_0419_biggan/val/ai/179_biggan_00039.png,1,0.0404,0
/home/student/Downloads/imagenet_ai_0419_biggan/val/ai/179_biggan_00074.png,1,0.8825,1
/home/student/Downloads/imagenet_ai_0419_biggan/val/ai/179_biggan_00127.png,1,0.8110,1
/home/student/Downloads/imagenet_ai_0419_biggan/val/ai/179_biggan_00143.png,1,0.0022,0
/home/student/Downloads/imagenet_ai_0419_biggan/val/ai/180_biggan_00020.png,1,0.5416,1
/home/student/Downloads/imagenet_ai_0419_biggan/val/ai/180_biggan_00035.png,1,0.0701,0
/home/student/Downloads/imagenet_ai_0419_biggan/val/ai/180_biggan_00039.png,1,0.0013,0
/home/student/Downloads/imagenet_ai_0419_biggan/val/ai/180_biggan_00074.png,1,0.9467,1
/home/student/Downloads/imagenet_ai_0419_biggan/val/ai/180_biggan_00127.png,1,0.2846,0
/home/student/Downloads/imagenet_ai_0419_biggan/val/ai/180_biggan_00143.png,1,0.1804,0
/home/student/Downloads/imagenet_ai_0419_biggan/val/ai/181_biggan_00020.png,1,0.9964,1
/home/student/Downloads/imagenet_ai_0419_biggan/val/ai/181_biggan_00035.png,1,0.5614,1
/home/student/Downloads/imagenet_ai_0419_biggan/val/ai/181_biggan_00039.png,1,0.0124,0
/home/student/Downloads/imagenet_ai_0419_biggan/val/ai/181_biggan_00074.png,1,0.8812,1
/home/student/Downloads/imagenet_ai_0419_biggan/val/ai/181_biggan_00127.png,1,0.9484,1
/home/student/Downloads/imagenet_ai_0419_biggan/val/ai/181_biggan_00143.png,1,0.8710,1
/home/student/Downloads/imagenet_ai_0419_biggan/val/ai/182_biggan_00020.png,1,0.4949,0
/home/student/Downloads/imagenet_ai_0419_biggan/val/ai/182_biggan_00035.png,1,0.1594,0
/home/student/Downloads/imagenet_ai_0419_biggan/val/ai/182_biggan_00039.png,1,0.6191,1
/home/student/Downloads/imagenet_ai_0419_biggan/val/ai/182_biggan_00074.png,1,0.0003,0
/home/student/Downloads/imagenet_ai_0419_biggan/val/ai/182_biggan_00127.png,1,0.2769,0
/home/student/Downloads/imagenet_ai_0419_biggan/val/ai/182_biggan_00143.png,1,0.7209,1
/home/student/Downloads/imagenet_ai_0419_biggan/val/ai/183_biggan_00020.png,1,0.9805,1
/home/student/Downloads/imagenet_ai_0419_biggan/val/ai/183_biggan_00035.png,1,0.9995,1
/home/student/Downloads/imagenet_ai_0419_biggan/val/ai/183_biggan_00039.png,1,0.9850,1
/home/student/Downloads/imagenet_ai_0419_biggan/val/ai/183_biggan_00074.png,1,0.8392,1
/home/student/Downloads/imagenet_ai_0419_biggan/val/ai/183_biggan_00127.png,1,0.4938,0
/home/student/Downloads/imagenet_ai_0419_biggan/val/ai/183_biggan_00143.png,1,0.8760,1
/home/student/Downloads/imagenet_ai_0419_biggan/val/ai/184_biggan_00020.png,1,0.2152,0
/home/student/Downloads/imagenet_ai_0419_biggan/val/ai/184_biggan_00035.png,1,0.9901,1
/home/student/Downloads/imagenet_ai_0419_biggan/val/ai/184_biggan_00039.png,1,0.6251,1
/home/student/Downloads/imagenet_ai_0419_biggan/val/ai/184_biggan_00074.png,1,0.6516,1
/home/student/Downloads/imagenet_ai_0419_biggan/val/ai/184_biggan_00127.png,1,0.1145,0
/home/student/Downloads/imagenet_ai_0419_biggan/val/ai/184_biggan_00143.png,1,0.0376,0
/home/student/Downloads/imagenet_ai_0419_biggan/val/ai/185_biggan_00020.png,1,0.5630,1
/home/student/Downloads/imagenet_ai_0419_biggan/val/ai/185_biggan_00035.png,1,0.3640,0
/home/student/Downloads/imagenet_ai_0419_biggan/val/ai/185_biggan_00039.png,1,0.0100,0
/home/student/Downloads/imagenet_ai_0419_biggan/val/ai/185_biggan_00074.png,1,0.2973,0
/home/student/Downloads/imagenet_ai_0419_biggan/val/ai/185_biggan_00127.png,1,1.0000,1
/home/student/Downloads/imagenet_ai_0419_biggan/val/ai/185_biggan_00143.png,1,0.9899,1
/home/student/Downloads/imagenet_ai_0419_biggan/val/ai/186_biggan_00020.png,1,0.9324,1
/home/student/Downloads/imagenet_ai_0419_biggan/val/ai/186_biggan_00035.png,1,0.9522,1
/home/student/Downloads/imagenet_ai_0419_biggan/val/ai/186_biggan_00039.png,1,0.9011,1
/home/student/Downloads/imagenet_ai_0419_biggan/val/ai/186_biggan_00074.png,1,0.0089,0
/home/student/Downloads/imagenet_ai_0419_biggan/val/ai/186_biggan_00127.png,1,0.0987,0
/home/student/Downloads/imagenet_ai_0419_biggan/val/ai/186_biggan_00143.png,1,0.9719,1
/home/student/Downloads/imagenet_ai_0419_biggan/val/ai/187_biggan_00020.png,1,0.5390,1
/home/student/Downloads/imagenet_ai_0419_biggan/val/ai/187_biggan_00035.png,1,0.8313,1
/home/student/Downloads/imagenet_ai_0419_biggan/val/ai/187_biggan_00039.png,1,0.9894,1
/home/student/Downloads/imagenet_ai_0419_biggan/val/ai/187_biggan_00074.png,1,0.7476,1
/home/student/Downloads/imagenet_ai_0419_biggan/val/ai/187_biggan_00127.png,1,0.1392,0
/home/student/Downloads/imagenet_ai_0419_biggan/val/ai/187_biggan_00143.png,1,0.0428,0
/home/student/Downloads/imagenet_ai_0419_biggan/val/ai/188_biggan_00020.png,1,0.7781,1
/home/student/Downloads/imagenet_ai_0419_biggan/val/ai/188_biggan_00035.png,1,0.9457,1
/home/student/Downloads/imagenet_ai_0419_biggan/val/ai/188_biggan_00039.png,1,0.5130,1
/home/student/Downloads/imagenet_ai_0419_biggan/val/ai/188_biggan_00074.png,1,0.3233,0
/home/student/Downloads/imagenet_ai_0419_biggan/val/ai/188_biggan_00127.png,1,0.8526,1
/home/student/Downloads/imagenet_ai_0419_biggan/val/ai/188_biggan_00143.png,1,0.3234,0
/home/student/Downloads/imagenet_ai_0419_biggan/val/ai/189_biggan_00020.png,1,0.0323,0
/home/student/Downloads/imagenet_ai_0419_biggan/val/ai/189_biggan_00035.png,1,0.0014,0
/home/student/Downloads/imagenet_ai_0419_biggan/val/ai/189_biggan_00039.png,1,0.5702,1
/home/student/Downloads/imagenet_ai_0419_biggan/val/ai/189_biggan_00074.png,1,0.1201,0
/home/student/Downloads/imagenet_ai_0419_biggan/val/ai/189_biggan_00127.png,1,0.3002,0
/home/student/Downloads/imagenet_ai_0419_biggan/val/ai/189_biggan_00143.png,1,0.9423,1
/home/student/Downloads/imagenet_ai_0419_biggan/val/ai/190_biggan_00020.png,1,0.8944,1
/home/student/Downloads/imagenet_ai_0419_biggan/val/ai/190_biggan_00035.png,1,0.8317,1
/home/student/Downloads/imagenet_ai_0419_biggan/val/ai/190_biggan_00039.png,1,0.9976,1
/home/student/Downloads/imagenet_ai_0419_biggan/val/ai/190_biggan_00074.png,1,0.9857,1
/home/student/Downloads/imagenet_ai_0419_biggan/val/ai/190_biggan_00127.png,1,0.9997,1
/home/student/Downloads/imagenet_ai_0419_biggan/val/ai/190_biggan_00143.png,1,0.9858,1
/home/student/Downloads/imagenet_ai_0419_biggan/val/ai/191_biggan_00020.png,1,0.0029,0
/home/student/Downloads/imagenet_ai_0419_biggan/val/ai/191_biggan_00035.png,1,0.7913,1
/home/student/Downloads/imagenet_ai_0419_biggan/val/ai/191_biggan_00039.png,1,0.3329,0
/home/student/Downloads/imagenet_ai_0419_biggan/val/ai/191_biggan_00074.png,1,0.0033,0
/home/student/Downloads/imagenet_ai_0419_biggan/val/ai/191_biggan_00127.png,1,0.1702,0
/home/student/Downloads/imagenet_ai_0419_biggan/val/ai/191_biggan_00143.png,1,0.9816,1
/home/student/Downloads/imagenet_ai_0419_biggan/val/ai/192_biggan_00020.png,1,0.0082,0
/home/student/Downloads/imagenet_ai_0419_biggan/val/ai/192_biggan_00035.png,1,0.0029,0
/home/student/Downloads/imagenet_ai_0419_biggan/val/ai/192_biggan_00039.png,1,0.5563,1
/home/student/Downloads/imagenet_ai_0419_biggan/val/ai/192_biggan_00074.png,1,0.1296,0
/home/student/Downloads/imagenet_ai_0419_biggan/val/ai/192_biggan_00127.png,1,0.0133,0
/home/student/Downloads/imagenet_ai_0419_biggan/val/ai/192_biggan_00143.png,1,0.0573,0
/home/student/Downloads/imagenet_ai_0419_biggan/val/ai/193_biggan_00020.png,1,0.5684,1
/home/student/Downloads/imagenet_ai_0419_biggan/val/ai/193_biggan_00035.png,1,0.9961,1
/home/student/Downloads/imagenet_ai_0419_biggan/val/ai/193_biggan_00039.png,1,0.5782,1
/home/student/Downloads/imagenet_ai_0419_biggan/val/ai/193_biggan_00074.png,1,0.9947,1
/home/student/Downloads/imagenet_ai_0419_biggan/val/ai/193_biggan_00127.png,1,0.0082,0
/home/student/Downloads/imagenet_ai_0419_biggan/val/ai/193_biggan_00143.png,1,0.9570,1
/home/student/Downloads/imagenet_ai_0419_biggan/val/ai/194_biggan_00020.png,1,0.9886,1
/home/student/Downloads/imagenet_ai_0419_biggan/val/ai/194_biggan_00035.png,1,0.8662,1
/home/student/Downloads/imagenet_ai_0419_biggan/val/ai/194_biggan_00039.png,1,0.6400,1
/home/student/Downloads/imagenet_ai_0419_biggan/val/ai/194_biggan_00074.png,1,0.3563,0
/home/student/Downloads/imagenet_ai_0419_biggan/val/ai/194_biggan_00127.png,1,0.8520,1
/home/student/Downloads/imagenet_ai_0419_biggan/val/ai/194_biggan_00143.png,1,0.9877,1
/home/student/Downloads/imagenet_ai_0419_biggan/val/ai/195_biggan_00020.png,1,0.9999,1
/home/student/Downloads/imagenet_ai_0419_biggan/val/ai/195_biggan_00035.png,1,0.9253,1
/home/student/Downloads/imagenet_ai_0419_biggan/val/ai/195_biggan_00039.png,1,0.9714,1
/home/student/Downloads/imagenet_ai_0419_biggan/val/ai/195_biggan_00074.png,1,0.9524,1
/home/student/Downloads/imagenet_ai_0419_biggan/val/ai/195_biggan_00127.png,1,0.9495,1
/home/student/Downloads/imagenet_ai_0419_biggan/val/ai/195_biggan_00143.png,1,0.9845,1
/home/student/Downloads/imagenet_ai_0419_biggan/val/ai/196_biggan_00020.png,1,0.0219,0
/home/student/Downloads/imagenet_ai_0419_biggan/val/ai/196_biggan_00035.png,1,0.0538,0
/home/student/Downloads/imagenet_ai_0419_biggan/val/ai/196_biggan_00039.png,1,0.0019,0
/home/student/Downloads/imagenet_ai_0419_biggan/val/ai/196_biggan_00074.png,1,0.6433,1
/home/student/Downloads/imagenet_ai_0419_biggan/val/ai/196_biggan_00127.png,1,0.0393,0
/home/student/Downloads/imagenet_ai_0419_biggan/val/ai/196_biggan_00143.png,1,0.9597,1
/home/student/Downloads/imagenet_ai_0419_biggan/val/ai/197_biggan_00020.png,1,0.9252,1
/home/student/Downloads/imagenet_ai_0419_biggan/val/ai/197_biggan_00035.png,1,0.9979,1
/home/student/Downloads/imagenet_ai_0419_biggan/val/ai/197_biggan_00039.png,1,0.0628,0
/home/student/Downloads/imagenet_ai_0419_biggan/val/ai/197_biggan_00074.png,1,0.5731,1
/home/student/Downloads/imagenet_ai_0419_biggan/val/ai/197_biggan_00127.png,1,0.2738,0
/home/student/Downloads/imagenet_ai_0419_biggan/val/ai/197_biggan_00143.png,1,0.1621,0
/home/student/Downloads/imagenet_ai_0419_biggan/val/ai/198_biggan_00020.png,1,0.2197,0
/home/student/Downloads/imagenet_ai_0419_biggan/val/ai/198_biggan_00035.png,1,0.6708,1
/home/student/Downloads/imagenet_ai_0419_biggan/val/ai/198_biggan_00039.png,1,0.7465,1
/home/student/Downloads/imagenet_ai_0419_biggan/val/ai/198_biggan_00074.png,1,0.9173,1
/home/student/Downloads/imagenet_ai_0419_biggan/val/ai/198_biggan_00127.png,1,0.2663,0
/home/student/Downloads/imagenet_ai_0419_biggan/val/ai/198_biggan_00143.png,1,0.8053,1
/home/student/Downloads/imagenet_ai_0419_biggan/val/ai/199_biggan_00020.png,1,0.9947,1
/home/student/Downloads/imagenet_ai_0419_biggan/val/ai/199_biggan_00035.png,1,0.4775,0
/home/student/Downloads/imagenet_ai_0419_biggan/val/ai/199_biggan_00039.png,1,0.9845,1
/home/student/Downloads/imagenet_ai_0419_biggan/val/ai/199_biggan_00074.png,1,0.3559,0
/home/student/Downloads/imagenet_ai_0419_biggan/val/ai/199_biggan_00127.png,1,0.0838,0
/home/student/Downloads/imagenet_ai_0419_biggan/val/ai/199_biggan_00143.png,1,0.0192,0
/home/student/Downloads/imagenet_ai_0419_biggan/val/ai/200_biggan_00020.png,1,0.9926,1
/home/student/Downloads/imagenet_ai_0419_biggan/val/ai/200_biggan_00035.png,1,0.9845,1
/home/student/Downloads/imagenet_ai_0419_biggan/val/ai/200_biggan_00039.png,1,0.9420,1
/home/student/Downloads/imagenet_ai_0419_biggan/val/ai/200_biggan_00074.png,1,0.7721,1
/home/student/Downloads/imagenet_ai_0419_biggan/val/ai/200_biggan_00127.png,1,0.9890,1
/home/student/Downloads/imagenet_ai_0419_biggan/val/ai/200_biggan_00143.png,1,0.8489,1
/home/student/Downloads/imagenet_ai_0419_biggan/val/ai/201_biggan_00020.png,1,0.8998,1
/home/student/Downloads/imagenet_ai_0419_biggan/val/ai/201_biggan_00035.png,1,0.1214,0
/home/student/Downloads/imagenet_ai_0419_biggan/val/ai/201_biggan_00039.png,1,0.9862,1
/home/student/Downloads/imagenet_ai_0419_biggan/val/ai/201_biggan_00074.png,1,0.0002,0
/home/student/Downloads/imagenet_ai_0419_biggan/val/ai/201_biggan_00127.png,1,0.0106,0
/home/student/Downloads/imagenet_ai_0419_biggan/val/ai/201_biggan_00143.png,1,0.5813,1
/home/student/Downloads/imagenet_ai_0419_biggan/val/ai/202_biggan_00020.png,1,0.0002,0
/home/student/Downloads/imagenet_ai_0419_biggan/val/ai/202_biggan_00035.png,1,0.0098,0
/home/student/Downloads/imagenet_ai_0419_biggan/val/ai/202_biggan_00039.png,1,0.0011,0
/home/student/Downloads/imagenet_ai_0419_biggan/val/ai/202_biggan_00074.png,1,0.1437,0
/home/student/Downloads/imagenet_ai_0419_biggan/val/ai/202_biggan_00127.png,1,0.0002,0
/home/student/Downloads/imagenet_ai_0419_biggan/val/ai/202_biggan_00143.png,1,0.0130,0
/home/student/Downloads/imagenet_ai_0419_biggan/val/ai/203_biggan_00020.png,1,0.0015,0
/home/student/Downloads/imagenet_ai_0419_biggan/val/ai/203_biggan_00035.png,1,0.0080,0
/home/student/Downloads/imagenet_ai_0419_biggan/val/ai/203_biggan_00039.png,1,0.8285,1
/home/student/Downloads/imagenet_ai_0419_biggan/val/ai/203_biggan_00074.png,1,0.9979,1
/home/student/Downloads/imagenet_ai_0419_biggan/val/ai/203_biggan_00127.png,1,0.3412,0
/home/student/Downloads/imagenet_ai_0419_biggan/val/ai/203_biggan_00143.png,1,0.1247,0
/home/student/Downloads/imagenet_ai_0419_biggan/val/ai/204_biggan_00020.png,1,0.0467,0
/home/student/Downloads/imagenet_ai_0419_biggan/val/ai/204_biggan_00035.png,1,0.8593,1
/home/student/Downloads/imagenet_ai_0419_biggan/val/ai/204_biggan_00039.png,1,0.9699,1
/home/student/Downloads/imagenet_ai_0419_biggan/val/ai/204_biggan_00074.png,1,0.9473,1
/home/student/Downloads/imagenet_ai_0419_biggan/val/ai/204_biggan_00127.png,1,0.9810,1
/home/student/Downloads/imagenet_ai_0419_biggan/val/ai/204_biggan_00143.png,1,0.4739,0
/home/student/Downloads/imagenet_ai_0419_biggan/val/ai/205_biggan_00020.png,1,0.9153,1
/home/student/Downloads/imagenet_ai_0419_biggan/val/ai/205_biggan_00035.png,1,0.4152,0
/home/student/Downloads/imagenet_ai_0419_biggan/val/ai/205_biggan_00039.png,1,0.9858,1
/home/student/Downloads/imagenet_ai_0419_biggan/val/ai/205_biggan_00074.png,1,0.9455,1
/home/student/Downloads/imagenet_ai_0419_biggan/val/ai/205_biggan_00127.png,1,0.9750,1
/home/student/Downloads/imagenet_ai_0419_biggan/val/ai/205_biggan_00143.png,1,0.9730,1
/home/student/Downloads/imagenet_ai_0419_biggan/val/ai/206_biggan_00020.png,1,0.0941,0
/home/student/Downloads/imagenet_ai_0419_biggan/val/ai/206_biggan_00035.png,1,0.5479,1
/home/student/Downloads/imagenet_ai_0419_biggan/val/ai/206_biggan_00039.png,1,0.9667,1
/home/student/Downloads/imagenet_ai_0419_biggan/val/ai/206_biggan_00074.png,1,0.9670,1
/home/student/Downloads/imagenet_ai_0419_biggan/val/ai/206_biggan_00127.png,1,0.3521,0
/home/student/Downloads/imagenet_ai_0419_biggan/val/ai/206_biggan_00143.png,1,0.2249,0
/home/student/Downloads/imagenet_ai_0419_biggan/val/ai/207_biggan_00020.png,1,0.6055,1
/home/student/Downloads/imagenet_ai_0419_biggan/val/ai/207_biggan_00035.png,1,0.8724,1
/home/student/Downloads/imagenet_ai_0419_biggan/val/ai/207_biggan_00039.png,1,0.2185,0
/home/student/Downloads/imagenet_ai_0419_biggan/val/ai/207_biggan_00074.png,1,0.2462,0
/home/student/Downloads/imagenet_ai_0419_biggan/val/ai/207_biggan_00127.png,1,0.0205,0
/home/student/Downloads/imagenet_ai_0419_biggan/val/ai/207_biggan_00143.png,1,0.9919,1
/home/student/Downloads/imagenet_ai_0419_biggan/val/ai/208_biggan_00020.png,1,0.4127,0
/home/student/Downloads/imagenet_ai_0419_biggan/val/ai/208_biggan_00035.png,1,0.7027,1
/home/student/Downloads/imagenet_ai_0419_biggan/val/ai/208_biggan_00039.png,1,0.8989,1
/home/student/Downloads/imagenet_ai_0419_biggan/val/ai/208_biggan_00074.png,1,0.0799,0
/home/student/Downloads/imagenet_ai_0419_biggan/val/ai/208_biggan_00127.png,1,0.6473,1
/home/student/Downloads/imagenet_ai_0419_biggan/val/ai/208_biggan_00143.png,1,0.8851,1
/home/student/Downloads/imagenet_ai_0419_biggan/val/ai/209_biggan_00020.png,1,0.7169,1
/home/student/Downloads/imagenet_ai_0419_biggan/val/ai/209_biggan_00035.png,1,0.0039,0
/home/student/Downloads/imagenet_ai_0419_biggan/val/ai/209_biggan_00039.png,1,0.3772,0
/home/student/Downloads/imagenet_ai_0419_biggan/val/ai/209_biggan_00074.png,1,0.9329,1
/home/student/Downloads/imagenet_ai_0419_biggan/val/ai/209_biggan_00127.png,1,0.7145,1
/home/student/Downloads/imagenet_ai_0419_biggan/val/ai/209_biggan_00143.png,1,0.9698,1
/home/student/Downloads/imagenet_ai_0419_biggan/val/ai/210_biggan_00020.png,1,0.2758,0
/home/student/Downloads/imagenet_ai_0419_biggan/val/ai/210_biggan_00035.png,1,0.9771,1
/home/student/Downloads/imagenet_ai_0419_biggan/val/ai/210_biggan_00039.png,1,0.9460,1
/home/student/Downloads/imagenet_ai_0419_biggan/val/ai/210_biggan_00074.png,1,0.0261,0
/home/student/Downloads/imagenet_ai_0419_biggan/val/ai/210_biggan_00127.png,1,0.3922,0
/home/student/Downloads/imagenet_ai_0419_biggan/val/ai/210_biggan_00143.png,1,0.1525,0
/home/student/Downloads/imagenet_ai_0419_biggan/val/ai/211_biggan_00020.png,1,0.5989,1
/home/student/Downloads/imagenet_ai_0419_biggan/val/ai/211_biggan_00035.png,1,0.2883,0
/home/student/Downloads/imagenet_ai_0419_biggan/val/ai/211_biggan_00039.png,1,0.2976,0
/home/student/Downloads/imagenet_ai_0419_biggan/val/ai/211_biggan_00074.png,1,0.7889,1
/home/student/Downloads/imagenet_ai_0419_biggan/val/ai/211_biggan_00127.png,1,0.1716,0
/home/student/Downloads/imagenet_ai_0419_biggan/val/ai/211_biggan_00143.png,1,0.0283,0
/home/student/Downloads/imagenet_ai_0419_biggan/val/ai/212_biggan_00020.png,1,0.4984,0
/home/student/Downloads/imagenet_ai_0419_biggan/val/ai/212_biggan_00035.png,1,0.9892,1
/home/student/Downloads/imagenet_ai_0419_biggan/val/ai/212_biggan_00039.png,1,0.1213,0
/home/student/Downloads/imagenet_ai_0419_biggan/val/ai/212_biggan_00074.png,1,0.0705,0
/home/student/Downloads/imagenet_ai_0419_biggan/val/ai/212_biggan_00127.png,1,0.9363,1
/home/student/Downloads/imagenet_ai_0419_biggan/val/ai/212_biggan_00143.png,1,0.0075,0
/home/student/Downloads/imagenet_ai_0419_biggan/val/ai/213_biggan_00020.png,1,0.0837,0
/home/student/Downloads/imagenet_ai_0419_biggan/val/ai/213_biggan_00035.png,1,0.0208,0
/home/student/Downloads/imagenet_ai_0419_biggan/val/ai/213_biggan_00039.png,1,0.7813,1
/home/student/Downloads/imagenet_ai_0419_biggan/val/ai/213_biggan_00074.png,1,0.5166,1
/home/student/Downloads/imagenet_ai_0419_biggan/val/ai/213_biggan_00127.png,1,0.9861,1
/home/student/Downloads/imagenet_ai_0419_biggan/val/ai/213_biggan_00143.png,1,0.9998,1
/home/student/Downloads/imagenet_ai_0419_biggan/val/ai/214_biggan_00020.png,1,0.2778,0
/home/student/Downloads/imagenet_ai_0419_biggan/val/ai/214_biggan_00035.png,1,0.9916,1
/home/student/Downloads/imagenet_ai_0419_biggan/val/ai/214_biggan_00039.png,1,0.3771,0
/home/student/Downloads/imagenet_ai_0419_biggan/val/ai/214_biggan_00074.png,1,0.4053,0
/home/student/Downloads/imagenet_ai_0419_biggan/val/ai/214_biggan_00127.png,1,0.9562,1
/home/student/Downloads/imagenet_ai_0419_biggan/val/ai/214_biggan_00143.png,1,0.9950,1
/home/student/Downloads/imagenet_ai_0419_biggan/val/ai/215_biggan_00020.png,1,0.8781,1
/home/student/Downloads/imagenet_ai_0419_biggan/val/ai/215_biggan_00035.png,1,0.8497,1
/home/student/Downloads/imagenet_ai_0419_biggan/val/ai/215_biggan_00039.png,1,0.0012,0
/home/student/Downloads/imagenet_ai_0419_biggan/val/ai/215_biggan_00074.png,1,0.4415,0
/home/student/Downloads/imagenet_ai_0419_biggan/val/ai/215_biggan_00127.png,1,0.8470,1
/home/student/Downloads/imagenet_ai_0419_biggan/val/ai/215_biggan_00143.png,1,0.7282,1
/home/student/Downloads/imagenet_ai_0419_biggan/val/ai/216_biggan_00020.png,1,0.8404,1
/home/student/Downloads/imagenet_ai_0419_biggan/val/ai/216_biggan_00035.png,1,0.8416,1
/home/student/Downloads/imagenet_ai_0419_biggan/val/ai/216_biggan_00039.png,1,0.9981,1
/home/student/Downloads/imagenet_ai_0419_biggan/val/ai/216_biggan_00074.png,1,0.9167,1
/home/student/Downloads/imagenet_ai_0419_biggan/val/ai/216_biggan_00127.png,1,0.9608,1
/home/student/Downloads/imagenet_ai_0419_biggan/val/ai/216_biggan_00143.png,1,0.9568,1
/home/student/Downloads/imagenet_ai_0419_biggan/val/ai/217_biggan_00020.png,1,0.9942,1
/home/student/Downloads/imagenet_ai_0419_biggan/val/ai/217_biggan_00035.png,1,0.0181,0
/home/student/Downloads/imagenet_ai_0419_biggan/val/ai/217_biggan_00039.png,1,0.9952,1
/home/student/Downloads/imagenet_ai_0419_biggan/val/ai/217_biggan_00074.png,1,0.9033,1
/home/student/Downloads/imagenet_ai_0419_biggan/val/ai/217_biggan_00127.png,1,0.8938,1
/home/student/Downloads/imagenet_ai_0419_biggan/val/ai/217_biggan_00143.png,1,0.8072,1
/home/student/Downloads/imagenet_ai_0419_biggan/val/ai/218_biggan_00020.png,1,0.0492,0
/home/student/Downloads/imagenet_ai_0419_biggan/val/ai/218_biggan_00035.png,1,0.3785,0
/home/student/Downloads/imagenet_ai_0419_biggan/val/ai/218_biggan_00039.png,1,0.6781,1
/home/student/Downloads/imagenet_ai_0419_biggan/val/ai/218_biggan_00074.png,1,0.8194,1
/home/student/Downloads/imagenet_ai_0419_biggan/val/ai/218_biggan_00127.png,1,0.9256,1
/home/student/Downloads/imagenet_ai_0419_biggan/val/ai/218_biggan_00143.png,1,0.0147,0
/home/student/Downloads/imagenet_ai_0419_biggan/val/ai/219_biggan_00020.png,1,0.9893,1
/home/student/Downloads/imagenet_ai_0419_biggan/val/ai/219_biggan_00035.png,1,0.9865,1
/home/student/Downloads/imagenet_ai_0419_biggan/val/ai/219_biggan_00039.png,1,0.0686,0
/home/student/Downloads/imagenet_ai_0419_biggan/val/ai/219_biggan_00074.png,1,0.9145,1
/home/student/Downloads/imagenet_ai_0419_biggan/val/ai/219_biggan_00127.png,1,0.9995,1
/home/student/Downloads/imagenet_ai_0419_biggan/val/ai/219_biggan_00143.png,1,0.9610,1
/home/student/Downloads/imagenet_ai_0419_biggan/val/ai/220_biggan_00020.png,1,0.7913,1
/home/student/Downloads/imagenet_ai_0419_biggan/val/ai/220_biggan_00035.png,1,0.6775,1
/home/student/Downloads/imagenet_ai_0419_biggan/val/ai/220_biggan_00039.png,1,0.3745,0
/home/student/Downloads/imagenet_ai_0419_biggan/val/ai/220_biggan_00074.png,1,0.9524,1
/home/student/Downloads/imagenet_ai_0419_biggan/val/ai/220_biggan_00127.png,1,0.4189,0
/home/student/Downloads/imagenet_ai_0419_biggan/val/ai/220_biggan_00143.png,1,0.9620,1
/home/student/Downloads/imagenet_ai_0419_biggan/val/ai/221_biggan_00020.png,1,0.2581,0
/home/student/Downloads/imagenet_ai_0419_biggan/val/ai/221_biggan_00035.png,1,0.9821,1
/home/student/Downloads/imagenet_ai_0419_biggan/val/ai/221_biggan_00039.png,1,0.5265,1
/home/student/Downloads/imagenet_ai_0419_biggan/val/ai/221_biggan_00074.png,1,0.0075,0
/home/student/Downloads/imagenet_ai_0419_biggan/val/ai/221_biggan_00127.png,1,0.8278,1
/home/student/Downloads/imagenet_ai_0419_biggan/val/ai/221_biggan_00143.png,1,0.0044,0
/home/student/Downloads/imagenet_ai_0419_biggan/val/ai/222_biggan_00020.png,1,0.3987,0
/home/student/Downloads/imagenet_ai_0419_biggan/val/ai/222_biggan_00035.png,1,0.8869,1
/home/student/Downloads/imagenet_ai_0419_biggan/val/ai/222_biggan_00039.png,1,0.5680,1
/home/student/Downloads/imagenet_ai_0419_biggan/val/ai/222_biggan_00074.png,1,0.6466,1
/home/student/Downloads/imagenet_ai_0419_biggan/val/ai/222_biggan_00127.png,1,0.7105,1
/home/student/Downloads/imagenet_ai_0419_biggan/val/ai/222_biggan_00143.png,1,0.5400,1
/home/student/Downloads/imagenet_ai_0419_biggan/val/ai/223_biggan_00020.png,1,0.0198,0
/home/student/Downloads/imagenet_ai_0419_biggan/val/ai/223_biggan_00035.png,1,0.9928,1
/home/student/Downloads/imagenet_ai_0419_biggan/val/ai/223_biggan_00039.png,1,0.9980,1
/home/student/Downloads/imagenet_ai_0419_biggan/val/ai/223_biggan_00074.png,1,0.8669,1
/home/student/Downloads/imagenet_ai_0419_biggan/val/ai/223_biggan_00127.png,1,0.9417,1
/home/student/Downloads/imagenet_ai_0419_biggan/val/ai/223_biggan_00143.png,1,0.9965,1
/home/student/Downloads/imagenet_ai_0419_biggan/val/ai/224_biggan_00020.png,1,0.9190,1
/home/student/Downloads/imagenet_ai_0419_biggan/val/ai/224_biggan_00035.png,1,0.9338,1
/home/student/Downloads/imagenet_ai_0419_biggan/val/ai/224_biggan_00039.png,1,0.0317,0
/home/student/Downloads/imagenet_ai_0419_biggan/val/ai/224_biggan_00074.png,1,0.9599,1
/home/student/Downloads/imagenet_ai_0419_biggan/val/ai/224_biggan_00127.png,1,0.9312,1
/home/student/Downloads/imagenet_ai_0419_biggan/val/ai/224_biggan_00143.png,1,0.7747,1
/home/student/Downloads/imagenet_ai_0419_biggan/val/ai/225_biggan_00020.png,1,0.0029,0
/home/student/Downloads/imagenet_ai_0419_biggan/val/ai/225_biggan_00035.png,1,0.0426,0
/home/student/Downloads/imagenet_ai_0419_biggan/val/ai/225_biggan_00039.png,1,0.2758,0
/home/student/Downloads/imagenet_ai_0419_biggan/val/ai/225_biggan_00074.png,1,0.0413,0
/home/student/Downloads/imagenet_ai_0419_biggan/val/ai/225_biggan_00127.png,1,0.3226,0
/home/student/Downloads/imagenet_ai_0419_biggan/val/ai/225_biggan_00143.png,1,0.0417,0
/home/student/Downloads/imagenet_ai_0419_biggan/val/ai/226_biggan_00020.png,1,0.3323,0
/home/student/Downloads/imagenet_ai_0419_biggan/val/ai/226_biggan_00035.png,1,0.9734,1
/home/student/Downloads/imagenet_ai_0419_biggan/val/ai/226_biggan_00039.png,1,0.0055,0
/home/student/Downloads/imagenet_ai_0419_biggan/val/ai/226_biggan_00074.png,1,0.8931,1
/home/student/Downloads/imagenet_ai_0419_biggan/val/ai/226_biggan_00127.png,1,0.1378,0
/home/student/Downloads/imagenet_ai_0419_biggan/val/ai/226_biggan_00143.png,1,0.9785,1
/home/student/Downloads/imagenet_ai_0419_biggan/val/ai/227_biggan_00020.png,1,0.7771,1
/home/student/Downloads/imagenet_ai_0419_biggan/val/ai/227_biggan_00035.png,1,0.5861,1
/home/student/Downloads/imagenet_ai_0419_biggan/val/ai/227_biggan_00039.png,1,0.8234,1
/home/student/Downloads/imagenet_ai_0419_biggan/val/ai/227_biggan_00074.png,1,0.4444,0
/home/student/Downloads/imagenet_ai_0419_biggan/val/ai/227_biggan_00127.png,1,0.9805,1
/home/student/Downloads/imagenet_ai_0419_biggan/val/ai/227_biggan_00143.png,1,0.9997,1
/home/student/Downloads/imagenet_ai_0419_biggan/val/ai/228_biggan_00020.png,1,0.9873,1
/home/student/Downloads/imagenet_ai_0419_biggan/val/ai/228_biggan_00035.png,1,0.9918,1
/home/student/Downloads/imagenet_ai_0419_biggan/val/ai/228_biggan_00039.png,1,0.9912,1
/home/student/Downloads/imagenet_ai_0419_biggan/val/ai/228_biggan_00074.png,1,0.1827,0
/home/student/Downloads/imagenet_ai_0419_biggan/val/ai/228_biggan_00127.png,1,0.2550,0
/home/student/Downloads/imagenet_ai_0419_biggan/val/ai/228_biggan_00143.png,1,0.7966,1
/home/student/Downloads/imagenet_ai_0419_biggan/val/ai/229_biggan_00020.png,1,0.9706,1
/home/student/Downloads/imagenet_ai_0419_biggan/val/ai/229_biggan_00035.png,1,0.9753,1
/home/student/Downloads/imagenet_ai_0419_biggan/val/ai/229_biggan_00039.png,1,0.9620,1
/home/student/Downloads/imagenet_ai_0419_biggan/val/ai/229_biggan_00074.png,1,0.3289,0
/home/student/Downloads/imagenet_ai_0419_biggan/val/ai/229_biggan_00127.png,1,0.9435,1
/home/student/Downloads/imagenet_ai_0419_biggan/val/ai/229_biggan_00143.png,1,0.7867,1
/home/student/Downloads/imagenet_ai_0419_biggan/val/ai/230_biggan_00020.png,1,0.8053,1
/home/student/Downloads/imagenet_ai_0419_biggan/val/ai/230_biggan_00035.png,1,0.5251,1
/home/student/Downloads/imagenet_ai_0419_biggan/val/ai/230_biggan_00039.png,1,0.0780,0
/home/student/Downloads/imagenet_ai_0419_biggan/val/ai/230_biggan_00074.png,1,0.9584,1
/home/student/Downloads/imagenet_ai_0419_biggan/val/ai/230_biggan_00127.png,1,0.9572,1
/home/student/Downloads/imagenet_ai_0419_biggan/val/ai/230_biggan_00143.png,1,0.9872,1
/home/student/Downloads/imagenet_ai_0419_biggan/val/ai/231_biggan_00020.png,1,0.9455,1
/home/student/Downloads/imagenet_ai_0419_biggan/val/ai/231_biggan_00035.png,1,0.9948,1
/home/student/Downloads/imagenet_ai_0419_biggan/val/ai/231_biggan_00039.png,1,0.7510,1
/home/student/Downloads/imagenet_ai_0419_biggan/val/ai/231_biggan_00074.png,1,0.9803,1
/home/student/Downloads/imagenet_ai_0419_biggan/val/ai/231_biggan_00127.png,1,0.4359,0
/home/student/Downloads/imagenet_ai_0419_biggan/val/ai/231_biggan_00143.png,1,0.9865,1
/home/student/Downloads/imagenet_ai_0419_biggan/val/ai/232_biggan_00020.png,1,0.9034,1
/home/student/Downloads/imagenet_ai_0419_biggan/val/ai/232_biggan_00035.png,1,0.9396,1
/home/student/Downloads/imagenet_ai_0419_biggan/val/ai/232_biggan_00039.png,1,0.9724,1
/home/student/Downloads/imagenet_ai_0419_biggan/val/ai/232_biggan_00074.png,1,0.9971,1
/home/student/Downloads/imagenet_ai_0419_biggan/val/ai/232_biggan_00127.png,1,0.9467,1
/home/student/Downloads/imagenet_ai_0419_biggan/val/ai/232_biggan_00143.png,1,0.4806,0
/home/student/Downloads/imagenet_ai_0419_biggan/val/ai/233_biggan_00020.png,1,0.2640,0
/home/student/Downloads/imagenet_ai_0419_biggan/val/ai/233_biggan_00035.png,1,0.0963,0
/home/student/Downloads/imagenet_ai_0419_biggan/val/ai/233_biggan_00039.png,1,0.8576,1
/home/student/Downloads/imagenet_ai_0419_biggan/val/ai/233_biggan_00074.png,1,0.9725,1
/home/student/Downloads/imagenet_ai_0419_biggan/val/ai/233_biggan_00127.png,1,0.0025,0
/home/student/Downloads/imagenet_ai_0419_biggan/val/ai/233_biggan_00143.png,1,0.9039,1
/home/student/Downloads/imagenet_ai_0419_biggan/val/ai/234_biggan_00020.png,1,0.0059,0
/home/student/Downloads/imagenet_ai_0419_biggan/val/ai/234_biggan_00035.png,1,0.1749,0
/home/student/Downloads/imagenet_ai_0419_biggan/val/ai/234_biggan_00039.png,1,0.7402,1
/home/student/Downloads/imagenet_ai_0419_biggan/val/ai/234_biggan_00074.png,1,0.9595,1
/home/student/Downloads/imagenet_ai_0419_biggan/val/ai/234_biggan_00127.png,1,0.9126,1
/home/student/Downloads/imagenet_ai_0419_biggan/val/ai/234_biggan_00143.png,1,0.1137,0
/home/student/Downloads/imagenet_ai_0419_biggan/val/ai/235_biggan_00020.png,1,0.0185,0
/home/student/Downloads/imagenet_ai_0419_biggan/val/ai/235_biggan_00035.png,1,0.4151,0
/home/student/Downloads/imagenet_ai_0419_biggan/val/ai/235_biggan_00039.png,1,0.2194,0
/home/student/Downloads/imagenet_ai_0419_biggan/val/ai/235_biggan_00074.png,1,0.9513,1
/home/student/Downloads/imagenet_ai_0419_biggan/val/ai/235_biggan_00127.png,1,0.0045,0
/home/student/Downloads/imagenet_ai_0419_biggan/val/ai/235_biggan_00143.png,1,0.0109,0
/home/student/Downloads/imagenet_ai_0419_biggan/val/ai/236_biggan_00020.png,1,0.9820,1
/home/student/Downloads/imagenet_ai_0419_biggan/val/ai/236_biggan_00035.png,1,0.8798,1
/home/student/Downloads/imagenet_ai_0419_biggan/val/ai/236_biggan_00039.png,1,0.6365,1
/home/student/Downloads/imagenet_ai_0419_biggan/val/ai/236_biggan_00074.png,1,0.3218,0
/home/student/Downloads/imagenet_ai_0419_biggan/val/ai/236_biggan_00127.png,1,0.0531,0
/home/student/Downloads/imagenet_ai_0419_biggan/val/ai/236_biggan_00143.png,1,0.8837,1
/home/student/Downloads/imagenet_ai_0419_biggan/val/ai/237_biggan_00020.png,1,0.8131,1
/home/student/Downloads/imagenet_ai_0419_biggan/val/ai/237_biggan_00035.png,1,0.0362,0
/home/student/Downloads/imagenet_ai_0419_biggan/val/ai/237_biggan_00039.png,1,0.6080,1
/home/student/Downloads/imagenet_ai_0419_biggan/val/ai/237_biggan_00074.png,1,0.1122,0
/home/student/Downloads/imagenet_ai_0419_biggan/val/ai/237_biggan_00127.png,1,0.9228,1
/home/student/Downloads/imagenet_ai_0419_biggan/val/ai/237_biggan_00143.png,1,0.7965,1
/home/student/Downloads/imagenet_ai_0419_biggan/val/ai/238_biggan_00020.png,1,0.6825,1
/home/student/Downloads/imagenet_ai_0419_biggan/val/ai/238_biggan_00035.png,1,0.6505,1
/home/student/Downloads/imagenet_ai_0419_biggan/val/ai/238_biggan_00039.png,1,0.9357,1
/home/student/Downloads/imagenet_ai_0419_biggan/val/ai/238_biggan_00074.png,1,0.8679,1
/home/student/Downloads/imagenet_ai_0419_biggan/val/ai/238_biggan_00127.png,1,0.9997,1
/home/student/Downloads/imagenet_ai_0419_biggan/val/ai/238_biggan_00143.png,1,0.0755,0
/home/student/Downloads/imagenet_ai_0419_biggan/val/ai/239_biggan_00020.png,1,0.9808,1
/home/student/Downloads/imagenet_ai_0419_biggan/val/ai/239_biggan_00035.png,1,0.9963,1
/home/student/Downloads/imagenet_ai_0419_biggan/val/ai/239_biggan_00039.png,1,0.9859,1
/home/student/Downloads/imagenet_ai_0419_biggan/val/ai/239_biggan_00074.png,1,0.0076,0
/home/student/Downloads/imagenet_ai_0419_biggan/val/ai/239_biggan_00127.png,1,0.0065,0
/home/student/Downloads/imagenet_ai_0419_biggan/val/ai/239_biggan_00143.png,1,0.3848,0
/home/student/Downloads/imagenet_ai_0419_biggan/val/ai/240_biggan_00020.png,1,0.2861,0
/home/student/Downloads/imagenet_ai_0419_biggan/val/ai/240_biggan_00035.png,1,0.2136,0
/home/student/Downloads/imagenet_ai_0419_biggan/val/ai/240_biggan_00039.png,1,0.9913,1
/home/student/Downloads/imagenet_ai_0419_biggan/val/ai/240_biggan_00074.png,1,0.0440,0
/home/student/Downloads/imagenet_ai_0419_biggan/val/ai/240_biggan_00127.png,1,0.0026,0
/home/student/Downloads/imagenet_ai_0419_biggan/val/ai/240_biggan_00143.png,1,0.9767,1
/home/student/Downloads/imagenet_ai_0419_biggan/val/ai/241_biggan_00020.png,1,0.9549,1
/home/student/Downloads/imagenet_ai_0419_biggan/val/ai/241_biggan_00035.png,1,0.0538,0
/home/student/Downloads/imagenet_ai_0419_biggan/val/ai/241_biggan_00039.png,1,0.3050,0
/home/student/Downloads/imagenet_ai_0419_biggan/val/ai/241_biggan_00074.png,1,0.5241,1
/home/student/Downloads/imagenet_ai_0419_biggan/val/ai/241_biggan_00127.png,1,0.9853,1
/home/student/Downloads/imagenet_ai_0419_biggan/val/ai/241_biggan_00143.png,1,0.6122,1
/home/student/Downloads/imagenet_ai_0419_biggan/val/ai/242_biggan_00020.png,1,0.0360,0
/home/student/Downloads/imagenet_ai_0419_biggan/val/ai/242_biggan_00035.png,1,0.9925,1
/home/student/Downloads/imagenet_ai_0419_biggan/val/ai/242_biggan_00039.png,1,0.0003,0
/home/student/Downloads/imagenet_ai_0419_biggan/val/ai/242_biggan_00074.png,1,0.0026,0
/home/student/Downloads/imagenet_ai_0419_biggan/val/ai/242_biggan_00127.png,1,0.8258,1
/home/student/Downloads/imagenet_ai_0419_biggan/val/ai/242_biggan_00143.png,1,0.1841,0
/home/student/Downloads/imagenet_ai_0419_biggan/val/ai/243_biggan_00020.png,1,0.7789,1
/home/student/Downloads/imagenet_ai_0419_biggan/val/ai/243_biggan_00035.png,1,0.3159,0
/home/student/Downloads/imagenet_ai_0419_biggan/val/ai/243_biggan_00039.png,1,0.4426,0
/home/student/Downloads/imagenet_ai_0419_biggan/val/ai/243_biggan_00074.png,1,0.0008,0
/home/student/Downloads/imagenet_ai_0419_biggan/val/ai/243_biggan_00127.png,1,0.2535,0
/home/student/Downloads/imagenet_ai_0419_biggan/val/ai/243_biggan_00143.png,1,0.0194,0
/home/student/Downloads/imagenet_ai_0419_biggan/val/ai/244_biggan_00020.png,1,0.9783,1
/home/student/Downloads/imagenet_ai_0419_biggan/val/ai/244_biggan_00035.png,1,0.9084,1
/home/student/Downloads/imagenet_ai_0419_biggan/val/ai/244_biggan_00039.png,1,0.9897,1
/home/student/Downloads/imagenet_ai_0419_biggan/val/ai/244_biggan_00074.png,1,0.9345,1
/home/student/Downloads/imagenet_ai_0419_biggan/val/ai/244_biggan_00127.png,1,0.9223,1
/home/student/Downloads/imagenet_ai_0419_biggan/val/ai/244_biggan_00143.png,1,0.9755,1
/home/student/Downloads/imagenet_ai_0419_biggan/val/ai/245_biggan_00020.png,1,0.9584,1
/home/student/Downloads/imagenet_ai_0419_biggan/val/ai/245_biggan_00035.png,1,0.0005,0
/home/student/Downloads/imagenet_ai_0419_biggan/val/ai/245_biggan_00039.png,1,0.5175,1
/home/student/Downloads/imagenet_ai_0419_biggan/val/ai/245_biggan_00074.png,1,0.5904,1
/home/student/Downloads/imagenet_ai_0419_biggan/val/ai/245_biggan_00127.png,1,0.9703,1
/home/student/Downloads/imagenet_ai_0419_biggan/val/ai/245_biggan_00143.png,1,0.9556,1
/home/student/Downloads/imagenet_ai_0419_biggan/val/ai/246_biggan_00020.png,1,0.9803,1
/home/student/Downloads/imagenet_ai_0419_biggan/val/ai/246_biggan_00035.png,1,0.9868,1
/home/student/Downloads/imagenet_ai_0419_biggan/val/ai/246_biggan_00039.png,1,0.9024,1
/home/student/Downloads/imagenet_ai_0419_biggan/val/ai/246_biggan_00074.png,1,0.1128,0
/home/student/Downloads/imagenet_ai_0419_biggan/val/ai/246_biggan_00127.png,1,0.9738,1
/home/student/Downloads/imagenet_ai_0419_biggan/val/ai/246_biggan_00143.png,1,0.0184,0
/home/student/Downloads/imagenet_ai_0419_biggan/val/ai/247_biggan_00020.png,1,0.9786,1
/home/student/Downloads/imagenet_ai_0419_biggan/val/ai/247_biggan_00035.png,1,0.8018,1
/home/student/Downloads/imagenet_ai_0419_biggan/val/ai/247_biggan_00039.png,1,0.9975,1
/home/student/Downloads/imagenet_ai_0419_biggan/val/ai/247_biggan_00074.png,1,0.9538,1
/home/student/Downloads/imagenet_ai_0419_biggan/val/ai/247_biggan_00127.png,1,0.9146,1
/home/student/Downloads/imagenet_ai_0419_biggan/val/ai/247_biggan_00143.png,1,0.9243,1
/home/student/Downloads/imagenet_ai_0419_biggan/val/ai/248_biggan_00020.png,1,0.9517,1
/home/student/Downloads/imagenet_ai_0419_biggan/val/ai/248_biggan_00035.png,1,0.9673,1
/home/student/Downloads/imagenet_ai_0419_biggan/val/ai/248_biggan_00039.png,1,0.9133,1
/home/student/Downloads/imagenet_ai_0419_biggan/val/ai/248_biggan_00074.png,1,0.7358,1
/home/student/Downloads/imagenet_ai_0419_biggan/val/ai/248_biggan_00127.png,1,0.2213,0
/home/student/Downloads/imagenet_ai_0419_biggan/val/ai/248_biggan_00143.png,1,0.9783,1
/home/student/Downloads/imagenet_ai_0419_biggan/val/ai/249_biggan_00020.png,1,0.9029,1
/home/student/Downloads/imagenet_ai_0419_biggan/val/ai/249_biggan_00035.png,1,0.9861,1
/home/student/Downloads/imagenet_ai_0419_biggan/val/ai/249_biggan_00039.png,1,0.0306,0
/home/student/Downloads/imagenet_ai_0419_biggan/val/ai/249_biggan_00074.png,1,0.0197,0
/home/student/Downloads/imagenet_ai_0419_biggan/val/ai/249_biggan_00127.png,1,0.7173,1
/home/student/Downloads/imagenet_ai_0419_biggan/val/ai/249_biggan_00143.png,1,0.0828,0
/home/student/Downloads/imagenet_ai_0419_biggan/val/ai/250_biggan_00020.png,1,0.0302,0
/home/student/Downloads/imagenet_ai_0419_biggan/val/ai/250_biggan_00035.png,1,0.9711,1
/home/student/Downloads/imagenet_ai_0419_biggan/val/ai/250_biggan_00039.png,1,0.2935,0
/home/student/Downloads/imagenet_ai_0419_biggan/val/ai/250_biggan_00074.png,1,0.9147,1
/home/student/Downloads/imagenet_ai_0419_biggan/val/ai/250_biggan_00127.png,1,0.6208,1
/home/student/Downloads/imagenet_ai_0419_biggan/val/ai/250_biggan_00143.png,1,0.8100,1
/home/student/Downloads/imagenet_ai_0419_biggan/val/ai/251_biggan_00020.png,1,1.0000,1
/home/student/Downloads/imagenet_ai_0419_biggan/val/ai/251_biggan_00035.png,1,0.0138,0
/home/student/Downloads/imagenet_ai_0419_biggan/val/ai/251_biggan_00039.png,1,0.9905,1
/home/student/Downloads/imagenet_ai_0419_biggan/val/ai/251_biggan_00074.png,1,0.9972,1
/home/student/Downloads/imagenet_ai_0419_biggan/val/ai/251_biggan_00127.png,1,0.9932,1
/home/student/Downloads/imagenet_ai_0419_biggan/val/ai/251_biggan_00143.png,1,0.0573,0
/home/student/Downloads/imagenet_ai_0419_biggan/val/ai/252_biggan_00020.png,1,0.9820,1
/home/student/Downloads/imagenet_ai_0419_biggan/val/ai/252_biggan_00035.png,1,0.0111,0
/home/student/Downloads/imagenet_ai_0419_biggan/val/ai/252_biggan_00039.png,1,0.0395,0
/home/student/Downloads/imagenet_ai_0419_biggan/val/ai/252_biggan_00074.png,1,0.9997,1
/home/student/Downloads/imagenet_ai_0419_biggan/val/ai/252_biggan_00127.png,1,0.7908,1
/home/student/Downloads/imagenet_ai_0419_biggan/val/ai/252_biggan_00143.png,1,0.9772,1
/home/student/Downloads/imagenet_ai_0419_biggan/val/ai/253_biggan_00020.png,1,0.4594,0
/home/student/Downloads/imagenet_ai_0419_biggan/val/ai/253_biggan_00035.png,1,0.2946,0
/home/student/Downloads/imagenet_ai_0419_biggan/val/ai/253_biggan_00039.png,1,0.9967,1
/home/student/Downloads/imagenet_ai_0419_biggan/val/ai/253_biggan_00074.png,1,0.9414,1
/home/student/Downloads/imagenet_ai_0419_biggan/val/ai/253_biggan_00127.png,1,0.6565,1
/home/student/Downloads/imagenet_ai_0419_biggan/val/ai/253_biggan_00143.png,1,0.9986,1
/home/student/Downloads/imagenet_ai_0419_biggan/val/ai/254_biggan_00020.png,1,0.9817,1
/home/student/Downloads/imagenet_ai_0419_biggan/val/ai/254_biggan_00035.png,1,0.4871,0
/home/student/Downloads/imagenet_ai_0419_biggan/val/ai/254_biggan_00039.png,1,0.7595,1
/home/student/Downloads/imagenet_ai_0419_biggan/val/ai/254_biggan_00074.png,1,0.6621,1
/home/student/Downloads/imagenet_ai_0419_biggan/val/ai/254_biggan_00127.png,1,0.9668,1
/home/student/Downloads/imagenet_ai_0419_biggan/val/ai/254_biggan_00143.png,1,0.0022,0
/home/student/Downloads/imagenet_ai_0419_biggan/val/ai/255_biggan_00020.png,1,0.9175,1
/home/student/Downloads/imagenet_ai_0419_biggan/val/ai/255_biggan_00035.png,1,0.0323,0
/home/student/Downloads/imagenet_ai_0419_biggan/val/ai/255_biggan_00039.png,1,0.1314,0
/home/student/Downloads/imagenet_ai_0419_biggan/val/ai/255_biggan_00074.png,1,0.0215,0
/home/student/Downloads/imagenet_ai_0419_biggan/val/ai/255_biggan_00127.png,1,0.9989,1
/home/student/Downloads/imagenet_ai_0419_biggan/val/ai/255_biggan_00143.png,1,0.1307,0
/home/student/Downloads/imagenet_ai_0419_biggan/val/ai/256_biggan_00020.png,1,0.9694,1
/home/student/Downloads/imagenet_ai_0419_biggan/val/ai/256_biggan_00035.png,1,0.2167,0
/home/student/Downloads/imagenet_ai_0419_biggan/val/ai/256_biggan_00039.png,1,0.9926,1
/home/student/Downloads/imagenet_ai_0419_biggan/val/ai/256_biggan_00074.png,1,0.9771,1
/home/student/Downloads/imagenet_ai_0419_biggan/val/ai/256_biggan_00127.png,1,0.0279,0
/home/student/Downloads/imagenet_ai_0419_biggan/val/ai/256_biggan_00143.png,1,0.0586,0
/home/student/Downloads/imagenet_ai_0419_biggan/val/ai/257_biggan_00020.png,1,0.9507,1
/home/student/Downloads/imagenet_ai_0419_biggan/val/ai/257_biggan_00035.png,1,0.0073,0
/home/student/Downloads/imagenet_ai_0419_biggan/val/ai/257_biggan_00039.png,1,0.9682,1
/home/student/Downloads/imagenet_ai_0419_biggan/val/ai/257_biggan_00074.png,1,0.9830,1
/home/student/Downloads/imagenet_ai_0419_biggan/val/ai/257_biggan_00127.png,1,0.0650,0
/home/student/Downloads/imagenet_ai_0419_biggan/val/ai/257_biggan_00143.png,1,0.9657,1
/home/student/Downloads/imagenet_ai_0419_biggan/val/ai/258_biggan_00020.png,1,0.9966,1
/home/student/Downloads/imagenet_ai_0419_biggan/val/ai/258_biggan_00035.png,1,0.0017,0
/home/student/Downloads/imagenet_ai_0419_biggan/val/ai/258_biggan_00039.png,1,0.9739,1
/home/student/Downloads/imagenet_ai_0419_biggan/val/ai/258_biggan_00074.png,1,0.1953,0
/home/student/Downloads/imagenet_ai_0419_biggan/val/ai/258_biggan_00127.png,1,0.9135,1
/home/student/Downloads/imagenet_ai_0419_biggan/val/ai/258_biggan_00143.png,1,0.9836,1
/home/student/Downloads/imagenet_ai_0419_biggan/val/ai/259_biggan_00020.png,1,0.3380,0
/home/student/Downloads/imagenet_ai_0419_biggan/val/ai/259_biggan_00035.png,1,0.4550,0
/home/student/Downloads/imagenet_ai_0419_biggan/val/ai/259_biggan_00039.png,1,0.5316,1
/home/student/Downloads/imagenet_ai_0419_biggan/val/ai/259_biggan_00074.png,1,0.9658,1
/home/student/Downloads/imagenet_ai_0419_biggan/val/ai/259_biggan_00127.png,1,0.0516,0
/home/student/Downloads/imagenet_ai_0419_biggan/val/ai/259_biggan_00143.png,1,0.4507,0
/home/student/Downloads/imagenet_ai_0419_biggan/val/ai/260_biggan_00020.png,1,0.9428,1
/home/student/Downloads/imagenet_ai_0419_biggan/val/ai/260_biggan_00035.png,1,0.3562,0
/home/student/Downloads/imagenet_ai_0419_biggan/val/ai/260_biggan_00039.png,1,0.8304,1
/home/student/Downloads/imagenet_ai_0419_biggan/val/ai/260_biggan_00074.png,1,0.9713,1
/home/student/Downloads/imagenet_ai_0419_biggan/val/ai/260_biggan_00127.png,1,0.8092,1
/home/student/Downloads/imagenet_ai_0419_biggan/val/ai/260_biggan_00143.png,1,0.6299,1
/home/student/Downloads/imagenet_ai_0419_biggan/val/ai/261_biggan_00020.png,1,0.5583,1
/home/student/Downloads/imagenet_ai_0419_biggan/val/ai/261_biggan_00035.png,1,0.9856,1
/home/student/Downloads/imagenet_ai_0419_biggan/val/ai/261_biggan_00039.png,1,0.9726,1
/home/student/Downloads/imagenet_ai_0419_biggan/val/ai/261_biggan_00074.png,1,0.7882,1
/home/student/Downloads/imagenet_ai_0419_biggan/val/ai/261_biggan_00127.png,1,0.9812,1
/home/student/Downloads/imagenet_ai_0419_biggan/val/ai/261_biggan_00143.png,1,0.9997,1
/home/student/Downloads/imagenet_ai_0419_biggan/val/ai/262_biggan_00020.png,1,0.9770,1
/home/student/Downloads/imagenet_ai_0419_biggan/val/ai/262_biggan_00035.png,1,0.9616,1
/home/student/Downloads/imagenet_ai_0419_biggan/val/ai/262_biggan_00039.png,1,0.4052,0
/home/student/Downloads/imagenet_ai_0419_biggan/val/ai/262_biggan_00074.png,1,0.0593,0
/home/student/Downloads/imagenet_ai_0419_biggan/val/ai/262_biggan_00127.png,1,0.9913,1
/home/student/Downloads/imagenet_ai_0419_biggan/val/ai/262_biggan_00143.png,1,0.9750,1
/home/student/Downloads/imagenet_ai_0419_biggan/val/ai/263_biggan_00020.png,1,0.9287,1
/home/student/Downloads/imagenet_ai_0419_biggan/val/ai/263_biggan_00035.png,1,0.9851,1
/home/student/Downloads/imagenet_ai_0419_biggan/val/ai/263_biggan_00039.png,1,0.1289,0
/home/student/Downloads/imagenet_ai_0419_biggan/val/ai/263_biggan_00074.png,1,0.0649,0
/home/student/Downloads/imagenet_ai_0419_biggan/val/ai/263_biggan_00127.png,1,0.2817,0
/home/student/Downloads/imagenet_ai_0419_biggan/val/ai/263_biggan_00143.png,1,0.0981,0
/home/student/Downloads/imagenet_ai_0419_biggan/val/ai/264_biggan_00020.png,1,0.9809,1
/home/student/Downloads/imagenet_ai_0419_biggan/val/ai/264_biggan_00035.png,1,0.7284,1
/home/student/Downloads/imagenet_ai_0419_biggan/val/ai/264_biggan_00039.png,1,0.0018,0
/home/student/Downloads/imagenet_ai_0419_biggan/val/ai/264_biggan_00074.png,1,0.4632,0
/home/student/Downloads/imagenet_ai_0419_biggan/val/ai/264_biggan_00127.png,1,0.9821,1
/home/student/Downloads/imagenet_ai_0419_biggan/val/ai/264_biggan_00143.png,1,0.2942,0
/home/student/Downloads/imagenet_ai_0419_biggan/val/ai/265_biggan_00020.png,1,0.9673,1
/home/student/Downloads/imagenet_ai_0419_biggan/val/ai/265_biggan_00035.png,1,0.6535,1
/home/student/Downloads/imagenet_ai_0419_biggan/val/ai/265_biggan_00039.png,1,0.0106,0
/home/student/Downloads/imagenet_ai_0419_biggan/val/ai/265_biggan_00074.png,1,0.1222,0
/home/student/Downloads/imagenet_ai_0419_biggan/val/ai/265_biggan_00127.png,1,0.4197,0
/home/student/Downloads/imagenet_ai_0419_biggan/val/ai/265_biggan_00143.png,1,0.8470,1
/home/student/Downloads/imagenet_ai_0419_biggan/val/ai/266_biggan_00020.png,1,0.6716,1
/home/student/Downloads/imagenet_ai_0419_biggan/val/ai/266_biggan_00035.png,1,0.2449,0
/home/student/Downloads/imagenet_ai_0419_biggan/val/ai/266_biggan_00039.png,1,0.0251,0
/home/student/Downloads/imagenet_ai_0419_biggan/val/ai/266_biggan_00074.png,1,0.0182,0
/home/student/Downloads/imagenet_ai_0419_biggan/val/ai/266_biggan_00127.png,1,0.9762,1
/home/student/Downloads/imagenet_ai_0419_biggan/val/ai/266_biggan_00143.png,1,0.0864,0
/home/student/Downloads/imagenet_ai_0419_biggan/val/ai/267_biggan_00020.png,1,0.9546,1
/home/student/Downloads/imagenet_ai_0419_biggan/val/ai/267_biggan_00035.png,1,1.0000,1
/home/student/Downloads/imagenet_ai_0419_biggan/val/ai/267_biggan_00039.png,1,0.0382,0
/home/student/Downloads/imagenet_ai_0419_biggan/val/ai/267_biggan_00074.png,1,0.8592,1
/home/student/Downloads/imagenet_ai_0419_biggan/val/ai/267_biggan_00127.png,1,0.6960,1
/home/student/Downloads/imagenet_ai_0419_biggan/val/ai/267_biggan_00143.png,1,0.1386,0
/home/student/Downloads/imagenet_ai_0419_biggan/val/ai/268_biggan_00020.png,1,0.9967,1
/home/student/Downloads/imagenet_ai_0419_biggan/val/ai/268_biggan_00035.png,1,0.8828,1
/home/student/Downloads/imagenet_ai_0419_biggan/val/ai/268_biggan_00039.png,1,0.9617,1
/home/student/Downloads/imagenet_ai_0419_biggan/val/ai/268_biggan_00074.png,1,0.9943,1
/home/student/Downloads/imagenet_ai_0419_biggan/val/ai/268_biggan_00127.png,1,0.9721,1
/home/student/Downloads/imagenet_ai_0419_biggan/val/ai/268_biggan_00143.png,1,0.8121,1
/home/student/Downloads/imagenet_ai_0419_biggan/val/ai/269_biggan_00020.png,1,0.0003,0
/home/student/Downloads/imagenet_ai_0419_biggan/val/ai/269_biggan_00035.png,1,0.0052,0
/home/student/Downloads/imagenet_ai_0419_biggan/val/ai/269_biggan_00039.png,1,0.0067,0
/home/student/Downloads/imagenet_ai_0419_biggan/val/ai/269_biggan_00074.png,1,0.0074,0
/home/student/Downloads/imagenet_ai_0419_biggan/val/ai/269_biggan_00127.png,1,0.0019,0
/home/student/Downloads/imagenet_ai_0419_biggan/val/ai/269_biggan_00143.png,1,0.0012,0
/home/student/Downloads/imagenet_ai_0419_biggan/val/ai/270_biggan_00020.png,1,0.9047,1
/home/student/Downloads/imagenet_ai_0419_biggan/val/ai/270_biggan_00035.png,1,0.0156,0
/home/student/Downloads/imagenet_ai_0419_biggan/val/ai/270_biggan_00039.png,1,0.1288,0
/home/student/Downloads/imagenet_ai_0419_biggan/val/ai/270_biggan_00074.png,1,0.4639,0
/home/student/Downloads/imagenet_ai_0419_biggan/val/ai/270_biggan_00127.png,1,0.0148,0
/home/student/Downloads/imagenet_ai_0419_biggan/val/ai/270_biggan_00143.png,1,0.0118,0
/home/student/Downloads/imagenet_ai_0419_biggan/val/ai/271_biggan_00020.png,1,0.1683,0
/home/student/Downloads/imagenet_ai_0419_biggan/val/ai/271_biggan_00035.png,1,0.1534,0
/home/student/Downloads/imagenet_ai_0419_biggan/val/ai/271_biggan_00039.png,1,0.0074,0
/home/student/Downloads/imagenet_ai_0419_biggan/val/ai/271_biggan_00074.png,1,0.0270,0
/home/student/Downloads/imagenet_ai_0419_biggan/val/ai/271_biggan_00127.png,1,0.0398,0
/home/student/Downloads/imagenet_ai_0419_biggan/val/ai/271_biggan_00143.png,1,0.1013,0
/home/student/Downloads/imagenet_ai_0419_biggan/val/ai/272_biggan_00020.png,1,0.1536,0
/home/student/Downloads/imagenet_ai_0419_biggan/val/ai/272_biggan_00035.png,1,0.1905,0
/home/student/Downloads/imagenet_ai_0419_biggan/val/ai/272_biggan_00039.png,1,0.0544,0
/home/student/Downloads/imagenet_ai_0419_biggan/val/ai/272_biggan_00074.png,1,0.0010,0
/home/student/Downloads/imagenet_ai_0419_biggan/val/ai/272_biggan_00127.png,1,0.0147,0
/home/student/Downloads/imagenet_ai_0419_biggan/val/ai/272_biggan_00143.png,1,0.0884,0
/home/student/Downloads/imagenet_ai_0419_biggan/val/ai/273_biggan_00020.png,1,0.8162,1
/home/student/Downloads/imagenet_ai_0419_biggan/val/ai/273_biggan_00035.png,1,0.4666,0
/home/student/Downloads/imagenet_ai_0419_biggan/val/ai/273_biggan_00039.png,1,0.2503,0
/home/student/Downloads/imagenet_ai_0419_biggan/val/ai/273_biggan_00074.png,1,0.3217,0
/home/student/Downloads/imagenet_ai_0419_biggan/val/ai/273_biggan_00127.png,1,0.6270,1
/home/student/Downloads/imagenet_ai_0419_biggan/val/ai/273_biggan_00143.png,1,0.8194,1
/home/student/Downloads/imagenet_ai_0419_biggan/val/ai/274_biggan_00020.png,1,0.3405,0
/home/student/Downloads/imagenet_ai_0419_biggan/val/ai/274_biggan_00035.png,1,0.9423,1
/home/student/Downloads/imagenet_ai_0419_biggan/val/ai/274_biggan_00039.png,1,0.0444,0
/home/student/Downloads/imagenet_ai_0419_biggan/val/ai/274_biggan_00074.png,1,0.1385,0
/home/student/Downloads/imagenet_ai_0419_biggan/val/ai/274_biggan_00127.png,1,0.7863,1
/home/student/Downloads/imagenet_ai_0419_biggan/val/ai/274_biggan_00143.png,1,0.0105,0
/home/student/Downloads/imagenet_ai_0419_biggan/val/ai/275_biggan_00020.png,1,0.5443,1
/home/student/Downloads/imagenet_ai_0419_biggan/val/ai/275_biggan_00035.png,1,0.1994,0
/home/student/Downloads/imagenet_ai_0419_biggan/val/ai/275_biggan_00039.png,1,0.7742,1
/home/student/Downloads/imagenet_ai_0419_biggan/val/ai/275_biggan_00074.png,1,0.1192,0
/home/student/Downloads/imagenet_ai_0419_biggan/val/ai/275_biggan_00127.png,1,0.0335,0
/home/student/Downloads/imagenet_ai_0419_biggan/val/ai/275_biggan_00143.png,1,0.8136,1
/home/student/Downloads/imagenet_ai_0419_biggan/val/ai/276_biggan_00020.png,1,0.0330,0
/home/student/Downloads/imagenet_ai_0419_biggan/val/ai/276_biggan_00035.png,1,0.0255,0
/home/student/Downloads/imagenet_ai_0419_biggan/val/ai/276_biggan_00039.png,1,0.0018,0
/home/student/Downloads/imagenet_ai_0419_biggan/val/ai/276_biggan_00074.png,1,0.0068,0
/home/student/Downloads/imagenet_ai_0419_biggan/val/ai/276_biggan_00127.png,1,0.0355,0
/home/student/Downloads/imagenet_ai_0419_biggan/val/ai/276_biggan_00143.png,1,0.0020,0
/home/student/Downloads/imagenet_ai_0419_biggan/val/ai/277_biggan_00020.png,1,0.9154,1
/home/student/Downloads/imagenet_ai_0419_biggan/val/ai/277_biggan_00035.png,1,0.9984,1
/home/student/Downloads/imagenet_ai_0419_biggan/val/ai/277_biggan_00039.png,1,0.0098,0
/home/student/Downloads/imagenet_ai_0419_biggan/val/ai/277_biggan_00074.png,1,0.0043,0
/home/student/Downloads/imagenet_ai_0419_biggan/val/ai/277_biggan_00127.png,1,0.0090,0
/home/student/Downloads/imagenet_ai_0419_biggan/val/ai/277_biggan_00143.png,1,0.9480,1
/home/student/Downloads/imagenet_ai_0419_biggan/val/ai/278_biggan_00020.png,1,0.0297,0
/home/student/Downloads/imagenet_ai_0419_biggan/val/ai/278_biggan_00035.png,1,0.1281,0
/home/student/Downloads/imagenet_ai_0419_biggan/val/ai/278_biggan_00039.png,1,0.0714,0
/home/student/Downloads/imagenet_ai_0419_biggan/val/ai/278_biggan_00074.png,1,0.0693,0
/home/student/Downloads/imagenet_ai_0419_biggan/val/ai/278_biggan_00127.png,1,0.9748,1
/home/student/Downloads/imagenet_ai_0419_biggan/val/ai/278_biggan_00143.png,1,0.0139,0
/home/student/Downloads/imagenet_ai_0419_biggan/val/ai/279_biggan_00020.png,1,0.9962,1
/home/student/Downloads/imagenet_ai_0419_biggan/val/ai/279_biggan_00035.png,1,0.9518,1
/home/student/Downloads/imagenet_ai_0419_biggan/val/ai/279_biggan_00039.png,1,0.7829,1
/home/student/Downloads/imagenet_ai_0419_biggan/val/ai/279_biggan_00074.png,1,0.9723,1
/home/student/Downloads/imagenet_ai_0419_biggan/val/ai/279_biggan_00127.png,1,0.9617,1
/home/student/Downloads/imagenet_ai_0419_biggan/val/ai/279_biggan_00143.png,1,0.9478,1
/home/student/Downloads/imagenet_ai_0419_biggan/val/ai/280_biggan_00020.png,1,0.0067,0
/home/student/Downloads/imagenet_ai_0419_biggan/val/ai/280_biggan_00035.png,1,0.0161,0
/home/student/Downloads/imagenet_ai_0419_biggan/val/ai/280_biggan_00039.png,1,0.0155,0
/home/student/Downloads/imagenet_ai_0419_biggan/val/ai/280_biggan_00074.png,1,0.9635,1
/home/student/Downloads/imagenet_ai_0419_biggan/val/ai/280_biggan_00127.png,1,0.0867,0
/home/student/Downloads/imagenet_ai_0419_biggan/val/ai/280_biggan_00143.png,1,0.0632,0
/home/student/Downloads/imagenet_ai_0419_biggan/val/ai/281_biggan_00020.png,1,0.9866,1
/home/student/Downloads/imagenet_ai_0419_biggan/val/ai/281_biggan_00035.png,1,0.9819,1
/home/student/Downloads/imagenet_ai_0419_biggan/val/ai/281_biggan_00039.png,1,0.9412,1
/home/student/Downloads/imagenet_ai_0419_biggan/val/ai/281_biggan_00074.png,1,0.9977,1
/home/student/Downloads/imagenet_ai_0419_biggan/val/ai/281_biggan_00127.png,1,0.1385,0
/home/student/Downloads/imagenet_ai_0419_biggan/val/ai/281_biggan_00143.png,1,0.9372,1
/home/student/Downloads/imagenet_ai_0419_biggan/val/ai/282_biggan_00020.png,1,0.6886,1
/home/student/Downloads/imagenet_ai_0419_biggan/val/ai/282_biggan_00035.png,1,0.1641,0
/home/student/Downloads/imagenet_ai_0419_biggan/val/ai/282_biggan_00039.png,1,0.9020,1
/home/student/Downloads/imagenet_ai_0419_biggan/val/ai/282_biggan_00074.png,1,0.7954,1
/home/student/Downloads/imagenet_ai_0419_biggan/val/ai/282_biggan_00127.png,1,0.8850,1
/home/student/Downloads/imagenet_ai_0419_biggan/val/ai/282_biggan_00143.png,1,0.9794,1
/home/student/Downloads/imagenet_ai_0419_biggan/val/ai/283_biggan_00020.png,1,0.9890,1
/home/student/Downloads/imagenet_ai_0419_biggan/val/ai/283_biggan_00035.png,1,0.8281,1
/home/student/Downloads/imagenet_ai_0419_biggan/val/ai/283_biggan_00039.png,1,0.7193,1
/home/student/Downloads/imagenet_ai_0419_biggan/val/ai/283_biggan_00074.png,1,0.9642,1
/home/student/Downloads/imagenet_ai_0419_biggan/val/ai/283_biggan_00127.png,1,0.7403,1
/home/student/Downloads/imagenet_ai_0419_biggan/val/ai/283_biggan_00143.png,1,0.9598,1
/home/student/Downloads/imagenet_ai_0419_biggan/val/ai/284_biggan_00020.png,1,0.9926,1
/home/student/Downloads/imagenet_ai_0419_biggan/val/ai/284_biggan_00035.png,1,0.9996,1
/home/student/Downloads/imagenet_ai_0419_biggan/val/ai/284_biggan_00039.png,1,0.4088,0
/home/student/Downloads/imagenet_ai_0419_biggan/val/ai/284_biggan_00074.png,1,0.9590,1
/home/student/Downloads/imagenet_ai_0419_biggan/val/ai/284_biggan_00127.png,1,0.9809,1
/home/student/Downloads/imagenet_ai_0419_biggan/val/ai/284_biggan_00143.png,1,0.9906,1
/home/student/Downloads/imagenet_ai_0419_biggan/val/ai/285_biggan_00020.png,1,0.9804,1
/home/student/Downloads/imagenet_ai_0419_biggan/val/ai/285_biggan_00035.png,1,0.9939,1
/home/student/Downloads/imagenet_ai_0419_biggan/val/ai/285_biggan_00039.png,1,0.9760,1
/home/student/Downloads/imagenet_ai_0419_biggan/val/ai/285_biggan_00074.png,1,0.0012,0
/home/student/Downloads/imagenet_ai_0419_biggan/val/ai/285_biggan_00127.png,1,0.0119,0
/home/student/Downloads/imagenet_ai_0419_biggan/val/ai/285_biggan_00143.png,1,0.9189,1
/home/student/Downloads/imagenet_ai_0419_biggan/val/ai/286_biggan_00020.png,1,0.6033,1
/home/student/Downloads/imagenet_ai_0419_biggan/val/ai/286_biggan_00035.png,1,0.1156,0
/home/student/Downloads/imagenet_ai_0419_biggan/val/ai/286_biggan_00039.png,1,0.0580,0
/home/student/Downloads/imagenet_ai_0419_biggan/val/ai/286_biggan_00074.png,1,0.0309,0
/home/student/Downloads/imagenet_ai_0419_biggan/val/ai/286_biggan_00127.png,1,0.0013,0
/home/student/Downloads/imagenet_ai_0419_biggan/val/ai/286_biggan_00143.png,1,0.6228,1
/home/student/Downloads/imagenet_ai_0419_biggan/val/ai/287_biggan_00020.png,1,0.9050,1
/home/student/Downloads/imagenet_ai_0419_biggan/val/ai/287_biggan_00035.png,1,0.2705,0
/home/student/Downloads/imagenet_ai_0419_biggan/val/ai/287_biggan_00039.png,1,0.0656,0
/home/student/Downloads/imagenet_ai_0419_biggan/val/ai/287_biggan_00074.png,1,0.0490,0
/home/student/Downloads/imagenet_ai_0419_biggan/val/ai/287_biggan_00127.png,1,0.1790,0
/home/student/Downloads/imagenet_ai_0419_biggan/val/ai/287_biggan_00143.png,1,0.4356,0
/home/student/Downloads/imagenet_ai_0419_biggan/val/ai/288_biggan_00020.png,1,0.5918,1
/home/student/Downloads/imagenet_ai_0419_biggan/val/ai/288_biggan_00035.png,1,0.8376,1
/home/student/Downloads/imagenet_ai_0419_biggan/val/ai/288_biggan_00039.png,1,0.1658,0
/home/student/Downloads/imagenet_ai_0419_biggan/val/ai/288_biggan_00074.png,1,0.1633,0
/home/student/Downloads/imagenet_ai_0419_biggan/val/ai/288_biggan_00127.png,1,0.8778,1
/home/student/Downloads/imagenet_ai_0419_biggan/val/ai/288_biggan_00143.png,1,0.8563,1
/home/student/Downloads/imagenet_ai_0419_biggan/val/ai/289_biggan_00020.png,1,0.3125,0
/home/student/Downloads/imagenet_ai_0419_biggan/val/ai/289_biggan_00035.png,1,0.8525,1
/home/student/Downloads/imagenet_ai_0419_biggan/val/ai/289_biggan_00039.png,1,0.9218,1
/home/student/Downloads/imagenet_ai_0419_biggan/val/ai/289_biggan_00074.png,1,0.0649,0
/home/student/Downloads/imagenet_ai_0419_biggan/val/ai/289_biggan_00127.png,1,0.9800,1
/home/student/Downloads/imagenet_ai_0419_biggan/val/ai/289_biggan_00143.png,1,0.5022,1
/home/student/Downloads/imagenet_ai_0419_biggan/val/ai/290_biggan_00020.png,1,0.0431,0
/home/student/Downloads/imagenet_ai_0419_biggan/val/ai/290_biggan_00035.png,1,0.2324,0
/home/student/Downloads/imagenet_ai_0419_biggan/val/ai/290_biggan_00039.png,1,0.9613,1
/home/student/Downloads/imagenet_ai_0419_biggan/val/ai/290_biggan_00074.png,1,0.3389,0
/home/student/Downloads/imagenet_ai_0419_biggan/val/ai/290_biggan_00127.png,1,0.6122,1
/home/student/Downloads/imagenet_ai_0419_biggan/val/ai/290_biggan_00143.png,1,0.3422,0
/home/student/Downloads/imagenet_ai_0419_biggan/val/ai/291_biggan_00020.png,1,0.9428,1
/home/student/Downloads/imagenet_ai_0419_biggan/val/ai/291_biggan_00035.png,1,0.7336,1
/home/student/Downloads/imagenet_ai_0419_biggan/val/ai/291_biggan_00039.png,1,0.0246,0
/home/student/Downloads/imagenet_ai_0419_biggan/val/ai/291_biggan_00074.png,1,0.0065,0
/home/student/Downloads/imagenet_ai_0419_biggan/val/ai/291_biggan_00127.png,1,0.9804,1
/home/student/Downloads/imagenet_ai_0419_biggan/val/ai/291_biggan_00143.png,1,0.8955,1
/home/student/Downloads/imagenet_ai_0419_biggan/val/ai/292_biggan_00020.png,1,0.5651,1
/home/student/Downloads/imagenet_ai_0419_biggan/val/ai/292_biggan_00035.png,1,0.9701,1
/home/student/Downloads/imagenet_ai_0419_biggan/val/ai/292_biggan_00039.png,1,0.8345,1
/home/student/Downloads/imagenet_ai_0419_biggan/val/ai/292_biggan_00074.png,1,0.8885,1
/home/student/Downloads/imagenet_ai_0419_biggan/val/ai/292_biggan_00127.png,1,0.3061,0
/home/student/Downloads/imagenet_ai_0419_biggan/val/ai/292_biggan_00143.png,1,0.9933,1
/home/student/Downloads/imagenet_ai_0419_biggan/val/ai/293_biggan_00020.png,1,0.0907,0
/home/student/Downloads/imagenet_ai_0419_biggan/val/ai/293_biggan_00035.png,1,0.8033,1
/home/student/Downloads/imagenet_ai_0419_biggan/val/ai/293_biggan_00039.png,1,0.9760,1
/home/student/Downloads/imagenet_ai_0419_biggan/val/ai/293_biggan_00074.png,1,0.8616,1
/home/student/Downloads/imagenet_ai_0419_biggan/val/ai/293_biggan_00127.png,1,0.0636,0
/home/student/Downloads/imagenet_ai_0419_biggan/val/ai/293_biggan_00143.png,1,0.0305,0
/home/student/Downloads/imagenet_ai_0419_biggan/val/ai/294_biggan_00020.png,1,0.0041,0
/home/student/Downloads/imagenet_ai_0419_biggan/val/ai/294_biggan_00035.png,1,0.0292,0
/home/student/Downloads/imagenet_ai_0419_biggan/val/ai/294_biggan_00039.png,1,0.6986,1
/home/student/Downloads/imagenet_ai_0419_biggan/val/ai/294_biggan_00074.png,1,0.9597,1
/home/student/Downloads/imagenet_ai_0419_biggan/val/ai/294_biggan_00127.png,1,0.1261,0
/home/student/Downloads/imagenet_ai_0419_biggan/val/ai/294_biggan_00143.png,1,0.1155,0
/home/student/Downloads/imagenet_ai_0419_biggan/val/ai/295_biggan_00020.png,1,0.0059,0
/home/student/Downloads/imagenet_ai_0419_biggan/val/ai/295_biggan_00035.png,1,0.0542,0
/home/student/Downloads/imagenet_ai_0419_biggan/val/ai/295_biggan_00039.png,1,0.1950,0
/home/student/Downloads/imagenet_ai_0419_biggan/val/ai/295_biggan_00074.png,1,0.2359,0
/home/student/Downloads/imagenet_ai_0419_biggan/val/ai/295_biggan_00127.png,1,0.0564,0
/home/student/Downloads/imagenet_ai_0419_biggan/val/ai/295_biggan_00143.png,1,0.0033,0
/home/student/Downloads/imagenet_ai_0419_biggan/val/ai/296_biggan_00020.png,1,0.8685,1
/home/student/Downloads/imagenet_ai_0419_biggan/val/ai/296_biggan_00035.png,1,0.0168,0
/home/student/Downloads/imagenet_ai_0419_biggan/val/ai/296_biggan_00039.png,1,0.8833,1
/home/student/Downloads/imagenet_ai_0419_biggan/val/ai/296_biggan_00074.png,1,0.9736,1
/home/student/Downloads/imagenet_ai_0419_biggan/val/ai/296_biggan_00127.png,1,0.9695,1
/home/student/Downloads/imagenet_ai_0419_biggan/val/ai/296_biggan_00143.png,1,0.8181,1
/home/student/Downloads/imagenet_ai_0419_biggan/val/ai/297_biggan_00020.png,1,0.0778,0
/home/student/Downloads/imagenet_ai_0419_biggan/val/ai/297_biggan_00035.png,1,0.9819,1
/home/student/Downloads/imagenet_ai_0419_biggan/val/ai/297_biggan_00039.png,1,0.8652,1
/home/student/Downloads/imagenet_ai_0419_biggan/val/ai/297_biggan_00074.png,1,0.7883,1
/home/student/Downloads/imagenet_ai_0419_biggan/val/ai/297_biggan_00127.png,1,0.9978,1
/home/student/Downloads/imagenet_ai_0419_biggan/val/ai/297_biggan_00143.png,1,0.8037,1
/home/student/Downloads/imagenet_ai_0419_biggan/val/ai/298_biggan_00020.png,1,0.9927,1
/home/student/Downloads/imagenet_ai_0419_biggan/val/ai/298_biggan_00035.png,1,0.1998,0
/home/student/Downloads/imagenet_ai_0419_biggan/val/ai/298_biggan_00039.png,1,0.0027,0
/home/student/Downloads/imagenet_ai_0419_biggan/val/ai/298_biggan_00074.png,1,0.0033,0
/home/student/Downloads/imagenet_ai_0419_biggan/val/ai/298_biggan_00127.png,1,0.7398,1
/home/student/Downloads/imagenet_ai_0419_biggan/val/ai/298_biggan_00143.png,1,0.9482,1
/home/student/Downloads/imagenet_ai_0419_biggan/val/ai/299_biggan_00020.png,1,0.9868,1
/home/student/Downloads/imagenet_ai_0419_biggan/val/ai/299_biggan_00035.png,1,0.1721,0
/home/student/Downloads/imagenet_ai_0419_biggan/val/ai/299_biggan_00039.png,1,0.7972,1
/home/student/Downloads/imagenet_ai_0419_biggan/val/ai/299_biggan_00074.png,1,0.4012,0
/home/student/Downloads/imagenet_ai_0419_biggan/val/ai/299_biggan_00127.png,1,0.5301,1
/home/student/Downloads/imagenet_ai_0419_biggan/val/ai/299_biggan_00143.png,1,0.1413,0
/home/student/Downloads/imagenet_ai_0419_biggan/val/ai/300_biggan_00020.png,1,0.0353,0
/home/student/Downloads/imagenet_ai_0419_biggan/val/ai/300_biggan_00035.png,1,0.2036,0
/home/student/Downloads/imagenet_ai_0419_biggan/val/ai/300_biggan_00039.png,1,0.7979,1
/home/student/Downloads/imagenet_ai_0419_biggan/val/ai/300_biggan_00074.png,1,0.2454,0
/home/student/Downloads/imagenet_ai_0419_biggan/val/ai/300_biggan_00127.png,1,0.9569,1
/home/student/Downloads/imagenet_ai_0419_biggan/val/ai/300_biggan_00143.png,1,0.0021,0
/home/student/Downloads/imagenet_ai_0419_biggan/val/ai/301_biggan_00020.png,1,0.9901,1
/home/student/Downloads/imagenet_ai_0419_biggan/val/ai/301_biggan_00035.png,1,0.9759,1
/home/student/Downloads/imagenet_ai_0419_biggan/val/ai/301_biggan_00039.png,1,0.9963,1
/home/student/Downloads/imagenet_ai_0419_biggan/val/ai/301_biggan_00074.png,1,0.8838,1
/home/student/Downloads/imagenet_ai_0419_biggan/val/ai/301_biggan_00127.png,1,0.6733,1
/home/student/Downloads/imagenet_ai_0419_biggan/val/ai/301_biggan_00143.png,1,0.9383,1
/home/student/Downloads/imagenet_ai_0419_biggan/val/ai/302_biggan_00020.png,1,0.9556,1
/home/student/Downloads/imagenet_ai_0419_biggan/val/ai/302_biggan_00035.png,1,0.0110,0
/home/student/Downloads/imagenet_ai_0419_biggan/val/ai/302_biggan_00039.png,1,0.0073,0
/home/student/Downloads/imagenet_ai_0419_biggan/val/ai/302_biggan_00074.png,1,0.1572,0
/home/student/Downloads/imagenet_ai_0419_biggan/val/ai/302_biggan_00127.png,1,0.0703,0
/home/student/Downloads/imagenet_ai_0419_biggan/val/ai/302_biggan_00143.png,1,0.3247,0
/home/student/Downloads/imagenet_ai_0419_biggan/val/ai/303_biggan_00020.png,1,0.0213,0
/home/student/Downloads/imagenet_ai_0419_biggan/val/ai/303_biggan_00035.png,1,0.9707,1
/home/student/Downloads/imagenet_ai_0419_biggan/val/ai/303_biggan_00039.png,1,0.9996,1
/home/student/Downloads/imagenet_ai_0419_biggan/val/ai/303_biggan_00074.png,1,0.0657,0
/home/student/Downloads/imagenet_ai_0419_biggan/val/ai/303_biggan_00127.png,1,0.5616,1
/home/student/Downloads/imagenet_ai_0419_biggan/val/ai/303_biggan_00143.png,1,0.6049,1
/home/student/Downloads/imagenet_ai_0419_biggan/val/ai/304_biggan_00020.png,1,1.0000,1
/home/student/Downloads/imagenet_ai_0419_biggan/val/ai/304_biggan_00035.png,1,0.9488,1
/home/student/Downloads/imagenet_ai_0419_biggan/val/ai/304_biggan_00039.png,1,0.0184,0
/home/student/Downloads/imagenet_ai_0419_biggan/val/ai/304_biggan_00074.png,1,0.8888,1
/home/student/Downloads/imagenet_ai_0419_biggan/val/ai/304_biggan_00127.png,1,0.9320,1
/home/student/Downloads/imagenet_ai_0419_biggan/val/ai/304_biggan_00143.png,1,0.6292,1
/home/student/Downloads/imagenet_ai_0419_biggan/val/ai/305_biggan_00020.png,1,0.2243,0
/home/student/Downloads/imagenet_ai_0419_biggan/val/ai/305_biggan_00035.png,1,0.0299,0
/home/student/Downloads/imagenet_ai_0419_biggan/val/ai/305_biggan_00039.png,1,0.6582,1
/home/student/Downloads/imagenet_ai_0419_biggan/val/ai/305_biggan_00074.png,1,0.6199,1
/home/student/Downloads/imagenet_ai_0419_biggan/val/ai/305_biggan_00127.png,1,0.0142,0
/home/student/Downloads/imagenet_ai_0419_biggan/val/ai/305_biggan_00143.png,1,0.0135,0
/home/student/Downloads/imagenet_ai_0419_biggan/val/ai/306_biggan_00020.png,1,0.0424,0
/home/student/Downloads/imagenet_ai_0419_biggan/val/ai/306_biggan_00035.png,1,0.0852,0
/home/student/Downloads/imagenet_ai_0419_biggan/val/ai/306_biggan_00039.png,1,0.0682,0
/home/student/Downloads/imagenet_ai_0419_biggan/val/ai/306_biggan_00074.png,1,0.9526,1
/home/student/Downloads/imagenet_ai_0419_biggan/val/ai/306_biggan_00127.png,1,0.0037,0
/home/student/Downloads/imagenet_ai_0419_biggan/val/ai/306_biggan_00143.png,1,0.8968,1
/home/student/Downloads/imagenet_ai_0419_biggan/val/ai/307_biggan_00020.png,1,0.9589,1
/home/student/Downloads/imagenet_ai_0419_biggan/val/ai/307_biggan_00035.png,1,0.7688,1
/home/student/Downloads/imagenet_ai_0419_biggan/val/ai/307_biggan_00039.png,1,0.9685,1
/home/student/Downloads/imagenet_ai_0419_biggan/val/ai/307_biggan_00074.png,1,0.9436,1
/home/student/Downloads/imagenet_ai_0419_biggan/val/ai/307_biggan_00127.png,1,0.3724,0
/home/student/Downloads/imagenet_ai_0419_biggan/val/ai/307_biggan_00143.png,1,0.0143,0
/home/student/Downloads/imagenet_ai_0419_biggan/val/ai/308_biggan_00020.png,1,0.8863,1
/home/student/Downloads/imagenet_ai_0419_biggan/val/ai/308_biggan_00035.png,1,0.7172,1
/home/student/Downloads/imagenet_ai_0419_biggan/val/ai/308_biggan_00039.png,1,0.9834,1
/home/student/Downloads/imagenet_ai_0419_biggan/val/ai/308_biggan_00074.png,1,0.9675,1
/home/student/Downloads/imagenet_ai_0419_biggan/val/ai/308_biggan_00127.png,1,0.1005,0
/home/student/Downloads/imagenet_ai_0419_biggan/val/ai/308_biggan_00143.png,1,0.9643,1
/home/student/Downloads/imagenet_ai_0419_biggan/val/ai/309_biggan_00020.png,1,0.9636,1
/home/student/Downloads/imagenet_ai_0419_biggan/val/ai/309_biggan_00035.png,1,0.9714,1
/home/student/Downloads/imagenet_ai_0419_biggan/val/ai/309_biggan_00039.png,1,0.9805,1
/home/student/Downloads/imagenet_ai_0419_biggan/val/ai/309_biggan_00074.png,1,0.8994,1
/home/student/Downloads/imagenet_ai_0419_biggan/val/ai/309_biggan_00127.png,1,0.9848,1
/home/student/Downloads/imagenet_ai_0419_biggan/val/ai/309_biggan_00143.png,1,0.9831,1
/home/student/Downloads/imagenet_ai_0419_biggan/val/ai/310_biggan_00020.png,1,0.9197,1
/home/student/Downloads/imagenet_ai_0419_biggan/val/ai/310_biggan_00035.png,1,0.0066,0
/home/student/Downloads/imagenet_ai_0419_biggan/val/ai/310_biggan_00039.png,1,0.9770,1
/home/student/Downloads/imagenet_ai_0419_biggan/val/ai/310_biggan_00074.png,1,0.9814,1
/home/student/Downloads/imagenet_ai_0419_biggan/val/ai/310_biggan_00127.png,1,0.8525,1
/home/student/Downloads/imagenet_ai_0419_biggan/val/ai/310_biggan_00143.png,1,0.0398,0
/home/student/Downloads/imagenet_ai_0419_biggan/val/ai/311_biggan_00020.png,1,0.9730,1
/home/student/Downloads/imagenet_ai_0419_biggan/val/ai/311_biggan_00035.png,1,0.9950,1
/home/student/Downloads/imagenet_ai_0419_biggan/val/ai/311_biggan_00039.png,1,0.5798,1
/home/student/Downloads/imagenet_ai_0419_biggan/val/ai/311_biggan_00074.png,1,0.9969,1
/home/student/Downloads/imagenet_ai_0419_biggan/val/ai/311_biggan_00127.png,1,0.9731,1
/home/student/Downloads/imagenet_ai_0419_biggan/val/ai/311_biggan_00143.png,1,0.9898,1
/home/student/Downloads/imagenet_ai_0419_biggan/val/ai/312_biggan_00020.png,1,0.0506,0
/home/student/Downloads/imagenet_ai_0419_biggan/val/ai/312_biggan_00035.png,1,0.9413,1
/home/student/Downloads/imagenet_ai_0419_biggan/val/ai/312_biggan_00039.png,1,0.7170,1
/home/student/Downloads/imagenet_ai_0419_biggan/val/ai/312_biggan_00074.png,1,0.9757,1
/home/student/Downloads/imagenet_ai_0419_biggan/val/ai/312_biggan_00127.png,1,0.9950,1
/home/student/Downloads/imagenet_ai_0419_biggan/val/ai/312_biggan_00143.png,1,0.6523,1
/home/student/Downloads/imagenet_ai_0419_biggan/val/ai/313_biggan_00020.png,1,0.9992,1
/home/student/Downloads/imagenet_ai_0419_biggan/val/ai/313_biggan_00035.png,1,0.7021,1
/home/student/Downloads/imagenet_ai_0419_biggan/val/ai/313_biggan_00039.png,1,0.9983,1
/home/student/Downloads/imagenet_ai_0419_biggan/val/ai/313_biggan_00074.png,1,0.8093,1
/home/student/Downloads/imagenet_ai_0419_biggan/val/ai/313_biggan_00127.png,1,0.4392,0
/home/student/Downloads/imagenet_ai_0419_biggan/val/ai/313_biggan_00143.png,1,0.2655,0
/home/student/Downloads/imagenet_ai_0419_biggan/val/ai/314_biggan_00020.png,1,0.1089,0
/home/student/Downloads/imagenet_ai_0419_biggan/val/ai/314_biggan_00035.png,1,0.0242,0
/home/student/Downloads/imagenet_ai_0419_biggan/val/ai/314_biggan_00039.png,1,0.0199,0
/home/student/Downloads/imagenet_ai_0419_biggan/val/ai/314_biggan_00074.png,1,0.6385,1
/home/student/Downloads/imagenet_ai_0419_biggan/val/ai/314_biggan_00127.png,1,0.3406,0
/home/student/Downloads/imagenet_ai_0419_biggan/val/ai/314_biggan_00143.png,1,0.3521,0
/home/student/Downloads/imagenet_ai_0419_biggan/val/ai/315_biggan_00020.png,1,0.9930,1
/home/student/Downloads/imagenet_ai_0419_biggan/val/ai/315_biggan_00035.png,1,0.9986,1
/home/student/Downloads/imagenet_ai_0419_biggan/val/ai/315_biggan_00039.png,1,0.9952,1
/home/student/Downloads/imagenet_ai_0419_biggan/val/ai/315_biggan_00074.png,1,0.7666,1
/home/student/Downloads/imagenet_ai_0419_biggan/val/ai/315_biggan_00127.png,1,0.9993,1
/home/student/Downloads/imagenet_ai_0419_biggan/val/ai/315_biggan_00143.png,1,0.9910,1
/home/student/Downloads/imagenet_ai_0419_biggan/val/ai/316_biggan_00020.png,1,0.2423,0
/home/student/Downloads/imagenet_ai_0419_biggan/val/ai/316_biggan_00035.png,1,0.1180,0
/home/student/Downloads/imagenet_ai_0419_biggan/val/ai/316_biggan_00039.png,1,0.0154,0
/home/student/Downloads/imagenet_ai_0419_biggan/val/ai/316_biggan_00074.png,1,0.9541,1
/home/student/Downloads/imagenet_ai_0419_biggan/val/ai/316_biggan_00127.png,1,0.9850,1
/home/student/Downloads/imagenet_ai_0419_biggan/val/ai/316_biggan_00143.png,1,0.4065,0
/home/student/Downloads/imagenet_ai_0419_biggan/val/ai/317_biggan_00020.png,1,0.0156,0
/home/student/Downloads/imagenet_ai_0419_biggan/val/ai/317_biggan_00035.png,1,0.9971,1
/home/student/Downloads/imagenet_ai_0419_biggan/val/ai/317_biggan_00039.png,1,0.6331,1
/home/student/Downloads/imagenet_ai_0419_biggan/val/ai/317_biggan_00074.png,1,0.0661,0
/home/student/Downloads/imagenet_ai_0419_biggan/val/ai/317_biggan_00127.png,1,0.9689,1
/home/student/Downloads/imagenet_ai_0419_biggan/val/ai/317_biggan_00143.png,1,0.9994,1
/home/student/Downloads/imagenet_ai_0419_biggan/val/ai/318_biggan_00020.png,1,0.9992,1
/home/student/Downloads/imagenet_ai_0419_biggan/val/ai/318_biggan_00035.png,1,0.9968,1
/home/student/Downloads/imagenet_ai_0419_biggan/val/ai/318_biggan_00039.png,1,0.5735,1
/home/student/Downloads/imagenet_ai_0419_biggan/val/ai/318_biggan_00074.png,1,0.9732,1
/home/student/Downloads/imagenet_ai_0419_biggan/val/ai/318_biggan_00127.png,1,0.9988,1
/home/student/Downloads/imagenet_ai_0419_biggan/val/ai/318_biggan_00143.png,1,0.9371,1
/home/student/Downloads/imagenet_ai_0419_biggan/val/ai/319_biggan_00020.png,1,0.8724,1
/home/student/Downloads/imagenet_ai_0419_biggan/val/ai/319_biggan_00035.png,1,0.9829,1
/home/student/Downloads/imagenet_ai_0419_biggan/val/ai/319_biggan_00039.png,1,0.9851,1
/home/student/Downloads/imagenet_ai_0419_biggan/val/ai/319_biggan_00074.png,1,0.9897,1
/home/student/Downloads/imagenet_ai_0419_biggan/val/ai/319_biggan_00127.png,1,0.9442,1
/home/student/Downloads/imagenet_ai_0419_biggan/val/ai/319_biggan_00143.png,1,0.9324,1
/home/student/Downloads/imagenet_ai_0419_biggan/val/ai/320_biggan_00020.png,1,0.9536,1
/home/student/Downloads/imagenet_ai_0419_biggan/val/ai/320_biggan_00035.png,1,0.8957,1
/home/student/Downloads/imagenet_ai_0419_biggan/val/ai/320_biggan_00039.png,1,0.9920,1
/home/student/Downloads/imagenet_ai_0419_biggan/val/ai/320_biggan_00074.png,1,0.9919,1
/home/student/Downloads/imagenet_ai_0419_biggan/val/ai/320_biggan_00127.png,1,0.9754,1
/home/student/Downloads/imagenet_ai_0419_biggan/val/ai/320_biggan_00143.png,1,0.9994,1
/home/student/Downloads/imagenet_ai_0419_biggan/val/ai/321_biggan_00020.png,1,0.9692,1
/home/student/Downloads/imagenet_ai_0419_biggan/val/ai/321_biggan_00035.png,1,0.5989,1
/home/student/Downloads/imagenet_ai_0419_biggan/val/ai/321_biggan_00039.png,1,0.9869,1
/home/student/Downloads/imagenet_ai_0419_biggan/val/ai/321_biggan_00074.png,1,0.9960,1
/home/student/Downloads/imagenet_ai_0419_biggan/val/ai/321_biggan_00127.png,1,0.9657,1
/home/student/Downloads/imagenet_ai_0419_biggan/val/ai/321_biggan_00143.png,1,0.9978,1
/home/student/Downloads/imagenet_ai_0419_biggan/val/ai/322_biggan_00020.png,1,0.9869,1
/home/student/Downloads/imagenet_ai_0419_biggan/val/ai/322_biggan_00035.png,1,0.0539,0
/home/student/Downloads/imagenet_ai_0419_biggan/val/ai/322_biggan_00039.png,1,0.9902,1
/home/student/Downloads/imagenet_ai_0419_biggan/val/ai/322_biggan_00074.png,1,0.9976,1
/home/student/Downloads/imagenet_ai_0419_biggan/val/ai/322_biggan_00127.png,1,0.9922,1
/home/student/Downloads/imagenet_ai_0419_biggan/val/ai/322_biggan_00143.png,1,0.9738,1
/home/student/Downloads/imagenet_ai_0419_biggan/val/ai/323_biggan_00020.png,1,0.9269,1
/home/student/Downloads/imagenet_ai_0419_biggan/val/ai/323_biggan_00035.png,1,0.9270,1
/home/student/Downloads/imagenet_ai_0419_biggan/val/ai/323_biggan_00039.png,1,0.7621,1
/home/student/Downloads/imagenet_ai_0419_biggan/val/ai/323_biggan_00074.png,1,0.8430,1
/home/student/Downloads/imagenet_ai_0419_biggan/val/ai/323_biggan_00127.png,1,0.3856,0
/home/student/Downloads/imagenet_ai_0419_biggan/val/ai/323_biggan_00143.png,1,0.9940,1
/home/student/Downloads/imagenet_ai_0419_biggan/val/ai/324_biggan_00020.png,1,0.6928,1
/home/student/Downloads/imagenet_ai_0419_biggan/val/ai/324_biggan_00035.png,1,0.9981,1
/home/student/Downloads/imagenet_ai_0419_biggan/val/ai/324_biggan_00039.png,1,0.9780,1
/home/student/Downloads/imagenet_ai_0419_biggan/val/ai/324_biggan_00074.png,1,0.9942,1
/home/student/Downloads/imagenet_ai_0419_biggan/val/ai/324_biggan_00127.png,1,0.8837,1
/home/student/Downloads/imagenet_ai_0419_biggan/val/ai/324_biggan_00143.png,1,0.8279,1
/home/student/Downloads/imagenet_ai_0419_biggan/val/ai/325_biggan_00020.png,1,0.9919,1
/home/student/Downloads/imagenet_ai_0419_biggan/val/ai/325_biggan_00035.png,1,0.9491,1
/home/student/Downloads/imagenet_ai_0419_biggan/val/ai/325_biggan_00039.png,1,0.9923,1
/home/student/Downloads/imagenet_ai_0419_biggan/val/ai/325_biggan_00074.png,1,0.9960,1
/home/student/Downloads/imagenet_ai_0419_biggan/val/ai/325_biggan_00127.png,1,0.9981,1
/home/student/Downloads/imagenet_ai_0419_biggan/val/ai/325_biggan_00143.png,1,0.9882,1
/home/student/Downloads/imagenet_ai_0419_biggan/val/ai/326_biggan_00020.png,1,0.9868,1
/home/student/Downloads/imagenet_ai_0419_biggan/val/ai/326_biggan_00035.png,1,0.9913,1
/home/student/Downloads/imagenet_ai_0419_biggan/val/ai/326_biggan_00039.png,1,0.9847,1
/home/student/Downloads/imagenet_ai_0419_biggan/val/ai/326_biggan_00074.png,1,0.9950,1
/home/student/Downloads/imagenet_ai_0419_biggan/val/ai/326_biggan_00127.png,1,0.9717,1
/home/student/Downloads/imagenet_ai_0419_biggan/val/ai/326_biggan_00143.png,1,0.9949,1
/home/student/Downloads/imagenet_ai_0419_biggan/val/ai/327_biggan_00020.png,1,0.9208,1
/home/student/Downloads/imagenet_ai_0419_biggan/val/ai/327_biggan_00035.png,1,0.5423,1
/home/student/Downloads/imagenet_ai_0419_biggan/val/ai/327_biggan_00039.png,1,0.4504,0
/home/student/Downloads/imagenet_ai_0419_biggan/val/ai/327_biggan_00074.png,1,0.2422,0
/home/student/Downloads/imagenet_ai_0419_biggan/val/ai/327_biggan_00127.png,1,0.7866,1
/home/student/Downloads/imagenet_ai_0419_biggan/val/ai/327_biggan_00143.png,1,0.9954,1
/home/student/Downloads/imagenet_ai_0419_biggan/val/ai/328_biggan_00020.png,1,0.0938,0
/home/student/Downloads/imagenet_ai_0419_biggan/val/ai/328_biggan_00035.png,1,0.1949,0
/home/student/Downloads/imagenet_ai_0419_biggan/val/ai/328_biggan_00039.png,1,0.6335,1
/home/student/Downloads/imagenet_ai_0419_biggan/val/ai/328_biggan_00074.png,1,0.3188,0
/home/student/Downloads/imagenet_ai_0419_biggan/val/ai/328_biggan_00127.png,1,0.9177,1
/home/student/Downloads/imagenet_ai_0419_biggan/val/ai/328_biggan_00143.png,1,0.6816,1
/home/student/Downloads/imagenet_ai_0419_biggan/val/ai/329_biggan_00020.png,1,0.5938,1
/home/student/Downloads/imagenet_ai_0419_biggan/val/ai/329_biggan_00035.png,1,0.6811,1
/home/student/Downloads/imagenet_ai_0419_biggan/val/ai/329_biggan_00039.png,1,0.0421,0
/home/student/Downloads/imagenet_ai_0419_biggan/val/ai/329_biggan_00074.png,1,0.3697,0
/home/student/Downloads/imagenet_ai_0419_biggan/val/ai/329_biggan_00127.png,1,0.4206,0
/home/student/Downloads/imagenet_ai_0419_biggan/val/ai/329_biggan_00143.png,1,0.0987,0
/home/student/Downloads/imagenet_ai_0419_biggan/val/ai/330_biggan_00020.png,1,0.0275,0
/home/student/Downloads/imagenet_ai_0419_biggan/val/ai/330_biggan_00035.png,1,0.0324,0
/home/student/Downloads/imagenet_ai_0419_biggan/val/ai/330_biggan_00039.png,1,0.0528,0
/home/student/Downloads/imagenet_ai_0419_biggan/val/ai/330_biggan_00074.png,1,0.0064,0
/home/student/Downloads/imagenet_ai_0419_biggan/val/ai/330_biggan_00127.png,1,0.0004,0
/home/student/Downloads/imagenet_ai_0419_biggan/val/ai/330_biggan_00143.png,1,0.0001,0
/home/student/Downloads/imagenet_ai_0419_biggan/val/ai/331_biggan_00020.png,1,0.6284,1
/home/student/Downloads/imagenet_ai_0419_biggan/val/ai/331_biggan_00035.png,1,0.2126,0
/home/student/Downloads/imagenet_ai_0419_biggan/val/ai/331_biggan_00039.png,1,0.0004,0
/home/student/Downloads/imagenet_ai_0419_biggan/val/ai/331_biggan_00074.png,1,0.0016,0
/home/student/Downloads/imagenet_ai_0419_biggan/val/ai/331_biggan_00127.png,1,0.7009,1
/home/student/Downloads/imagenet_ai_0419_biggan/val/ai/331_biggan_00143.png,1,0.0042,0
/home/student/Downloads/imagenet_ai_0419_biggan/val/ai/332_biggan_00020.png,1,0.9186,1
/home/student/Downloads/imagenet_ai_0419_biggan/val/ai/332_biggan_00035.png,1,0.0323,0
/home/student/Downloads/imagenet_ai_0419_biggan/val/ai/332_biggan_00039.png,1,0.7406,1
/home/student/Downloads/imagenet_ai_0419_biggan/val/ai/332_biggan_00074.png,1,0.8511,1
/home/student/Downloads/imagenet_ai_0419_biggan/val/ai/332_biggan_00127.png,1,0.4754,0
/home/student/Downloads/imagenet_ai_0419_biggan/val/ai/332_biggan_00143.png,1,0.9890,1
/home/student/Downloads/imagenet_ai_0419_biggan/val/ai/333_biggan_00020.png,1,0.7124,1
/home/student/Downloads/imagenet_ai_0419_biggan/val/ai/333_biggan_00035.png,1,0.0478,0
