filepath,true_label,pred_score,pred_label
/home/student/Downloads/imagenet_ai_0419_biggan/train/nature/n01440764_10026.JPEG,0,0.0000,0
/home/student/Downloads/imagenet_ai_0419_biggan/train/nature/n01440764_10029.JPEG,0,0.0059,0
/home/student/Downloads/imagenet_ai_0419_biggan/train/nature/n01440764_10042.JPEG,0,0.0000,0
/home/student/Downloads/imagenet_ai_0419_biggan/train/nature/n01440764_10095.JPEG,0,0.0102,0
/home/student/Downloads/imagenet_ai_0419_biggan/train/nature/n01440764_10162.JPEG,0,0.0000,0
/home/student/Downloads/imagenet_ai_0419_biggan/train/nature/n01440764_10251.JPEG,0,0.0000,0
/home/student/Downloads/imagenet_ai_0419_biggan/train/nature/n01440764_10281.JPEG,0,0.0001,0
/home/student/Downloads/imagenet_ai_0419_biggan/train/nature/n01440764_10290.JPEG,0,0.0000,0
/home/student/Downloads/imagenet_ai_0419_biggan/train/nature/n01440764_10317.JPEG,0,0.0000,0
/home/student/Downloads/imagenet_ai_0419_biggan/train/nature/n01440764_10323.JPEG,0,0.0000,0
/home/student/Downloads/imagenet_ai_0419_biggan/train/nature/n01440764_10361.JPEG,0,0.0000,0
/home/student/Downloads/imagenet_ai_0419_biggan/train/nature/n01440764_10373.JPEG,0,0.0000,0
/home/student/Downloads/imagenet_ai_0419_biggan/train/nature/n01440764_10449.JPEG,0,0.0015,0
/home/student/Downloads/imagenet_ai_0419_biggan/train/nature/n01440764_10491.JPEG,0,0.0000,0
/home/student/Downloads/imagenet_ai_0419_biggan/train/nature/n01440764_10733.JPEG,0,0.0000,0
/home/student/Downloads/imagenet_ai_0419_biggan/train/nature/n01440764_10756.JPEG,0,0.0000,0
/home/student/Downloads/imagenet_ai_0419_biggan/train/nature/n01440764_10969.JPEG,0,0.0003,0
/home/student/Downloads/imagenet_ai_0419_biggan/train/nature/n01440764_10995.JPEG,0,0.0000,0
/home/student/Downloads/imagenet_ai_0419_biggan/train/nature/n01440764_11155.JPEG,0,0.0000,0
/home/student/Downloads/imagenet_ai_0419_biggan/train/nature/n01440764_11420.JPEG,0,0.0000,0
/home/student/Downloads/imagenet_ai_0419_biggan/train/nature/n01440764_11656.JPEG,0,0.0000,0
/home/student/Downloads/imagenet_ai_0419_biggan/train/nature/n01440764_11679.JPEG,0,0.0000,0
/home/student/Downloads/imagenet_ai_0419_biggan/train/nature/n01440764_11972.JPEG,0,0.0000,0
/home/student/Downloads/imagenet_ai_0419_biggan/train/nature/n01440764_12069.JPEG,0,0.0000,0
/home/student/Downloads/imagenet_ai_0419_biggan/train/nature/n01440764_12131.JPEG,0,0.0000,0
/home/student/Downloads/imagenet_ai_0419_biggan/train/nature/n01440764_12157.JPEG,0,0.0000,0
/home/student/Downloads/imagenet_ai_0419_biggan/train/nature/n01440764_12289.JPEG,0,0.0000,0
/home/student/Downloads/imagenet_ai_0419_biggan/train/nature/n01440764_1245.JPEG,0,0.0000,0
/home/student/Downloads/imagenet_ai_0419_biggan/train/nature/n01440764_12620.JPEG,0,0.0000,0
/home/student/Downloads/imagenet_ai_0419_biggan/train/nature/n01440764_13144.JPEG,0,0.0000,0
/home/student/Downloads/imagenet_ai_0419_biggan/train/nature/n01440764_13344.JPEG,0,0.0000,0
/home/student/Downloads/imagenet_ai_0419_biggan/train/nature/n01440764_13375.JPEG,0,0.0000,0
/home/student/Downloads/imagenet_ai_0419_biggan/train/nature/n01440764_13452.JPEG,0,0.0000,0
/home/student/Downloads/imagenet_ai_0419_biggan/train/nature/n01440764_13602.JPEG,0,0.0000,0
/home/student/Downloads/imagenet_ai_0419_biggan/train/nature/n01440764_13702.JPEG,0,0.0013,0
/home/student/Downloads/imagenet_ai_0419_biggan/train/nature/n01440764_13749.JPEG,0,0.0001,0
/home/student/Downloads/imagenet_ai_0419_biggan/train/nature/n01440764_13806.JPEG,0,0.0000,0
/home/student/Downloads/imagenet_ai_0419_biggan/train/nature/n01440764_13905.JPEG,0,0.0000,0
/home/student/Downloads/imagenet_ai_0419_biggan/train/nature/n01440764_13993.JPEG,0,0.0000,0
/home/student/Downloads/imagenet_ai_0419_biggan/train/nature/n01440764_14005.JPEG,0,0.0000,0
/home/student/Downloads/imagenet_ai_0419_biggan/train/nature/n01440764_14150.JPEG,0,0.0009,0
/home/student/Downloads/imagenet_ai_0419_biggan/train/nature/n01440764_14162.JPEG,0,0.0000,0
/home/student/Downloads/imagenet_ai_0419_biggan/train/nature/n01440764_14169.JPEG,0,0.0000,0
/home/student/Downloads/imagenet_ai_0419_biggan/train/nature/n01440764_14176.JPEG,0,0.0000,0
/home/student/Downloads/imagenet_ai_0419_biggan/train/nature/n01440764_14294.JPEG,0,0.0000,0
/home/student/Downloads/imagenet_ai_0419_biggan/train/nature/n01440764_14405.JPEG,0,0.0002,0
/home/student/Downloads/imagenet_ai_0419_biggan/train/nature/n01440764_14490.JPEG,0,0.0000,0
/home/student/Downloads/imagenet_ai_0419_biggan/train/nature/n01440764_14506.JPEG,0,0.0000,0
/home/student/Downloads/imagenet_ai_0419_biggan/train/nature/n01440764_14685.JPEG,0,0.0000,0
/home/student/Downloads/imagenet_ai_0419_biggan/train/nature/n01440764_16051.JPEG,0,0.0000,0
/home/student/Downloads/imagenet_ai_0419_biggan/train/nature/n01440764_1713.JPEG,0,0.0000,0
/home/student/Downloads/imagenet_ai_0419_biggan/train/nature/n01440764_172.JPEG,0,0.0001,0
/home/student/Downloads/imagenet_ai_0419_biggan/train/nature/n01440764_18.JPEG,0,0.0001,0
/home/student/Downloads/imagenet_ai_0419_biggan/train/nature/n01440764_18220.JPEG,0,0.0003,0
/home/student/Downloads/imagenet_ai_0419_biggan/train/nature/n01440764_19197.JPEG,0,0.0245,0
/home/student/Downloads/imagenet_ai_0419_biggan/train/nature/n01440764_19403.JPEG,0,0.9133,1
/home/student/Downloads/imagenet_ai_0419_biggan/train/nature/n01440764_20451.JPEG,0,0.0027,0
/home/student/Downloads/imagenet_ai_0419_biggan/train/nature/n01440764_20915.JPEG,0,0.0000,0
/home/student/Downloads/imagenet_ai_0419_biggan/train/nature/n01440764_2095.JPEG,0,0.0167,0
/home/student/Downloads/imagenet_ai_0419_biggan/train/nature/n01440764_21005.JPEG,0,0.0000,0
/home/student/Downloads/imagenet_ai_0419_biggan/train/nature/n01440764_2102.JPEG,0,0.0000,0
/home/student/Downloads/imagenet_ai_0419_biggan/train/nature/n01440764_21095.JPEG,0,0.0000,0
/home/student/Downloads/imagenet_ai_0419_biggan/train/nature/n01440764_2144.JPEG,0,0.0000,0
/home/student/Downloads/imagenet_ai_0419_biggan/train/nature/n01440764_22135.JPEG,0,0.0000,0
/home/student/Downloads/imagenet_ai_0419_biggan/train/nature/n01440764_22773.JPEG,0,0.0000,0
/home/student/Downloads/imagenet_ai_0419_biggan/train/nature/n01440764_23111.JPEG,0,0.0006,0
/home/student/Downloads/imagenet_ai_0419_biggan/train/nature/n01440764_2314.JPEG,0,0.0001,0
/home/student/Downloads/imagenet_ai_0419_biggan/train/nature/n01440764_24502.JPEG,0,0.0000,0
/home/student/Downloads/imagenet_ai_0419_biggan/train/nature/n01440764_2636.JPEG,0,0.0964,0
/home/student/Downloads/imagenet_ai_0419_biggan/train/nature/n01440764_26569.JPEG,0,0.0002,0
/home/student/Downloads/imagenet_ai_0419_biggan/train/nature/n01440764_26631.JPEG,0,0.0000,0
/home/student/Downloads/imagenet_ai_0419_biggan/train/nature/n01440764_26775.JPEG,0,0.0000,0
/home/student/Downloads/imagenet_ai_0419_biggan/train/nature/n01440764_2699.JPEG,0,0.0000,0
/home/student/Downloads/imagenet_ai_0419_biggan/train/nature/n01440764_27042.JPEG,0,0.0000,0
/home/student/Downloads/imagenet_ai_0419_biggan/train/nature/n01440764_2708.JPEG,0,0.0003,0
/home/student/Downloads/imagenet_ai_0419_biggan/train/nature/n01440764_27339.JPEG,0,0.0000,0
/home/student/Downloads/imagenet_ai_0419_biggan/train/nature/n01440764_2816.JPEG,0,0.0000,0
/home/student/Downloads/imagenet_ai_0419_biggan/train/nature/n01440764_2919.JPEG,0,0.0006,0
/home/student/Downloads/imagenet_ai_0419_biggan/train/nature/n01440764_29712.JPEG,0,0.0115,0
/home/student/Downloads/imagenet_ai_0419_biggan/train/nature/n01440764_2993.JPEG,0,0.0000,0
/home/student/Downloads/imagenet_ai_0419_biggan/train/nature/n01440764_30045.JPEG,0,0.0000,0
/home/student/Downloads/imagenet_ai_0419_biggan/train/nature/n01440764_3011.JPEG,0,0.0000,0
/home/student/Downloads/imagenet_ai_0419_biggan/train/nature/n01440764_30897.JPEG,0,0.0000,0
/home/student/Downloads/imagenet_ai_0419_biggan/train/nature/n01440764_3096.JPEG,0,0.0000,0
/home/student/Downloads/imagenet_ai_0419_biggan/train/nature/n01440764_3129.JPEG,0,0.0002,0
/home/student/Downloads/imagenet_ai_0419_biggan/train/nature/n01440764_3236.JPEG,0,0.0000,0
/home/student/Downloads/imagenet_ai_0419_biggan/train/nature/n01440764_3271.JPEG,0,0.0001,0
/home/student/Downloads/imagenet_ai_0419_biggan/train/nature/n01440764_3425.JPEG,0,0.0000,0
/home/student/Downloads/imagenet_ai_0419_biggan/train/nature/n01440764_36.JPEG,0,0.0000,0
/home/student/Downloads/imagenet_ai_0419_biggan/train/nature/n01440764_3603.JPEG,0,0.0000,0
/home/student/Downloads/imagenet_ai_0419_biggan/train/nature/n01440764_3779.JPEG,0,0.0000,0
/home/student/Downloads/imagenet_ai_0419_biggan/train/nature/n01440764_3966.JPEG,0,0.0001,0
/home/student/Downloads/imagenet_ai_0419_biggan/train/nature/n01440764_416.JPEG,0,0.0001,0
/home/student/Downloads/imagenet_ai_0419_biggan/train/nature/n01440764_451.JPEG,0,0.0000,0
/home/student/Downloads/imagenet_ai_0419_biggan/train/nature/n01440764_485.JPEG,0,0.0000,0
/home/student/Downloads/imagenet_ai_0419_biggan/train/nature/n01440764_4913.JPEG,0,0.0000,0
/home/student/Downloads/imagenet_ai_0419_biggan/train/nature/n01440764_4980.JPEG,0,0.0000,0
/home/student/Downloads/imagenet_ai_0419_biggan/train/nature/n01440764_5163.JPEG,0,0.0001,0
/home/student/Downloads/imagenet_ai_0419_biggan/train/nature/n01440764_5173.JPEG,0,0.0000,0
/home/student/Downloads/imagenet_ai_0419_biggan/train/nature/n01440764_522.JPEG,0,0.0000,0
/home/student/Downloads/imagenet_ai_0419_biggan/train/nature/n01440764_5256.JPEG,0,0.0000,0
/home/student/Downloads/imagenet_ai_0419_biggan/train/nature/n01440764_5428.JPEG,0,0.0000,0
/home/student/Downloads/imagenet_ai_0419_biggan/train/nature/n01440764_5432.JPEG,0,0.3706,0
/home/student/Downloads/imagenet_ai_0419_biggan/train/nature/n01440764_5579.JPEG,0,0.0000,0
/home/student/Downloads/imagenet_ai_0419_biggan/train/nature/n01440764_5628.JPEG,0,0.0108,0
/home/student/Downloads/imagenet_ai_0419_biggan/train/nature/n01440764_5638.JPEG,0,0.0000,0
/home/student/Downloads/imagenet_ai_0419_biggan/train/nature/n01440764_5709.JPEG,0,0.0026,0
/home/student/Downloads/imagenet_ai_0419_biggan/train/nature/n01440764_5731.JPEG,0,0.0000,0
/home/student/Downloads/imagenet_ai_0419_biggan/train/nature/n01440764_5869.JPEG,0,0.0000,0
/home/student/Downloads/imagenet_ai_0419_biggan/train/nature/n01440764_5879.JPEG,0,0.0000,0
/home/student/Downloads/imagenet_ai_0419_biggan/train/nature/n01440764_5908.JPEG,0,0.0000,0
/home/student/Downloads/imagenet_ai_0419_biggan/train/nature/n01440764_5911.JPEG,0,0.0001,0
/home/student/Downloads/imagenet_ai_0419_biggan/train/nature/n01440764_5969.JPEG,0,0.0634,0
/home/student/Downloads/imagenet_ai_0419_biggan/train/nature/n01440764_6052.JPEG,0,0.0000,0
/home/student/Downloads/imagenet_ai_0419_biggan/train/nature/n01440764_6075.JPEG,0,0.0000,0
/home/student/Downloads/imagenet_ai_0419_biggan/train/nature/n01440764_6163.JPEG,0,0.0001,0
/home/student/Downloads/imagenet_ai_0419_biggan/train/nature/n01440764_6246.JPEG,0,0.0003,0
/home/student/Downloads/imagenet_ai_0419_biggan/train/nature/n01440764_6288.JPEG,0,0.0000,0
/home/student/Downloads/imagenet_ai_0419_biggan/train/nature/n01440764_6301.JPEG,0,0.0000,0
/home/student/Downloads/imagenet_ai_0419_biggan/train/nature/n01440764_6399.JPEG,0,0.0005,0
/home/student/Downloads/imagenet_ai_0419_biggan/train/nature/n01440764_6485.JPEG,0,0.0001,0
/home/student/Downloads/imagenet_ai_0419_biggan/train/nature/n01440764_6570.JPEG,0,0.0000,0
/home/student/Downloads/imagenet_ai_0419_biggan/train/nature/n01440764_6719.JPEG,0,0.0025,0
/home/student/Downloads/imagenet_ai_0419_biggan/train/nature/n01440764_677.JPEG,0,0.0000,0
/home/student/Downloads/imagenet_ai_0419_biggan/train/nature/n01440764_6831.JPEG,0,0.0000,0
/home/student/Downloads/imagenet_ai_0419_biggan/train/nature/n01440764_6954.JPEG,0,0.0062,0
/home/student/Downloads/imagenet_ai_0419_biggan/train/nature/n01440764_6962.JPEG,0,0.0000,0
/home/student/Downloads/imagenet_ai_0419_biggan/train/nature/n01440764_7137.JPEG,0,0.0006,0
/home/student/Downloads/imagenet_ai_0419_biggan/train/nature/n01440764_7185.JPEG,0,0.0000,0
/home/student/Downloads/imagenet_ai_0419_biggan/train/nature/n01440764_7230.JPEG,0,0.0002,0
/home/student/Downloads/imagenet_ai_0419_biggan/train/nature/n01440764_7499.JPEG,0,0.0000,0
/home/student/Downloads/imagenet_ai_0419_biggan/train/nature/n01440764_7501.JPEG,0,0.0000,0
/home/student/Downloads/imagenet_ai_0419_biggan/train/nature/n01440764_7514.JPEG,0,0.0000,0
/home/student/Downloads/imagenet_ai_0419_biggan/train/nature/n01440764_7521.JPEG,0,0.0001,0
/home/student/Downloads/imagenet_ai_0419_biggan/train/nature/n01440764_7562.JPEG,0,0.0000,0
/home/student/Downloads/imagenet_ai_0419_biggan/train/nature/n01440764_7632.JPEG,0,0.0000,0
/home/student/Downloads/imagenet_ai_0419_biggan/train/nature/n01440764_7671.JPEG,0,0.0000,0
/home/student/Downloads/imagenet_ai_0419_biggan/train/nature/n01440764_7677.JPEG,0,0.0000,0
/home/student/Downloads/imagenet_ai_0419_biggan/train/nature/n01440764_7786.JPEG,0,0.0024,0
/home/student/Downloads/imagenet_ai_0419_biggan/train/nature/n01440764_7846.JPEG,0,0.0000,0
/home/student/Downloads/imagenet_ai_0419_biggan/train/nature/n01440764_7982.JPEG,0,0.0030,0
/home/student/Downloads/imagenet_ai_0419_biggan/train/nature/n01440764_8052.JPEG,0,0.0000,0
/home/student/Downloads/imagenet_ai_0419_biggan/train/nature/n01440764_8191.JPEG,0,0.0000,0
/home/student/Downloads/imagenet_ai_0419_biggan/train/nature/n01440764_8219.JPEG,0,0.0000,0
/home/student/Downloads/imagenet_ai_0419_biggan/train/nature/n01440764_8347.JPEG,0,0.0000,0
/home/student/Downloads/imagenet_ai_0419_biggan/train/nature/n01440764_8374.JPEG,0,0.0008,0
/home/student/Downloads/imagenet_ai_0419_biggan/train/nature/n01440764_8421.JPEG,0,0.0001,0
/home/student/Downloads/imagenet_ai_0419_biggan/train/nature/n01440764_8455.JPEG,0,0.0000,0
/home/student/Downloads/imagenet_ai_0419_biggan/train/nature/n01440764_8479.JPEG,0,0.2315,0
/home/student/Downloads/imagenet_ai_0419_biggan/train/nature/n01440764_8689.JPEG,0,0.0004,0
/home/student/Downloads/imagenet_ai_0419_biggan/train/nature/n01440764_9152.JPEG,0,0.0000,0
/home/student/Downloads/imagenet_ai_0419_biggan/train/nature/n01440764_9292.JPEG,0,0.0000,0
/home/student/Downloads/imagenet_ai_0419_biggan/train/nature/n01440764_9390.JPEG,0,0.0000,0
/home/student/Downloads/imagenet_ai_0419_biggan/train/nature/n01440764_9533.JPEG,0,0.0000,0
/home/student/Downloads/imagenet_ai_0419_biggan/train/nature/n01440764_96.JPEG,0,0.0001,0
/home/student/Downloads/imagenet_ai_0419_biggan/train/nature/n01440764_9649.JPEG,0,0.0001,0
/home/student/Downloads/imagenet_ai_0419_biggan/train/nature/n01440764_9667.JPEG,0,0.0000,0
/home/student/Downloads/imagenet_ai_0419_biggan/train/nature/n01440764_97.JPEG,0,0.0000,0
/home/student/Downloads/imagenet_ai_0419_biggan/train/nature/n01440764_9776.JPEG,0,0.0000,0
/home/student/Downloads/imagenet_ai_0419_biggan/train/nature/n01440764_9780.JPEG,0,0.0002,0
/home/student/Downloads/imagenet_ai_0419_biggan/train/nature/n01440764_9866.JPEG,0,0.0000,0
/home/student/Downloads/imagenet_ai_0419_biggan/train/nature/n01440764_9931.JPEG,0,0.0000,0
/home/student/Downloads/imagenet_ai_0419_biggan/train/nature/n01443537_10007.JPEG,0,0.0000,0
/home/student/Downloads/imagenet_ai_0419_biggan/train/nature/n01443537_10035.JPEG,0,0.0024,0
/home/student/Downloads/imagenet_ai_0419_biggan/train/nature/n01443537_10092.JPEG,0,0.0004,0
/home/student/Downloads/imagenet_ai_0419_biggan/train/nature/n01443537_10149.JPEG,0,0.0001,0
/home/student/Downloads/imagenet_ai_0419_biggan/train/nature/n01443537_1029.JPEG,0,0.0000,0
/home/student/Downloads/imagenet_ai_0419_biggan/train/nature/n01443537_10562.JPEG,0,0.0640,0
/home/student/Downloads/imagenet_ai_0419_biggan/train/nature/n01443537_10677.JPEG,0,0.0000,0
/home/student/Downloads/imagenet_ai_0419_biggan/train/nature/n01443537_11084.JPEG,0,0.0124,0
/home/student/Downloads/imagenet_ai_0419_biggan/train/nature/n01443537_11094.JPEG,0,0.0000,0
/home/student/Downloads/imagenet_ai_0419_biggan/train/nature/n01443537_11213.JPEG,0,0.0000,0
/home/student/Downloads/imagenet_ai_0419_biggan/train/nature/n01443537_11283.JPEG,0,0.0000,0
/home/student/Downloads/imagenet_ai_0419_biggan/train/nature/n01443537_11451.JPEG,0,0.0007,0
/home/student/Downloads/imagenet_ai_0419_biggan/train/nature/n01443537_11582.JPEG,0,0.1809,0
/home/student/Downloads/imagenet_ai_0419_biggan/train/nature/n01443537_11909.JPEG,0,0.0000,0
/home/student/Downloads/imagenet_ai_0419_biggan/train/nature/n01443537_12286.JPEG,0,0.0001,0
/home/student/Downloads/imagenet_ai_0419_biggan/train/nature/n01443537_12360.JPEG,0,0.0000,0
/home/student/Downloads/imagenet_ai_0419_biggan/train/nature/n01443537_12433.JPEG,0,0.0175,0
/home/student/Downloads/imagenet_ai_0419_biggan/train/nature/n01443537_12525.JPEG,0,0.0012,0
/home/student/Downloads/imagenet_ai_0419_biggan/train/nature/n01443537_12661.JPEG,0,0.0000,0
/home/student/Downloads/imagenet_ai_0419_biggan/train/nature/n01443537_12948.JPEG,0,0.6690,1
/home/student/Downloads/imagenet_ai_0419_biggan/train/nature/n01443537_13009.JPEG,0,0.9994,1
/home/student/Downloads/imagenet_ai_0419_biggan/train/nature/n01443537_13028.JPEG,0,0.7790,1
/home/student/Downloads/imagenet_ai_0419_biggan/train/nature/n01443537_1308.JPEG,0,0.0023,0
/home/student/Downloads/imagenet_ai_0419_biggan/train/nature/n01443537_1313.JPEG,0,0.0000,0
/home/student/Downloads/imagenet_ai_0419_biggan/train/nature/n01443537_13177.JPEG,0,0.0002,0
/home/student/Downloads/imagenet_ai_0419_biggan/train/nature/n01443537_13191.JPEG,0,0.0042,0
/home/student/Downloads/imagenet_ai_0419_biggan/train/nature/n01443537_13194.JPEG,0,0.0006,0
/home/student/Downloads/imagenet_ai_0419_biggan/train/nature/n01443537_13278.JPEG,0,0.0007,0
/home/student/Downloads/imagenet_ai_0419_biggan/train/nature/n01443537_13305.JPEG,0,0.0000,0
/home/student/Downloads/imagenet_ai_0419_biggan/train/nature/n01443537_13451.JPEG,0,0.0001,0
/home/student/Downloads/imagenet_ai_0419_biggan/train/nature/n01443537_13463.JPEG,0,0.0001,0
/home/student/Downloads/imagenet_ai_0419_biggan/train/nature/n01443537_1361.JPEG,0,0.0118,0
/home/student/Downloads/imagenet_ai_0419_biggan/train/nature/n01443537_13658.JPEG,0,0.0000,0
/home/student/Downloads/imagenet_ai_0419_biggan/train/nature/n01443537_13692.JPEG,0,0.6356,1
/home/student/Downloads/imagenet_ai_0419_biggan/train/nature/n01443537_13733.JPEG,0,0.0000,0
/home/student/Downloads/imagenet_ai_0419_biggan/train/nature/n01443537_13760.JPEG,0,0.0836,0
/home/student/Downloads/imagenet_ai_0419_biggan/train/nature/n01443537_13830.JPEG,0,0.0003,0
/home/student/Downloads/imagenet_ai_0419_biggan/train/nature/n01443537_14020.JPEG,0,0.0237,0
/home/student/Downloads/imagenet_ai_0419_biggan/train/nature/n01443537_14115.JPEG,0,0.0000,0
/home/student/Downloads/imagenet_ai_0419_biggan/train/nature/n01443537_14344.JPEG,0,0.0002,0
/home/student/Downloads/imagenet_ai_0419_biggan/train/nature/n01443537_14466.JPEG,0,0.7873,1
/home/student/Downloads/imagenet_ai_0419_biggan/train/nature/n01443537_14541.JPEG,0,0.0001,0
/home/student/Downloads/imagenet_ai_0419_biggan/train/nature/n01443537_14706.JPEG,0,0.0021,0
/home/student/Downloads/imagenet_ai_0419_biggan/train/nature/n01443537_14803.JPEG,0,0.0001,0
/home/student/Downloads/imagenet_ai_0419_biggan/train/nature/n01443537_14827.JPEG,0,0.0000,0
/home/student/Downloads/imagenet_ai_0419_biggan/train/nature/n01443537_14835.JPEG,0,0.0001,0
/home/student/Downloads/imagenet_ai_0419_biggan/train/nature/n01443537_14836.JPEG,0,0.0000,0
/home/student/Downloads/imagenet_ai_0419_biggan/train/nature/n01443537_15166.JPEG,0,0.9951,1
/home/student/Downloads/imagenet_ai_0419_biggan/train/nature/n01443537_15259.JPEG,0,0.0697,0
/home/student/Downloads/imagenet_ai_0419_biggan/train/nature/n01443537_15284.JPEG,0,0.0000,0
/home/student/Downloads/imagenet_ai_0419_biggan/train/nature/n01443537_15552.JPEG,0,0.0009,0
/home/student/Downloads/imagenet_ai_0419_biggan/train/nature/n01443537_15686.JPEG,0,0.0000,0
/home/student/Downloads/imagenet_ai_0419_biggan/train/nature/n01443537_15891.JPEG,0,0.0000,0
/home/student/Downloads/imagenet_ai_0419_biggan/train/nature/n01443537_15913.JPEG,0,0.1880,0
/home/student/Downloads/imagenet_ai_0419_biggan/train/nature/n01443537_1592.JPEG,0,0.0030,0
/home/student/Downloads/imagenet_ai_0419_biggan/train/nature/n01443537_15991.JPEG,0,0.0000,0
/home/student/Downloads/imagenet_ai_0419_biggan/train/nature/n01443537_16132.JPEG,0,0.0014,0
/home/student/Downloads/imagenet_ai_0419_biggan/train/nature/n01443537_16234.JPEG,0,0.0157,0
/home/student/Downloads/imagenet_ai_0419_biggan/train/nature/n01443537_16282.JPEG,0,0.0000,0
/home/student/Downloads/imagenet_ai_0419_biggan/train/nature/n01443537_16344.JPEG,0,0.0001,0
/home/student/Downloads/imagenet_ai_0419_biggan/train/nature/n01443537_16482.JPEG,0,0.0001,0
/home/student/Downloads/imagenet_ai_0419_biggan/train/nature/n01443537_16612.JPEG,0,0.0057,0
/home/student/Downloads/imagenet_ai_0419_biggan/train/nature/n01443537_16655.JPEG,0,0.0000,0
/home/student/Downloads/imagenet_ai_0419_biggan/train/nature/n01443537_17000.JPEG,0,0.0000,0
/home/student/Downloads/imagenet_ai_0419_biggan/train/nature/n01443537_17026.JPEG,0,0.0003,0
/home/student/Downloads/imagenet_ai_0419_biggan/train/nature/n01443537_17255.JPEG,0,0.0001,0
/home/student/Downloads/imagenet_ai_0419_biggan/train/nature/n01443537_17264.JPEG,0,0.0000,0
/home/student/Downloads/imagenet_ai_0419_biggan/train/nature/n01443537_17346.JPEG,0,0.8035,1
/home/student/Downloads/imagenet_ai_0419_biggan/train/nature/n01443537_1753.JPEG,0,0.0000,0
/home/student/Downloads/imagenet_ai_0419_biggan/train/nature/n01443537_17565.JPEG,0,0.0003,0
/home/student/Downloads/imagenet_ai_0419_biggan/train/nature/n01443537_17622.JPEG,0,0.0000,0
/home/student/Downloads/imagenet_ai_0419_biggan/train/nature/n01443537_1786.JPEG,0,0.0003,0
/home/student/Downloads/imagenet_ai_0419_biggan/train/nature/n01443537_17989.JPEG,0,0.0018,0
/home/student/Downloads/imagenet_ai_0419_biggan/train/nature/n01443537_1824.JPEG,0,0.3020,0
/home/student/Downloads/imagenet_ai_0419_biggan/train/nature/n01443537_18335.JPEG,0,0.0147,0
/home/student/Downloads/imagenet_ai_0419_biggan/train/nature/n01443537_1844.JPEG,0,0.0083,0
/home/student/Downloads/imagenet_ai_0419_biggan/train/nature/n01443537_18539.JPEG,0,0.0000,0
/home/student/Downloads/imagenet_ai_0419_biggan/train/nature/n01443537_18771.JPEG,0,0.0030,0
/home/student/Downloads/imagenet_ai_0419_biggan/train/nature/n01443537_18940.JPEG,0,0.0000,0
/home/student/Downloads/imagenet_ai_0419_biggan/train/nature/n01443537_19008.JPEG,0,0.0001,0
/home/student/Downloads/imagenet_ai_0419_biggan/train/nature/n01443537_19694.JPEG,0,1.0000,1
/home/student/Downloads/imagenet_ai_0419_biggan/train/nature/n01443537_19989.JPEG,0,0.0009,0
/home/student/Downloads/imagenet_ai_0419_biggan/train/nature/n01443537_20094.JPEG,0,0.0012,0
/home/student/Downloads/imagenet_ai_0419_biggan/train/nature/n01443537_20299.JPEG,0,0.0235,0
/home/student/Downloads/imagenet_ai_0419_biggan/train/nature/n01443537_20699.JPEG,0,0.6798,1
/home/student/Downloads/imagenet_ai_0419_biggan/train/nature/n01443537_20735.JPEG,0,0.0233,0
/home/student/Downloads/imagenet_ai_0419_biggan/train/nature/n01443537_20856.JPEG,0,0.0000,0
/home/student/Downloads/imagenet_ai_0419_biggan/train/nature/n01443537_2095.JPEG,0,0.0719,0
/home/student/Downloads/imagenet_ai_0419_biggan/train/nature/n01443537_21104.JPEG,0,0.0003,0
/home/student/Downloads/imagenet_ai_0419_biggan/train/nature/n01443537_21111.JPEG,0,0.0561,0
/home/student/Downloads/imagenet_ai_0419_biggan/train/nature/n01443537_21407.JPEG,0,0.0000,0
/home/student/Downloads/imagenet_ai_0419_biggan/train/nature/n01443537_21445.JPEG,0,0.0000,0
/home/student/Downloads/imagenet_ai_0419_biggan/train/nature/n01443537_21483.JPEG,0,0.9999,1
/home/student/Downloads/imagenet_ai_0419_biggan/train/nature/n01443537_21605.JPEG,0,0.0000,0
/home/student/Downloads/imagenet_ai_0419_biggan/train/nature/n01443537_2191.JPEG,0,0.0090,0
/home/student/Downloads/imagenet_ai_0419_biggan/train/nature/n01443537_223.JPEG,0,0.9884,1
/home/student/Downloads/imagenet_ai_0419_biggan/train/nature/n01443537_22345.JPEG,0,0.0000,0
/home/student/Downloads/imagenet_ai_0419_biggan/train/nature/n01443537_22386.JPEG,0,0.0003,0
/home/student/Downloads/imagenet_ai_0419_biggan/train/nature/n01443537_22507.JPEG,0,0.9935,1
/home/student/Downloads/imagenet_ai_0419_biggan/train/nature/n01443537_2260.JPEG,0,0.0000,0
/home/student/Downloads/imagenet_ai_0419_biggan/train/nature/n01443537_2263.JPEG,0,0.2448,0
/home/student/Downloads/imagenet_ai_0419_biggan/train/nature/n01443537_2266.JPEG,0,0.0238,0
/home/student/Downloads/imagenet_ai_0419_biggan/train/nature/n01443537_22849.JPEG,0,0.0000,0
/home/student/Downloads/imagenet_ai_0419_biggan/train/nature/n01443537_22896.JPEG,0,0.0010,0
/home/student/Downloads/imagenet_ai_0419_biggan/train/nature/n01443537_2297.JPEG,0,0.0000,0
/home/student/Downloads/imagenet_ai_0419_biggan/train/nature/n01443537_23046.JPEG,0,0.1138,0
/home/student/Downloads/imagenet_ai_0419_biggan/train/nature/n01443537_23289.JPEG,0,0.6789,1
/home/student/Downloads/imagenet_ai_0419_biggan/train/nature/n01443537_23362.JPEG,0,0.0000,0
/home/student/Downloads/imagenet_ai_0419_biggan/train/nature/n01443537_23455.JPEG,0,0.0000,0
/home/student/Downloads/imagenet_ai_0419_biggan/train/nature/n01443537_23502.JPEG,0,0.0006,0
/home/student/Downloads/imagenet_ai_0419_biggan/train/nature/n01443537_23590.JPEG,0,0.0002,0
/home/student/Downloads/imagenet_ai_0419_biggan/train/nature/n01443537_23667.JPEG,0,0.0000,0
/home/student/Downloads/imagenet_ai_0419_biggan/train/nature/n01443537_23763.JPEG,0,0.0000,0
/home/student/Downloads/imagenet_ai_0419_biggan/train/nature/n01443537_23860.JPEG,0,0.0002,0
/home/student/Downloads/imagenet_ai_0419_biggan/train/nature/n01443537_24239.JPEG,0,0.0000,0
/home/student/Downloads/imagenet_ai_0419_biggan/train/nature/n01443537_24393.JPEG,0,0.0007,0
/home/student/Downloads/imagenet_ai_0419_biggan/train/nature/n01443537_2449.JPEG,0,0.0001,0
/home/student/Downloads/imagenet_ai_0419_biggan/train/nature/n01443537_247.JPEG,0,0.9804,1
/home/student/Downloads/imagenet_ai_0419_biggan/train/nature/n01443537_2535.JPEG,0,0.9980,1
/home/student/Downloads/imagenet_ai_0419_biggan/train/nature/n01443537_275.JPEG,0,0.4201,0
/home/student/Downloads/imagenet_ai_0419_biggan/train/nature/n01443537_2911.JPEG,0,0.0023,0
/home/student/Downloads/imagenet_ai_0419_biggan/train/nature/n01443537_2945.JPEG,0,0.0000,0
/home/student/Downloads/imagenet_ai_0419_biggan/train/nature/n01443537_3033.JPEG,0,0.0000,0
/home/student/Downloads/imagenet_ai_0419_biggan/train/nature/n01443537_3161.JPEG,0,0.0035,0
/home/student/Downloads/imagenet_ai_0419_biggan/train/nature/n01443537_319.JPEG,0,0.0000,0
/home/student/Downloads/imagenet_ai_0419_biggan/train/nature/n01443537_338.JPEG,0,0.0000,0
/home/student/Downloads/imagenet_ai_0419_biggan/train/nature/n01443537_3416.JPEG,0,0.0000,0
/home/student/Downloads/imagenet_ai_0419_biggan/train/nature/n01443537_3814.JPEG,0,0.0018,0
/home/student/Downloads/imagenet_ai_0419_biggan/train/nature/n01443537_3911.JPEG,0,0.0000,0
/home/student/Downloads/imagenet_ai_0419_biggan/train/nature/n01443537_3921.JPEG,0,0.1036,0
/home/student/Downloads/imagenet_ai_0419_biggan/train/nature/n01443537_4106.JPEG,0,0.0013,0
/home/student/Downloads/imagenet_ai_0419_biggan/train/nature/n01443537_4232.JPEG,0,0.0000,0
/home/student/Downloads/imagenet_ai_0419_biggan/train/nature/n01443537_4376.JPEG,0,0.0001,0
/home/student/Downloads/imagenet_ai_0419_biggan/train/nature/n01443537_4431.JPEG,0,0.0021,0
/home/student/Downloads/imagenet_ai_0419_biggan/train/nature/n01443537_4440.JPEG,0,0.0000,0
/home/student/Downloads/imagenet_ai_0419_biggan/train/nature/n01443537_4489.JPEG,0,0.0000,0
/home/student/Downloads/imagenet_ai_0419_biggan/train/nature/n01443537_4572.JPEG,0,0.0000,0
/home/student/Downloads/imagenet_ai_0419_biggan/train/nature/n01443537_4702.JPEG,0,0.0001,0
/home/student/Downloads/imagenet_ai_0419_biggan/train/nature/n01443537_481.JPEG,0,0.8461,1
/home/student/Downloads/imagenet_ai_0419_biggan/train/nature/n01443537_4987.JPEG,0,0.1802,0
/home/student/Downloads/imagenet_ai_0419_biggan/train/nature/n01443537_501.JPEG,0,0.0008,0
/home/student/Downloads/imagenet_ai_0419_biggan/train/nature/n01443537_5033.JPEG,0,0.0000,0
/home/student/Downloads/imagenet_ai_0419_biggan/train/nature/n01443537_5219.JPEG,0,0.0043,0
/home/student/Downloads/imagenet_ai_0419_biggan/train/nature/n01443537_522.JPEG,0,0.0047,0
/home/student/Downloads/imagenet_ai_0419_biggan/train/nature/n01443537_5280.JPEG,0,0.0000,0
/home/student/Downloads/imagenet_ai_0419_biggan/train/nature/n01443537_5783.JPEG,0,0.0000,0
/home/student/Downloads/imagenet_ai_0419_biggan/train/nature/n01443537_6697.JPEG,0,0.0001,0
/home/student/Downloads/imagenet_ai_0419_biggan/train/nature/n01443537_6853.JPEG,0,0.0000,0
/home/student/Downloads/imagenet_ai_0419_biggan/train/nature/n01443537_7228.JPEG,0,0.0000,0
/home/student/Downloads/imagenet_ai_0419_biggan/train/nature/n01443537_7376.JPEG,0,0.0004,0
/home/student/Downloads/imagenet_ai_0419_biggan/train/nature/n01443537_7843.JPEG,0,0.0000,0
/home/student/Downloads/imagenet_ai_0419_biggan/train/nature/n01443537_785.JPEG,0,0.9801,1
/home/student/Downloads/imagenet_ai_0419_biggan/train/nature/n01443537_7913.JPEG,0,0.0000,0
/home/student/Downloads/imagenet_ai_0419_biggan/train/nature/n01443537_792.JPEG,0,0.0011,0
/home/student/Downloads/imagenet_ai_0419_biggan/train/nature/n01443537_7938.JPEG,0,0.0760,0
/home/student/Downloads/imagenet_ai_0419_biggan/train/nature/n01443537_8243.JPEG,0,0.0677,0
/home/student/Downloads/imagenet_ai_0419_biggan/train/nature/n01443537_8437.JPEG,0,0.0312,0
/home/student/Downloads/imagenet_ai_0419_biggan/train/nature/n01443537_8693.JPEG,0,0.0000,0
/home/student/Downloads/imagenet_ai_0419_biggan/train/nature/n01443537_875.JPEG,0,0.0233,0
/home/student/Downloads/imagenet_ai_0419_biggan/train/nature/n01443537_894.JPEG,0,0.0155,0
/home/student/Downloads/imagenet_ai_0419_biggan/train/nature/n01443537_9364.JPEG,0,0.0000,0
/home/student/Downloads/imagenet_ai_0419_biggan/train/nature/n01443537_9483.JPEG,0,0.0003,0
/home/student/Downloads/imagenet_ai_0419_biggan/train/nature/n01484850_10036.JPEG,0,0.0001,0
/home/student/Downloads/imagenet_ai_0419_biggan/train/nature/n01484850_10073.JPEG,0,0.0002,0
/home/student/Downloads/imagenet_ai_0419_biggan/train/nature/n01484850_10085.JPEG,0,0.0001,0
/home/student/Downloads/imagenet_ai_0419_biggan/train/nature/n01484850_10370.JPEG,0,0.0007,0
/home/student/Downloads/imagenet_ai_0419_biggan/train/nature/n01484850_10538.JPEG,0,0.0000,0
/home/student/Downloads/imagenet_ai_0419_biggan/train/nature/n01484850_1070.JPEG,0,0.0001,0
/home/student/Downloads/imagenet_ai_0419_biggan/train/nature/n01484850_10798.JPEG,0,0.0001,0
/home/student/Downloads/imagenet_ai_0419_biggan/train/nature/n01484850_10982.JPEG,0,0.0192,0
/home/student/Downloads/imagenet_ai_0419_biggan/train/nature/n01484850_11150.JPEG,0,0.0000,0
/home/student/Downloads/imagenet_ai_0419_biggan/train/nature/n01484850_11167.JPEG,0,0.0000,0
/home/student/Downloads/imagenet_ai_0419_biggan/train/nature/n01484850_11205.JPEG,0,0.0001,0
/home/student/Downloads/imagenet_ai_0419_biggan/train/nature/n01484850_11236.JPEG,0,0.0064,0
/home/student/Downloads/imagenet_ai_0419_biggan/train/nature/n01484850_114.JPEG,0,0.0005,0
/home/student/Downloads/imagenet_ai_0419_biggan/train/nature/n01484850_11467.JPEG,0,0.0013,0
/home/student/Downloads/imagenet_ai_0419_biggan/train/nature/n01484850_12047.JPEG,0,0.3291,0
/home/student/Downloads/imagenet_ai_0419_biggan/train/nature/n01484850_12375.JPEG,0,0.0001,0
/home/student/Downloads/imagenet_ai_0419_biggan/train/nature/n01484850_12606.JPEG,0,0.0002,0
/home/student/Downloads/imagenet_ai_0419_biggan/train/nature/n01484850_12782.JPEG,0,0.0000,0
/home/student/Downloads/imagenet_ai_0419_biggan/train/nature/n01484850_12982.JPEG,0,0.0001,0
/home/student/Downloads/imagenet_ai_0419_biggan/train/nature/n01484850_13264.JPEG,0,0.0002,0
/home/student/Downloads/imagenet_ai_0419_biggan/train/nature/n01484850_13622.JPEG,0,0.0005,0
/home/student/Downloads/imagenet_ai_0419_biggan/train/nature/n01484850_13838.JPEG,0,0.2139,0
/home/student/Downloads/imagenet_ai_0419_biggan/train/nature/n01484850_1394.JPEG,0,0.0000,0
/home/student/Downloads/imagenet_ai_0419_biggan/train/nature/n01484850_14162.JPEG,0,0.0000,0
/home/student/Downloads/imagenet_ai_0419_biggan/train/nature/n01484850_1431.JPEG,0,0.0004,0
/home/student/Downloads/imagenet_ai_0419_biggan/train/nature/n01484850_14422.JPEG,0,0.0001,0
/home/student/Downloads/imagenet_ai_0419_biggan/train/nature/n01484850_146.JPEG,0,0.0000,0
/home/student/Downloads/imagenet_ai_0419_biggan/train/nature/n01484850_14751.JPEG,0,0.0033,0
/home/student/Downloads/imagenet_ai_0419_biggan/train/nature/n01484850_14810.JPEG,0,0.0000,0
/home/student/Downloads/imagenet_ai_0419_biggan/train/nature/n01484850_15114.JPEG,0,0.0000,0
/home/student/Downloads/imagenet_ai_0419_biggan/train/nature/n01484850_15365.JPEG,0,0.7811,1
/home/student/Downloads/imagenet_ai_0419_biggan/train/nature/n01484850_15491.JPEG,0,0.0000,0
/home/student/Downloads/imagenet_ai_0419_biggan/train/nature/n01484850_15542.JPEG,0,0.0066,0
/home/student/Downloads/imagenet_ai_0419_biggan/train/nature/n01484850_15685.JPEG,0,0.0000,0
/home/student/Downloads/imagenet_ai_0419_biggan/train/nature/n01484850_15809.JPEG,0,0.0017,0
/home/student/Downloads/imagenet_ai_0419_biggan/train/nature/n01484850_15982.JPEG,0,0.0000,0
/home/student/Downloads/imagenet_ai_0419_biggan/train/nature/n01484850_1607.JPEG,0,0.1341,0
/home/student/Downloads/imagenet_ai_0419_biggan/train/nature/n01484850_16076.JPEG,0,0.0005,0
/home/student/Downloads/imagenet_ai_0419_biggan/train/nature/n01484850_16126.JPEG,0,0.0747,0
/home/student/Downloads/imagenet_ai_0419_biggan/train/nature/n01484850_1619.JPEG,0,0.0089,0
/home/student/Downloads/imagenet_ai_0419_biggan/train/nature/n01484850_1631.JPEG,0,0.0004,0
/home/student/Downloads/imagenet_ai_0419_biggan/train/nature/n01484850_16371.JPEG,0,0.0335,0
/home/student/Downloads/imagenet_ai_0419_biggan/train/nature/n01484850_166.JPEG,0,0.0000,0
/home/student/Downloads/imagenet_ai_0419_biggan/train/nature/n01484850_1664.JPEG,0,0.0000,0
/home/student/Downloads/imagenet_ai_0419_biggan/train/nature/n01484850_16730.JPEG,0,0.0002,0
/home/student/Downloads/imagenet_ai_0419_biggan/train/nature/n01484850_16903.JPEG,0,0.0014,0
/home/student/Downloads/imagenet_ai_0419_biggan/train/nature/n01484850_16923.JPEG,0,0.1253,0
/home/student/Downloads/imagenet_ai_0419_biggan/train/nature/n01484850_17229.JPEG,0,0.0000,0
/home/student/Downloads/imagenet_ai_0419_biggan/train/nature/n01484850_17311.JPEG,0,0.0009,0
/home/student/Downloads/imagenet_ai_0419_biggan/train/nature/n01484850_17399.JPEG,0,0.0268,0
/home/student/Downloads/imagenet_ai_0419_biggan/train/nature/n01484850_17403.JPEG,0,0.0001,0
/home/student/Downloads/imagenet_ai_0419_biggan/train/nature/n01484850_1747.JPEG,0,0.0000,0
/home/student/Downloads/imagenet_ai_0419_biggan/train/nature/n01484850_17727.JPEG,0,0.0006,0
/home/student/Downloads/imagenet_ai_0419_biggan/train/nature/n01484850_17815.JPEG,0,0.0000,0
/home/student/Downloads/imagenet_ai_0419_biggan/train/nature/n01484850_17864.JPEG,0,0.1440,0
/home/student/Downloads/imagenet_ai_0419_biggan/train/nature/n01484850_17872.JPEG,0,0.0003,0
/home/student/Downloads/imagenet_ai_0419_biggan/train/nature/n01484850_18013.JPEG,0,0.0000,0
/home/student/Downloads/imagenet_ai_0419_biggan/train/nature/n01484850_18113.JPEG,0,0.0003,0
/home/student/Downloads/imagenet_ai_0419_biggan/train/nature/n01484850_18231.JPEG,0,0.0106,0
/home/student/Downloads/imagenet_ai_0419_biggan/train/nature/n01484850_1831.JPEG,0,0.0001,0
/home/student/Downloads/imagenet_ai_0419_biggan/train/nature/n01484850_18575.JPEG,0,0.0011,0
/home/student/Downloads/imagenet_ai_0419_biggan/train/nature/n01484850_1866.JPEG,0,0.0014,0
/home/student/Downloads/imagenet_ai_0419_biggan/train/nature/n01484850_18945.JPEG,0,0.0240,0
/home/student/Downloads/imagenet_ai_0419_biggan/train/nature/n01484850_19555.JPEG,0,0.0021,0
/home/student/Downloads/imagenet_ai_0419_biggan/train/nature/n01484850_19617.JPEG,0,0.0134,0
/home/student/Downloads/imagenet_ai_0419_biggan/train/nature/n01484850_2013.JPEG,0,0.0017,0
/home/student/Downloads/imagenet_ai_0419_biggan/train/nature/n01484850_20181.JPEG,0,0.0024,0
/home/student/Downloads/imagenet_ai_0419_biggan/train/nature/n01484850_20222.JPEG,0,0.0001,0
/home/student/Downloads/imagenet_ai_0419_biggan/train/nature/n01484850_20429.JPEG,0,0.0005,0
/home/student/Downloads/imagenet_ai_0419_biggan/train/nature/n01484850_20650.JPEG,0,0.1928,0
/home/student/Downloads/imagenet_ai_0419_biggan/train/nature/n01484850_20658.JPEG,0,0.0008,0
/home/student/Downloads/imagenet_ai_0419_biggan/train/nature/n01484850_21394.JPEG,0,0.0293,0
/home/student/Downloads/imagenet_ai_0419_biggan/train/nature/n01484850_21607.JPEG,0,0.0006,0
/home/student/Downloads/imagenet_ai_0419_biggan/train/nature/n01484850_21791.JPEG,0,0.0002,0
/home/student/Downloads/imagenet_ai_0419_biggan/train/nature/n01484850_22035.JPEG,0,0.0572,0
/home/student/Downloads/imagenet_ai_0419_biggan/train/nature/n01484850_22105.JPEG,0,0.0006,0
/home/student/Downloads/imagenet_ai_0419_biggan/train/nature/n01484850_22221.JPEG,0,0.0000,0
/home/student/Downloads/imagenet_ai_0419_biggan/train/nature/n01484850_22227.JPEG,0,0.0000,0
/home/student/Downloads/imagenet_ai_0419_biggan/train/nature/n01484850_2270.JPEG,0,0.0096,0
/home/student/Downloads/imagenet_ai_0419_biggan/train/nature/n01484850_22983.JPEG,0,0.0000,0
/home/student/Downloads/imagenet_ai_0419_biggan/train/nature/n01484850_23400.JPEG,0,0.0002,0
/home/student/Downloads/imagenet_ai_0419_biggan/train/nature/n01484850_23427.JPEG,0,0.0027,0
/home/student/Downloads/imagenet_ai_0419_biggan/train/nature/n01484850_23496.JPEG,0,0.0017,0
/home/student/Downloads/imagenet_ai_0419_biggan/train/nature/n01484850_23515.JPEG,0,0.0037,0
/home/student/Downloads/imagenet_ai_0419_biggan/train/nature/n01484850_23568.JPEG,0,0.0000,0
/home/student/Downloads/imagenet_ai_0419_biggan/train/nature/n01484850_23830.JPEG,0,0.0001,0
/home/student/Downloads/imagenet_ai_0419_biggan/train/nature/n01484850_24160.JPEG,0,0.0000,0
/home/student/Downloads/imagenet_ai_0419_biggan/train/nature/n01484850_24188.JPEG,0,0.0039,0
/home/student/Downloads/imagenet_ai_0419_biggan/train/nature/n01484850_24262.JPEG,0,0.0000,0
/home/student/Downloads/imagenet_ai_0419_biggan/train/nature/n01484850_24299.JPEG,0,0.0001,0
/home/student/Downloads/imagenet_ai_0419_biggan/train/nature/n01484850_24524.JPEG,0,0.0051,0
/home/student/Downloads/imagenet_ai_0419_biggan/train/nature/n01484850_24809.JPEG,0,0.0001,0
/home/student/Downloads/imagenet_ai_0419_biggan/train/nature/n01484850_2488.JPEG,0,0.0122,0
/home/student/Downloads/imagenet_ai_0419_biggan/train/nature/n01484850_24903.JPEG,0,0.0000,0
/home/student/Downloads/imagenet_ai_0419_biggan/train/nature/n01484850_25398.JPEG,0,0.0000,0
/home/student/Downloads/imagenet_ai_0419_biggan/train/nature/n01484850_25662.JPEG,0,0.0005,0
/home/student/Downloads/imagenet_ai_0419_biggan/train/nature/n01484850_27216.JPEG,0,0.0000,0
/home/student/Downloads/imagenet_ai_0419_biggan/train/nature/n01484850_27219.JPEG,0,0.0000,0
/home/student/Downloads/imagenet_ai_0419_biggan/train/nature/n01484850_27730.JPEG,0,0.0002,0
/home/student/Downloads/imagenet_ai_0419_biggan/train/nature/n01484850_2800.JPEG,0,0.0037,0
/home/student/Downloads/imagenet_ai_0419_biggan/train/nature/n01484850_28160.JPEG,0,0.0007,0
/home/student/Downloads/imagenet_ai_0419_biggan/train/nature/n01484850_28173.JPEG,0,0.0009,0
/home/student/Downloads/imagenet_ai_0419_biggan/train/nature/n01484850_28529.JPEG,0,0.0000,0
/home/student/Downloads/imagenet_ai_0419_biggan/train/nature/n01484850_2860.JPEG,0,0.0000,0
/home/student/Downloads/imagenet_ai_0419_biggan/train/nature/n01484850_28739.JPEG,0,0.0018,0
/home/student/Downloads/imagenet_ai_0419_biggan/train/nature/n01484850_29028.JPEG,0,0.0605,0
/home/student/Downloads/imagenet_ai_0419_biggan/train/nature/n01484850_29653.JPEG,0,0.0010,0
/home/student/Downloads/imagenet_ai_0419_biggan/train/nature/n01484850_29982.JPEG,0,0.0054,0
/home/student/Downloads/imagenet_ai_0419_biggan/train/nature/n01484850_31338.JPEG,0,0.0003,0
/home/student/Downloads/imagenet_ai_0419_biggan/train/nature/n01484850_3179.JPEG,0,0.0025,0
/home/student/Downloads/imagenet_ai_0419_biggan/train/nature/n01484850_3297.JPEG,0,0.0037,0
/home/student/Downloads/imagenet_ai_0419_biggan/train/nature/n01484850_3298.JPEG,0,0.0030,0
/home/student/Downloads/imagenet_ai_0419_biggan/train/nature/n01484850_330.JPEG,0,0.0096,0
/home/student/Downloads/imagenet_ai_0419_biggan/train/nature/n01484850_33833.JPEG,0,0.0009,0
/home/student/Downloads/imagenet_ai_0419_biggan/train/nature/n01484850_3403.JPEG,0,0.0015,0
/home/student/Downloads/imagenet_ai_0419_biggan/train/nature/n01484850_3410.JPEG,0,0.0002,0
/home/student/Downloads/imagenet_ai_0419_biggan/train/nature/n01484850_3544.JPEG,0,0.0001,0
/home/student/Downloads/imagenet_ai_0419_biggan/train/nature/n01484850_3831.JPEG,0,0.3739,0
/home/student/Downloads/imagenet_ai_0419_biggan/train/nature/n01484850_3949.JPEG,0,0.0008,0
/home/student/Downloads/imagenet_ai_0419_biggan/train/nature/n01484850_3993.JPEG,0,0.0022,0
/home/student/Downloads/imagenet_ai_0419_biggan/train/nature/n01484850_4017.JPEG,0,0.0035,0
/home/student/Downloads/imagenet_ai_0419_biggan/train/nature/n01484850_4125.JPEG,0,0.0120,0
/home/student/Downloads/imagenet_ai_0419_biggan/train/nature/n01484850_421.JPEG,0,0.0031,0
/home/student/Downloads/imagenet_ai_0419_biggan/train/nature/n01484850_4275.JPEG,0,0.0000,0
/home/student/Downloads/imagenet_ai_0419_biggan/train/nature/n01484850_4331.JPEG,0,0.0007,0
/home/student/Downloads/imagenet_ai_0419_biggan/train/nature/n01484850_4801.JPEG,0,0.0088,0
/home/student/Downloads/imagenet_ai_0419_biggan/train/nature/n01484850_5240.JPEG,0,0.0000,0
/home/student/Downloads/imagenet_ai_0419_biggan/train/nature/n01484850_5268.JPEG,0,0.0007,0
/home/student/Downloads/imagenet_ai_0419_biggan/train/nature/n01484850_5757.JPEG,0,0.0001,0
/home/student/Downloads/imagenet_ai_0419_biggan/train/nature/n01484850_5814.JPEG,0,0.0000,0
/home/student/Downloads/imagenet_ai_0419_biggan/train/nature/n01484850_5855.JPEG,0,0.0011,0
/home/student/Downloads/imagenet_ai_0419_biggan/train/nature/n01484850_6097.JPEG,0,0.0025,0
/home/student/Downloads/imagenet_ai_0419_biggan/train/nature/n01484850_6423.JPEG,0,0.0011,0
/home/student/Downloads/imagenet_ai_0419_biggan/train/nature/n01484850_6574.JPEG,0,0.0019,0
/home/student/Downloads/imagenet_ai_0419_biggan/train/nature/n01484850_6709.JPEG,0,0.0002,0
/home/student/Downloads/imagenet_ai_0419_biggan/train/nature/n01484850_6759.JPEG,0,0.0001,0
/home/student/Downloads/imagenet_ai_0419_biggan/train/nature/n01484850_6898.JPEG,0,0.8533,1
/home/student/Downloads/imagenet_ai_0419_biggan/train/nature/n01484850_6911.JPEG,0,0.0000,0
/home/student/Downloads/imagenet_ai_0419_biggan/train/nature/n01484850_6995.JPEG,0,0.0000,0
/home/student/Downloads/imagenet_ai_0419_biggan/train/nature/n01484850_7153.JPEG,0,0.0000,0
/home/student/Downloads/imagenet_ai_0419_biggan/train/nature/n01484850_7299.JPEG,0,0.0828,0
/home/student/Downloads/imagenet_ai_0419_biggan/train/nature/n01484850_7430.JPEG,0,0.0000,0
/home/student/Downloads/imagenet_ai_0419_biggan/train/nature/n01484850_7638.JPEG,0,0.0002,0
/home/student/Downloads/imagenet_ai_0419_biggan/train/nature/n01484850_7640.JPEG,0,0.0017,0
/home/student/Downloads/imagenet_ai_0419_biggan/train/nature/n01484850_7695.JPEG,0,0.0002,0
/home/student/Downloads/imagenet_ai_0419_biggan/train/nature/n01484850_7756.JPEG,0,0.0000,0
/home/student/Downloads/imagenet_ai_0419_biggan/train/nature/n01484850_7853.JPEG,0,0.0000,0
/home/student/Downloads/imagenet_ai_0419_biggan/train/nature/n01484850_7999.JPEG,0,0.0007,0
/home/student/Downloads/imagenet_ai_0419_biggan/train/nature/n01484850_8050.JPEG,0,0.9991,1
/home/student/Downloads/imagenet_ai_0419_biggan/train/nature/n01484850_8058.JPEG,0,0.0033,0
/home/student/Downloads/imagenet_ai_0419_biggan/train/nature/n01484850_8300.JPEG,0,0.0493,0
/home/student/Downloads/imagenet_ai_0419_biggan/train/nature/n01484850_8303.JPEG,0,0.0000,0
/home/student/Downloads/imagenet_ai_0419_biggan/train/nature/n01484850_8469.JPEG,0,0.0001,0
/home/student/Downloads/imagenet_ai_0419_biggan/train/nature/n01484850_8749.JPEG,0,0.0000,0
/home/student/Downloads/imagenet_ai_0419_biggan/train/nature/n01484850_8886.JPEG,0,0.0006,0
/home/student/Downloads/imagenet_ai_0419_biggan/train/nature/n01484850_8956.JPEG,0,0.0063,0
/home/student/Downloads/imagenet_ai_0419_biggan/train/nature/n01484850_8979.JPEG,0,0.0027,0
/home/student/Downloads/imagenet_ai_0419_biggan/train/nature/n01484850_9008.JPEG,0,0.0022,0
/home/student/Downloads/imagenet_ai_0419_biggan/train/nature/n01484850_9474.JPEG,0,0.0001,0
/home/student/Downloads/imagenet_ai_0419_biggan/train/nature/n01484850_95.JPEG,0,0.0134,0
/home/student/Downloads/imagenet_ai_0419_biggan/train/nature/n01484850_9770.JPEG,0,0.0008,0
/home/student/Downloads/imagenet_ai_0419_biggan/train/nature/n01484850_9995.JPEG,0,0.0000,0
/home/student/Downloads/imagenet_ai_0419_biggan/train/nature/n01491361_1019.JPEG,0,0.0005,0
/home/student/Downloads/imagenet_ai_0419_biggan/train/nature/n01491361_10602.JPEG,0,0.0049,0
/home/student/Downloads/imagenet_ai_0419_biggan/train/nature/n01491361_10617.JPEG,0,0.0002,0
/home/student/Downloads/imagenet_ai_0419_biggan/train/nature/n01491361_10706.JPEG,0,0.0141,0
/home/student/Downloads/imagenet_ai_0419_biggan/train/nature/n01491361_10784.JPEG,0,0.0000,0
/home/student/Downloads/imagenet_ai_0419_biggan/train/nature/n01491361_11165.JPEG,0,0.0018,0
/home/student/Downloads/imagenet_ai_0419_biggan/train/nature/n01491361_11202.JPEG,0,0.0055,0
/home/student/Downloads/imagenet_ai_0419_biggan/train/nature/n01491361_11327.JPEG,0,0.0001,0
/home/student/Downloads/imagenet_ai_0419_biggan/train/nature/n01491361_11496.JPEG,0,0.0241,0
/home/student/Downloads/imagenet_ai_0419_biggan/train/nature/n01491361_11556.JPEG,0,0.0015,0
/home/student/Downloads/imagenet_ai_0419_biggan/train/nature/n01491361_11932.JPEG,0,0.0036,0
/home/student/Downloads/imagenet_ai_0419_biggan/train/nature/n01491361_12140.JPEG,0,0.0004,0
/home/student/Downloads/imagenet_ai_0419_biggan/train/nature/n01491361_12603.JPEG,0,0.0003,0
/home/student/Downloads/imagenet_ai_0419_biggan/train/nature/n01491361_1355.JPEG,0,0.0034,0
/home/student/Downloads/imagenet_ai_0419_biggan/train/nature/n01491361_13578.JPEG,0,0.0071,0
/home/student/Downloads/imagenet_ai_0419_biggan/train/nature/n01491361_14062.JPEG,0,0.0001,0
/home/student/Downloads/imagenet_ai_0419_biggan/train/nature/n01491361_14212.JPEG,0,0.0011,0
/home/student/Downloads/imagenet_ai_0419_biggan/train/nature/n01491361_1432.JPEG,0,0.0000,0
/home/student/Downloads/imagenet_ai_0419_biggan/train/nature/n01491361_1458.JPEG,0,0.0557,0
/home/student/Downloads/imagenet_ai_0419_biggan/train/nature/n01491361_14786.JPEG,0,0.5689,1
/home/student/Downloads/imagenet_ai_0419_biggan/train/nature/n01491361_15023.JPEG,0,0.0000,0
/home/student/Downloads/imagenet_ai_0419_biggan/train/nature/n01491361_154.JPEG,0,0.0002,0
/home/student/Downloads/imagenet_ai_0419_biggan/train/nature/n01491361_15588.JPEG,0,0.0050,0
/home/student/Downloads/imagenet_ai_0419_biggan/train/nature/n01491361_1667.JPEG,0,0.0696,0
/home/student/Downloads/imagenet_ai_0419_biggan/train/nature/n01491361_178.JPEG,0,0.0124,0
/home/student/Downloads/imagenet_ai_0419_biggan/train/nature/n01491361_1984.JPEG,0,0.0028,0
/home/student/Downloads/imagenet_ai_0419_biggan/train/nature/n01491361_2269.JPEG,0,0.0010,0
/home/student/Downloads/imagenet_ai_0419_biggan/train/nature/n01491361_2285.JPEG,0,0.0017,0
/home/student/Downloads/imagenet_ai_0419_biggan/train/nature/n01491361_2293.JPEG,0,0.0002,0
/home/student/Downloads/imagenet_ai_0419_biggan/train/nature/n01491361_234.JPEG,0,0.1690,0
/home/student/Downloads/imagenet_ai_0419_biggan/train/nature/n01491361_2544.JPEG,0,0.0001,0
/home/student/Downloads/imagenet_ai_0419_biggan/train/nature/n01491361_2579.JPEG,0,0.0001,0
/home/student/Downloads/imagenet_ai_0419_biggan/train/nature/n01491361_262.JPEG,0,0.0005,0
/home/student/Downloads/imagenet_ai_0419_biggan/train/nature/n01491361_2680.JPEG,0,0.0012,0
/home/student/Downloads/imagenet_ai_0419_biggan/train/nature/n01491361_278.JPEG,0,0.1017,0
/home/student/Downloads/imagenet_ai_0419_biggan/train/nature/n01491361_2884.JPEG,0,0.0005,0
/home/student/Downloads/imagenet_ai_0419_biggan/train/nature/n01491361_2946.JPEG,0,0.0108,0
/home/student/Downloads/imagenet_ai_0419_biggan/train/nature/n01491361_305.JPEG,0,0.0006,0
/home/student/Downloads/imagenet_ai_0419_biggan/train/nature/n01491361_31.JPEG,0,0.0124,0
/home/student/Downloads/imagenet_ai_0419_biggan/train/nature/n01491361_3115.JPEG,0,0.0005,0
/home/student/Downloads/imagenet_ai_0419_biggan/train/nature/n01491361_3138.JPEG,0,0.0002,0
/home/student/Downloads/imagenet_ai_0419_biggan/train/nature/n01491361_3338.JPEG,0,0.7292,1
/home/student/Downloads/imagenet_ai_0419_biggan/train/nature/n01491361_337.JPEG,0,0.0005,0
/home/student/Downloads/imagenet_ai_0419_biggan/train/nature/n01491361_3453.JPEG,0,0.4309,0
/home/student/Downloads/imagenet_ai_0419_biggan/train/nature/n01491361_3496.JPEG,0,0.0016,0
/home/student/Downloads/imagenet_ai_0419_biggan/train/nature/n01491361_351.JPEG,0,0.0008,0
/home/student/Downloads/imagenet_ai_0419_biggan/train/nature/n01491361_352.JPEG,0,0.0003,0
/home/student/Downloads/imagenet_ai_0419_biggan/train/nature/n01491361_3543.JPEG,0,0.1331,0
/home/student/Downloads/imagenet_ai_0419_biggan/train/nature/n01491361_3612.JPEG,0,0.0047,0
/home/student/Downloads/imagenet_ai_0419_biggan/train/nature/n01491361_3668.JPEG,0,0.2468,0
/home/student/Downloads/imagenet_ai_0419_biggan/train/nature/n01491361_3701.JPEG,0,0.1005,0
/home/student/Downloads/imagenet_ai_0419_biggan/train/nature/n01491361_3717.JPEG,0,0.0086,0
/home/student/Downloads/imagenet_ai_0419_biggan/train/nature/n01491361_3904.JPEG,0,0.0001,0
/home/student/Downloads/imagenet_ai_0419_biggan/train/nature/n01491361_4217.JPEG,0,0.0001,0
/home/student/Downloads/imagenet_ai_0419_biggan/train/nature/n01491361_4244.JPEG,0,0.0024,0
/home/student/Downloads/imagenet_ai_0419_biggan/train/nature/n01491361_4394.JPEG,0,0.1209,0
/home/student/Downloads/imagenet_ai_0419_biggan/train/nature/n01491361_4433.JPEG,0,0.0127,0
/home/student/Downloads/imagenet_ai_0419_biggan/train/nature/n01491361_4532.JPEG,0,0.0003,0
/home/student/Downloads/imagenet_ai_0419_biggan/train/nature/n01491361_4615.JPEG,0,0.0003,0
/home/student/Downloads/imagenet_ai_0419_biggan/train/nature/n01491361_463.JPEG,0,0.0019,0
/home/student/Downloads/imagenet_ai_0419_biggan/train/nature/n01491361_4634.JPEG,0,0.0004,0
/home/student/Downloads/imagenet_ai_0419_biggan/train/nature/n01491361_4646.JPEG,0,0.0068,0
/home/student/Downloads/imagenet_ai_0419_biggan/train/nature/n01491361_4704.JPEG,0,0.0004,0
/home/student/Downloads/imagenet_ai_0419_biggan/train/nature/n01491361_476.JPEG,0,0.0000,0
/home/student/Downloads/imagenet_ai_0419_biggan/train/nature/n01491361_4795.JPEG,0,0.0024,0
/home/student/Downloads/imagenet_ai_0419_biggan/train/nature/n01491361_4932.JPEG,0,0.0029,0
/home/student/Downloads/imagenet_ai_0419_biggan/train/nature/n01491361_5133.JPEG,0,0.0809,0
/home/student/Downloads/imagenet_ai_0419_biggan/train/nature/n01491361_5155.JPEG,0,0.0001,0
/home/student/Downloads/imagenet_ai_0419_biggan/train/nature/n01491361_5159.JPEG,0,1.0000,1
/home/student/Downloads/imagenet_ai_0419_biggan/train/nature/n01491361_5169.JPEG,0,0.0163,0
/home/student/Downloads/imagenet_ai_0419_biggan/train/nature/n01491361_5187.JPEG,0,0.0156,0
/home/student/Downloads/imagenet_ai_0419_biggan/train/nature/n01491361_5302.JPEG,0,0.0002,0
/home/student/Downloads/imagenet_ai_0419_biggan/train/nature/n01491361_531.JPEG,0,0.0001,0
/home/student/Downloads/imagenet_ai_0419_biggan/train/nature/n01491361_5367.JPEG,0,0.6412,1
/home/student/Downloads/imagenet_ai_0419_biggan/train/nature/n01491361_5425.JPEG,0,0.0001,0
/home/student/Downloads/imagenet_ai_0419_biggan/train/nature/n01491361_5487.JPEG,0,0.0016,0
/home/student/Downloads/imagenet_ai_0419_biggan/train/nature/n01491361_5539.JPEG,0,0.0001,0
/home/student/Downloads/imagenet_ai_0419_biggan/train/nature/n01491361_5550.JPEG,0,0.0003,0
/home/student/Downloads/imagenet_ai_0419_biggan/train/nature/n01491361_5580.JPEG,0,0.0000,0
/home/student/Downloads/imagenet_ai_0419_biggan/train/nature/n01491361_5615.JPEG,0,0.0354,0
/home/student/Downloads/imagenet_ai_0419_biggan/train/nature/n01491361_5627.JPEG,0,0.0001,0
/home/student/Downloads/imagenet_ai_0419_biggan/train/nature/n01491361_5695.JPEG,0,0.0006,0
/home/student/Downloads/imagenet_ai_0419_biggan/train/nature/n01491361_57.JPEG,0,0.0015,0
/home/student/Downloads/imagenet_ai_0419_biggan/train/nature/n01491361_5778.JPEG,0,0.0524,0
/home/student/Downloads/imagenet_ai_0419_biggan/train/nature/n01491361_5785.JPEG,0,0.0001,0
/home/student/Downloads/imagenet_ai_0419_biggan/train/nature/n01491361_5790.JPEG,0,0.0001,0
/home/student/Downloads/imagenet_ai_0419_biggan/train/nature/n01491361_5850.JPEG,0,0.9732,1
/home/student/Downloads/imagenet_ai_0419_biggan/train/nature/n01491361_5896.JPEG,0,0.0738,0
/home/student/Downloads/imagenet_ai_0419_biggan/train/nature/n01491361_5918.JPEG,0,0.0423,0
/home/student/Downloads/imagenet_ai_0419_biggan/train/nature/n01491361_5945.JPEG,0,0.9690,1
/home/student/Downloads/imagenet_ai_0419_biggan/train/nature/n01491361_5982.JPEG,0,0.2723,0
/home/student/Downloads/imagenet_ai_0419_biggan/train/nature/n01491361_6020.JPEG,0,0.0044,0
/home/student/Downloads/imagenet_ai_0419_biggan/train/nature/n01491361_6053.JPEG,0,0.1265,0
/home/student/Downloads/imagenet_ai_0419_biggan/train/nature/n01491361_612.JPEG,0,0.0009,0
/home/student/Downloads/imagenet_ai_0419_biggan/train/nature/n01491361_6142.JPEG,0,0.0024,0
/home/student/Downloads/imagenet_ai_0419_biggan/train/nature/n01491361_618.JPEG,0,0.0012,0
/home/student/Downloads/imagenet_ai_0419_biggan/train/nature/n01491361_624.JPEG,0,0.0004,0
/home/student/Downloads/imagenet_ai_0419_biggan/train/nature/n01491361_6294.JPEG,0,0.0002,0
/home/student/Downloads/imagenet_ai_0419_biggan/train/nature/n01491361_6356.JPEG,0,0.0001,0
/home/student/Downloads/imagenet_ai_0419_biggan/train/nature/n01491361_6428.JPEG,0,0.0000,0
/home/student/Downloads/imagenet_ai_0419_biggan/train/nature/n01491361_6486.JPEG,0,0.0397,0
/home/student/Downloads/imagenet_ai_0419_biggan/train/nature/n01491361_6552.JPEG,0,0.0039,0
/home/student/Downloads/imagenet_ai_0419_biggan/train/nature/n01491361_6554.JPEG,0,0.0208,0
/home/student/Downloads/imagenet_ai_0419_biggan/train/nature/n01491361_6567.JPEG,0,0.0006,0
/home/student/Downloads/imagenet_ai_0419_biggan/train/nature/n01491361_6615.JPEG,0,0.0136,0
/home/student/Downloads/imagenet_ai_0419_biggan/train/nature/n01491361_662.JPEG,0,0.0016,0
/home/student/Downloads/imagenet_ai_0419_biggan/train/nature/n01491361_6643.JPEG,0,0.0068,0
/home/student/Downloads/imagenet_ai_0419_biggan/train/nature/n01491361_6668.JPEG,0,0.0000,0
/home/student/Downloads/imagenet_ai_0419_biggan/train/nature/n01491361_6695.JPEG,0,0.2180,0
/home/student/Downloads/imagenet_ai_0419_biggan/train/nature/n01491361_6719.JPEG,0,0.0088,0
/home/student/Downloads/imagenet_ai_0419_biggan/train/nature/n01491361_674.JPEG,0,0.0011,0
/home/student/Downloads/imagenet_ai_0419_biggan/train/nature/n01491361_6776.JPEG,0,0.0001,0
/home/student/Downloads/imagenet_ai_0419_biggan/train/nature/n01491361_68.JPEG,0,0.4380,0
/home/student/Downloads/imagenet_ai_0419_biggan/train/nature/n01491361_6849.JPEG,0,0.0012,0
/home/student/Downloads/imagenet_ai_0419_biggan/train/nature/n01491361_6895.JPEG,0,0.0087,0
/home/student/Downloads/imagenet_ai_0419_biggan/train/nature/n01491361_700.JPEG,0,0.0062,0
/home/student/Downloads/imagenet_ai_0419_biggan/train/nature/n01491361_7058.JPEG,0,0.0001,0
/home/student/Downloads/imagenet_ai_0419_biggan/train/nature/n01491361_7063.JPEG,0,0.0047,0
/home/student/Downloads/imagenet_ai_0419_biggan/train/nature/n01491361_7084.JPEG,0,0.0856,0
/home/student/Downloads/imagenet_ai_0419_biggan/train/nature/n01491361_711.JPEG,0,0.0045,0
/home/student/Downloads/imagenet_ai_0419_biggan/train/nature/n01491361_7151.JPEG,0,0.0013,0
/home/student/Downloads/imagenet_ai_0419_biggan/train/nature/n01491361_7174.JPEG,0,0.0001,0
/home/student/Downloads/imagenet_ai_0419_biggan/train/nature/n01491361_7198.JPEG,0,0.0020,0
/home/student/Downloads/imagenet_ai_0419_biggan/train/nature/n01491361_7236.JPEG,0,0.0018,0
/home/student/Downloads/imagenet_ai_0419_biggan/train/nature/n01491361_7250.JPEG,0,0.1955,0
/home/student/Downloads/imagenet_ai_0419_biggan/train/nature/n01491361_7268.JPEG,0,0.0002,0
/home/student/Downloads/imagenet_ai_0419_biggan/train/nature/n01491361_7277.JPEG,0,0.0001,0
/home/student/Downloads/imagenet_ai_0419_biggan/train/nature/n01491361_7344.JPEG,0,0.0020,0
/home/student/Downloads/imagenet_ai_0419_biggan/train/nature/n01491361_7360.JPEG,0,0.1124,0
/home/student/Downloads/imagenet_ai_0419_biggan/train/nature/n01491361_7365.JPEG,0,0.0013,0
/home/student/Downloads/imagenet_ai_0419_biggan/train/nature/n01491361_7487.JPEG,0,0.0016,0
/home/student/Downloads/imagenet_ai_0419_biggan/train/nature/n01491361_7533.JPEG,0,0.0002,0
/home/student/Downloads/imagenet_ai_0419_biggan/train/nature/n01491361_7534.JPEG,0,0.0453,0
/home/student/Downloads/imagenet_ai_0419_biggan/train/nature/n01491361_7592.JPEG,0,0.1065,0
/home/student/Downloads/imagenet_ai_0419_biggan/train/nature/n01491361_7606.JPEG,0,0.8781,1
/home/student/Downloads/imagenet_ai_0419_biggan/train/nature/n01491361_7633.JPEG,0,0.0570,0
/home/student/Downloads/imagenet_ai_0419_biggan/train/nature/n01491361_7636.JPEG,0,0.6679,1
/home/student/Downloads/imagenet_ai_0419_biggan/train/nature/n01491361_7778.JPEG,0,0.0001,0
/home/student/Downloads/imagenet_ai_0419_biggan/train/nature/n01491361_7791.JPEG,0,0.9014,1
/home/student/Downloads/imagenet_ai_0419_biggan/train/nature/n01491361_799.JPEG,0,0.0002,0
/home/student/Downloads/imagenet_ai_0419_biggan/train/nature/n01491361_8007.JPEG,0,0.0144,0
/home/student/Downloads/imagenet_ai_0419_biggan/train/nature/n01491361_8027.JPEG,0,0.0009,0
/home/student/Downloads/imagenet_ai_0419_biggan/train/nature/n01491361_8040.JPEG,0,0.0002,0
/home/student/Downloads/imagenet_ai_0419_biggan/train/nature/n01491361_8089.JPEG,0,0.0005,0
/home/student/Downloads/imagenet_ai_0419_biggan/train/nature/n01491361_8103.JPEG,0,0.0027,0
/home/student/Downloads/imagenet_ai_0419_biggan/train/nature/n01491361_8276.JPEG,0,0.0021,0
/home/student/Downloads/imagenet_ai_0419_biggan/train/nature/n01491361_8298.JPEG,0,0.0005,0
/home/student/Downloads/imagenet_ai_0419_biggan/train/nature/n01491361_8443.JPEG,0,0.0000,0
/home/student/Downloads/imagenet_ai_0419_biggan/train/nature/n01491361_8621.JPEG,0,0.0012,0
/home/student/Downloads/imagenet_ai_0419_biggan/train/nature/n01491361_868.JPEG,0,0.0015,0
/home/student/Downloads/imagenet_ai_0419_biggan/train/nature/n01491361_8760.JPEG,0,0.9978,1
/home/student/Downloads/imagenet_ai_0419_biggan/train/nature/n01491361_9031.JPEG,0,0.0013,0
/home/student/Downloads/imagenet_ai_0419_biggan/train/nature/n01491361_924.JPEG,0,0.0003,0
/home/student/Downloads/imagenet_ai_0419_biggan/train/nature/n01491361_9273.JPEG,0,0.2586,0
/home/student/Downloads/imagenet_ai_0419_biggan/train/nature/n01491361_9299.JPEG,0,0.0000,0
/home/student/Downloads/imagenet_ai_0419_biggan/train/nature/n01491361_9476.JPEG,0,0.0000,0
/home/student/Downloads/imagenet_ai_0419_biggan/train/nature/n01491361_9478.JPEG,0,0.0011,0
/home/student/Downloads/imagenet_ai_0419_biggan/train/nature/n01491361_948.JPEG,0,0.0015,0
/home/student/Downloads/imagenet_ai_0419_biggan/train/nature/n01491361_9571.JPEG,0,0.0006,0
/home/student/Downloads/imagenet_ai_0419_biggan/train/nature/n01491361_9644.JPEG,0,0.0003,0
/home/student/Downloads/imagenet_ai_0419_biggan/train/nature/n01491361_978.JPEG,0,0.0159,0
/home/student/Downloads/imagenet_ai_0419_biggan/train/nature/n01491361_998.JPEG,0,0.0211,0
/home/student/Downloads/imagenet_ai_0419_biggan/train/nature/n01494475_10099.JPEG,0,0.0070,0
/home/student/Downloads/imagenet_ai_0419_biggan/train/nature/n01494475_103.JPEG,0,0.0028,0
/home/student/Downloads/imagenet_ai_0419_biggan/train/nature/n01494475_11153.JPEG,0,0.8765,1
/home/student/Downloads/imagenet_ai_0419_biggan/train/nature/n01494475_11495.JPEG,0,0.0392,0
/home/student/Downloads/imagenet_ai_0419_biggan/train/nature/n01494475_11969.JPEG,0,0.0001,0
/home/student/Downloads/imagenet_ai_0419_biggan/train/nature/n01494475_11970.JPEG,0,0.9985,1
/home/student/Downloads/imagenet_ai_0419_biggan/train/nature/n01494475_12096.JPEG,0,0.0138,0
/home/student/Downloads/imagenet_ai_0419_biggan/train/nature/n01494475_1222.JPEG,0,0.0034,0
/home/student/Downloads/imagenet_ai_0419_biggan/train/nature/n01494475_1235.JPEG,0,0.0000,0
/home/student/Downloads/imagenet_ai_0419_biggan/train/nature/n01494475_12377.JPEG,0,0.0005,0
/home/student/Downloads/imagenet_ai_0419_biggan/train/nature/n01494475_12415.JPEG,0,0.0569,0
/home/student/Downloads/imagenet_ai_0419_biggan/train/nature/n01494475_12616.JPEG,0,0.0264,0
/home/student/Downloads/imagenet_ai_0419_biggan/train/nature/n01494475_127.JPEG,0,0.0043,0
/home/student/Downloads/imagenet_ai_0419_biggan/train/nature/n01494475_1278.JPEG,0,0.0313,0
/home/student/Downloads/imagenet_ai_0419_biggan/train/nature/n01494475_128.JPEG,0,0.1827,0
/home/student/Downloads/imagenet_ai_0419_biggan/train/nature/n01494475_12810.JPEG,0,0.0000,0
/home/student/Downloads/imagenet_ai_0419_biggan/train/nature/n01494475_12888.JPEG,0,0.0021,0
/home/student/Downloads/imagenet_ai_0419_biggan/train/nature/n01494475_13037.JPEG,0,0.0000,0
/home/student/Downloads/imagenet_ai_0419_biggan/train/nature/n01494475_13237.JPEG,0,0.0024,0
/home/student/Downloads/imagenet_ai_0419_biggan/train/nature/n01494475_135.JPEG,0,0.0091,0
/home/student/Downloads/imagenet_ai_0419_biggan/train/nature/n01494475_13515.JPEG,0,0.9993,1
/home/student/Downloads/imagenet_ai_0419_biggan/train/nature/n01494475_13810.JPEG,0,0.0014,0
/home/student/Downloads/imagenet_ai_0419_biggan/train/nature/n01494475_13826.JPEG,0,0.0001,0
/home/student/Downloads/imagenet_ai_0419_biggan/train/nature/n01494475_13939.JPEG,0,0.8837,1
/home/student/Downloads/imagenet_ai_0419_biggan/train/nature/n01494475_14507.JPEG,0,0.5734,1
/home/student/Downloads/imagenet_ai_0419_biggan/train/nature/n01494475_15100.JPEG,0,0.0379,0
/home/student/Downloads/imagenet_ai_0419_biggan/train/nature/n01494475_15115.JPEG,0,0.0025,0
/home/student/Downloads/imagenet_ai_0419_biggan/train/nature/n01494475_15159.JPEG,0,0.0064,0
/home/student/Downloads/imagenet_ai_0419_biggan/train/nature/n01494475_1530.JPEG,0,0.4809,0
/home/student/Downloads/imagenet_ai_0419_biggan/train/nature/n01494475_15312.JPEG,0,0.0022,0
/home/student/Downloads/imagenet_ai_0419_biggan/train/nature/n01494475_1536.JPEG,0,0.0006,0
/home/student/Downloads/imagenet_ai_0419_biggan/train/nature/n01494475_15437.JPEG,0,0.0133,0
/home/student/Downloads/imagenet_ai_0419_biggan/train/nature/n01494475_1548.JPEG,0,0.2407,0
/home/student/Downloads/imagenet_ai_0419_biggan/train/nature/n01494475_15564.JPEG,0,0.8887,1
/home/student/Downloads/imagenet_ai_0419_biggan/train/nature/n01494475_15904.JPEG,0,0.0982,0
/home/student/Downloads/imagenet_ai_0419_biggan/train/nature/n01494475_15999.JPEG,0,0.3801,0
/home/student/Downloads/imagenet_ai_0419_biggan/train/nature/n01494475_16134.JPEG,0,0.0049,0
/home/student/Downloads/imagenet_ai_0419_biggan/train/nature/n01494475_16510.JPEG,0,0.0001,0
/home/student/Downloads/imagenet_ai_0419_biggan/train/nature/n01494475_16538.JPEG,0,0.0223,0
/home/student/Downloads/imagenet_ai_0419_biggan/train/nature/n01494475_16557.JPEG,0,0.7933,1
/home/student/Downloads/imagenet_ai_0419_biggan/train/nature/n01494475_16671.JPEG,0,0.0004,0
/home/student/Downloads/imagenet_ai_0419_biggan/train/nature/n01494475_16856.JPEG,0,0.9559,1
/home/student/Downloads/imagenet_ai_0419_biggan/train/nature/n01494475_16903.JPEG,0,0.0025,0
/home/student/Downloads/imagenet_ai_0419_biggan/train/nature/n01494475_17159.JPEG,0,0.0056,0
/home/student/Downloads/imagenet_ai_0419_biggan/train/nature/n01494475_17683.JPEG,0,0.0052,0
/home/student/Downloads/imagenet_ai_0419_biggan/train/nature/n01494475_1805.JPEG,0,0.0000,0
/home/student/Downloads/imagenet_ai_0419_biggan/train/nature/n01494475_1810.JPEG,0,0.0016,0
/home/student/Downloads/imagenet_ai_0419_biggan/train/nature/n01494475_1816.JPEG,0,0.3885,0
/home/student/Downloads/imagenet_ai_0419_biggan/train/nature/n01494475_1842.JPEG,0,0.0063,0
/home/student/Downloads/imagenet_ai_0419_biggan/train/nature/n01494475_18549.JPEG,0,0.0002,0
/home/student/Downloads/imagenet_ai_0419_biggan/train/nature/n01494475_18589.JPEG,0,0.0169,0
/home/student/Downloads/imagenet_ai_0419_biggan/train/nature/n01494475_18751.JPEG,0,0.7273,1
/home/student/Downloads/imagenet_ai_0419_biggan/train/nature/n01494475_1904.JPEG,0,0.0132,0
/home/student/Downloads/imagenet_ai_0419_biggan/train/nature/n01494475_1935.JPEG,0,0.0000,0
/home/student/Downloads/imagenet_ai_0419_biggan/train/nature/n01494475_19954.JPEG,0,0.0030,0
/home/student/Downloads/imagenet_ai_0419_biggan/train/nature/n01494475_20271.JPEG,0,0.0007,0
/home/student/Downloads/imagenet_ai_0419_biggan/train/nature/n01494475_20407.JPEG,0,0.0001,0
/home/student/Downloads/imagenet_ai_0419_biggan/train/nature/n01494475_20511.JPEG,0,0.2108,0
/home/student/Downloads/imagenet_ai_0419_biggan/train/nature/n01494475_20542.JPEG,0,0.0042,0
/home/student/Downloads/imagenet_ai_0419_biggan/train/nature/n01494475_2118.JPEG,0,0.2822,0
/home/student/Downloads/imagenet_ai_0419_biggan/train/nature/n01494475_2140.JPEG,0,0.9740,1
/home/student/Downloads/imagenet_ai_0419_biggan/train/nature/n01494475_2171.JPEG,0,0.0063,0
/home/student/Downloads/imagenet_ai_0419_biggan/train/nature/n01494475_21772.JPEG,0,0.0859,0
/home/student/Downloads/imagenet_ai_0419_biggan/train/nature/n01494475_21867.JPEG,0,0.0057,0
/home/student/Downloads/imagenet_ai_0419_biggan/train/nature/n01494475_21935.JPEG,0,0.0027,0
/home/student/Downloads/imagenet_ai_0419_biggan/train/nature/n01494475_21972.JPEG,0,0.0026,0
/home/student/Downloads/imagenet_ai_0419_biggan/train/nature/n01494475_22246.JPEG,0,0.0816,0
/home/student/Downloads/imagenet_ai_0419_biggan/train/nature/n01494475_22926.JPEG,0,0.0000,0
/home/student/Downloads/imagenet_ai_0419_biggan/train/nature/n01494475_2306.JPEG,0,0.9987,1
/home/student/Downloads/imagenet_ai_0419_biggan/train/nature/n01494475_23527.JPEG,0,0.0003,0
/home/student/Downloads/imagenet_ai_0419_biggan/train/nature/n01494475_23734.JPEG,0,0.0000,0
/home/student/Downloads/imagenet_ai_0419_biggan/train/nature/n01494475_23922.JPEG,0,0.0002,0
/home/student/Downloads/imagenet_ai_0419_biggan/train/nature/n01494475_25544.JPEG,0,0.0001,0
/home/student/Downloads/imagenet_ai_0419_biggan/train/nature/n01494475_25771.JPEG,0,0.0028,0
/home/student/Downloads/imagenet_ai_0419_biggan/train/nature/n01494475_2612.JPEG,0,0.0719,0
/home/student/Downloads/imagenet_ai_0419_biggan/train/nature/n01494475_26228.JPEG,0,0.0000,0
/home/student/Downloads/imagenet_ai_0419_biggan/train/nature/n01494475_26604.JPEG,0,0.0104,0
/home/student/Downloads/imagenet_ai_0419_biggan/train/nature/n01494475_27314.JPEG,0,0.0056,0
/home/student/Downloads/imagenet_ai_0419_biggan/train/nature/n01494475_27326.JPEG,0,0.0143,0
/home/student/Downloads/imagenet_ai_0419_biggan/train/nature/n01494475_27810.JPEG,0,0.0017,0
/home/student/Downloads/imagenet_ai_0419_biggan/train/nature/n01494475_2799.JPEG,0,0.0023,0
/home/student/Downloads/imagenet_ai_0419_biggan/train/nature/n01494475_281.JPEG,0,0.0001,0
/home/student/Downloads/imagenet_ai_0419_biggan/train/nature/n01494475_2923.JPEG,0,0.0047,0
/home/student/Downloads/imagenet_ai_0419_biggan/train/nature/n01494475_3122.JPEG,0,0.0027,0
/home/student/Downloads/imagenet_ai_0419_biggan/train/nature/n01494475_3233.JPEG,0,0.9705,1
/home/student/Downloads/imagenet_ai_0419_biggan/train/nature/n01494475_3238.JPEG,0,0.0021,0
/home/student/Downloads/imagenet_ai_0419_biggan/train/nature/n01494475_3340.JPEG,0,0.0006,0
/home/student/Downloads/imagenet_ai_0419_biggan/train/nature/n01494475_3450.JPEG,0,0.1806,0
/home/student/Downloads/imagenet_ai_0419_biggan/train/nature/n01494475_3525.JPEG,0,0.0179,0
/home/student/Downloads/imagenet_ai_0419_biggan/train/nature/n01494475_3530.JPEG,0,0.0042,0
/home/student/Downloads/imagenet_ai_0419_biggan/train/nature/n01494475_356.JPEG,0,0.0022,0
/home/student/Downloads/imagenet_ai_0419_biggan/train/nature/n01494475_3577.JPEG,0,0.0005,0
/home/student/Downloads/imagenet_ai_0419_biggan/train/nature/n01494475_3615.JPEG,0,0.0000,0
/home/student/Downloads/imagenet_ai_0419_biggan/train/nature/n01494475_3625.JPEG,0,0.0008,0
/home/student/Downloads/imagenet_ai_0419_biggan/train/nature/n01494475_3759.JPEG,0,0.0001,0
/home/student/Downloads/imagenet_ai_0419_biggan/train/nature/n01494475_376.JPEG,0,0.6335,1
/home/student/Downloads/imagenet_ai_0419_biggan/train/nature/n01494475_3768.JPEG,0,0.0007,0
/home/student/Downloads/imagenet_ai_0419_biggan/train/nature/n01494475_3876.JPEG,0,0.0009,0
/home/student/Downloads/imagenet_ai_0419_biggan/train/nature/n01494475_3901.JPEG,0,0.0027,0
/home/student/Downloads/imagenet_ai_0419_biggan/train/nature/n01494475_3945.JPEG,0,0.0002,0
/home/student/Downloads/imagenet_ai_0419_biggan/train/nature/n01494475_3963.JPEG,0,0.0002,0
/home/student/Downloads/imagenet_ai_0419_biggan/train/nature/n01494475_4012.JPEG,0,0.3214,0
/home/student/Downloads/imagenet_ai_0419_biggan/train/nature/n01494475_4057.JPEG,0,0.3503,0
/home/student/Downloads/imagenet_ai_0419_biggan/train/nature/n01494475_4109.JPEG,0,0.0103,0
/home/student/Downloads/imagenet_ai_0419_biggan/train/nature/n01494475_4125.JPEG,0,0.1168,0
/home/student/Downloads/imagenet_ai_0419_biggan/train/nature/n01494475_4146.JPEG,0,0.0005,0
/home/student/Downloads/imagenet_ai_0419_biggan/train/nature/n01494475_4308.JPEG,0,0.0262,0
/home/student/Downloads/imagenet_ai_0419_biggan/train/nature/n01494475_4412.JPEG,0,0.0001,0
/home/student/Downloads/imagenet_ai_0419_biggan/train/nature/n01494475_4516.JPEG,0,0.0000,0
/home/student/Downloads/imagenet_ai_0419_biggan/train/nature/n01494475_4523.JPEG,0,0.0002,0
/home/student/Downloads/imagenet_ai_0419_biggan/train/nature/n01494475_465.JPEG,0,0.0001,0
/home/student/Downloads/imagenet_ai_0419_biggan/train/nature/n01494475_4712.JPEG,0,0.0017,0
/home/student/Downloads/imagenet_ai_0419_biggan/train/nature/n01494475_4735.JPEG,0,0.1132,0
/home/student/Downloads/imagenet_ai_0419_biggan/train/nature/n01494475_4789.JPEG,0,0.9977,1
/home/student/Downloads/imagenet_ai_0419_biggan/train/nature/n01494475_5106.JPEG,0,0.9998,1
/home/student/Downloads/imagenet_ai_0419_biggan/train/nature/n01494475_5107.JPEG,0,0.4659,0
/home/student/Downloads/imagenet_ai_0419_biggan/train/nature/n01494475_557.JPEG,0,0.0038,0
/home/student/Downloads/imagenet_ai_0419_biggan/train/nature/n01494475_5651.JPEG,0,0.0003,0
/home/student/Downloads/imagenet_ai_0419_biggan/train/nature/n01494475_572.JPEG,0,0.0028,0
/home/student/Downloads/imagenet_ai_0419_biggan/train/nature/n01494475_5755.JPEG,0,0.0000,0
/home/student/Downloads/imagenet_ai_0419_biggan/train/nature/n01494475_6077.JPEG,0,0.0320,0
/home/student/Downloads/imagenet_ai_0419_biggan/train/nature/n01494475_608.JPEG,0,0.8570,1
/home/student/Downloads/imagenet_ai_0419_biggan/train/nature/n01494475_6377.JPEG,0,0.0563,0
/home/student/Downloads/imagenet_ai_0419_biggan/train/nature/n01494475_6400.JPEG,0,0.9556,1
/home/student/Downloads/imagenet_ai_0419_biggan/train/nature/n01494475_6492.JPEG,0,0.0023,0
/home/student/Downloads/imagenet_ai_0419_biggan/train/nature/n01494475_6556.JPEG,0,0.0000,0
/home/student/Downloads/imagenet_ai_0419_biggan/train/nature/n01494475_6602.JPEG,0,0.1914,0
/home/student/Downloads/imagenet_ai_0419_biggan/train/nature/n01494475_6748.JPEG,0,0.0000,0
/home/student/Downloads/imagenet_ai_0419_biggan/train/nature/n01494475_6852.JPEG,0,0.0021,0
/home/student/Downloads/imagenet_ai_0419_biggan/train/nature/n01494475_6875.JPEG,0,0.8647,1
/home/student/Downloads/imagenet_ai_0419_biggan/train/nature/n01494475_694.JPEG,0,0.0034,0
/home/student/Downloads/imagenet_ai_0419_biggan/train/nature/n01494475_7011.JPEG,0,0.0025,0
/home/student/Downloads/imagenet_ai_0419_biggan/train/nature/n01494475_7028.JPEG,0,0.0016,0
/home/student/Downloads/imagenet_ai_0419_biggan/train/nature/n01494475_7038.JPEG,0,0.0026,0
/home/student/Downloads/imagenet_ai_0419_biggan/train/nature/n01494475_7121.JPEG,0,0.0080,0
/home/student/Downloads/imagenet_ai_0419_biggan/train/nature/n01494475_7183.JPEG,0,0.0262,0
/home/student/Downloads/imagenet_ai_0419_biggan/train/nature/n01494475_7330.JPEG,0,0.0001,0
/home/student/Downloads/imagenet_ai_0419_biggan/train/nature/n01494475_742.JPEG,0,0.0926,0
/home/student/Downloads/imagenet_ai_0419_biggan/train/nature/n01494475_7440.JPEG,0,0.2384,0
/home/student/Downloads/imagenet_ai_0419_biggan/train/nature/n01494475_7446.JPEG,0,0.0205,0
/home/student/Downloads/imagenet_ai_0419_biggan/train/nature/n01494475_7588.JPEG,0,0.3689,0
/home/student/Downloads/imagenet_ai_0419_biggan/train/nature/n01494475_7594.JPEG,0,0.0713,0
/home/student/Downloads/imagenet_ai_0419_biggan/train/nature/n01494475_7607.JPEG,0,0.0223,0
/home/student/Downloads/imagenet_ai_0419_biggan/train/nature/n01494475_7643.JPEG,0,0.0001,0
/home/student/Downloads/imagenet_ai_0419_biggan/train/nature/n01494475_7831.JPEG,0,0.1078,0
/home/student/Downloads/imagenet_ai_0419_biggan/train/nature/n01494475_7856.JPEG,0,0.0258,0
/home/student/Downloads/imagenet_ai_0419_biggan/train/nature/n01494475_8300.JPEG,0,0.9960,1
/home/student/Downloads/imagenet_ai_0419_biggan/train/nature/n01494475_8409.JPEG,0,0.1280,0
/home/student/Downloads/imagenet_ai_0419_biggan/train/nature/n01494475_8637.JPEG,0,0.4164,0
/home/student/Downloads/imagenet_ai_0419_biggan/train/nature/n01494475_883.JPEG,0,0.0014,0
/home/student/Downloads/imagenet_ai_0419_biggan/train/nature/n01494475_8849.JPEG,0,0.0000,0
/home/student/Downloads/imagenet_ai_0419_biggan/train/nature/n01494475_8894.JPEG,0,0.0074,0
/home/student/Downloads/imagenet_ai_0419_biggan/train/nature/n01494475_8931.JPEG,0,0.0043,0
/home/student/Downloads/imagenet_ai_0419_biggan/train/nature/n01494475_8960.JPEG,0,0.0187,0
/home/student/Downloads/imagenet_ai_0419_biggan/train/nature/n01494475_9191.JPEG,0,0.0013,0
/home/student/Downloads/imagenet_ai_0419_biggan/train/nature/n01494475_9208.JPEG,0,0.3953,0
/home/student/Downloads/imagenet_ai_0419_biggan/train/nature/n01494475_923.JPEG,0,0.9913,1
/home/student/Downloads/imagenet_ai_0419_biggan/train/nature/n01494475_9327.JPEG,0,0.0004,0
/home/student/Downloads/imagenet_ai_0419_biggan/train/nature/n01494475_9333.JPEG,0,0.0014,0
/home/student/Downloads/imagenet_ai_0419_biggan/train/nature/n01494475_9546.JPEG,0,0.0331,0
/home/student/Downloads/imagenet_ai_0419_biggan/train/nature/n01494475_9603.JPEG,0,0.0001,0
/home/student/Downloads/imagenet_ai_0419_biggan/train/nature/n01494475_9720.JPEG,0,0.0016,0
/home/student/Downloads/imagenet_ai_0419_biggan/train/nature/n01496331_1010.JPEG,0,0.0091,0
/home/student/Downloads/imagenet_ai_0419_biggan/train/nature/n01496331_10207.JPEG,0,0.0002,0
/home/student/Downloads/imagenet_ai_0419_biggan/train/nature/n01496331_10373.JPEG,0,0.0033,0
/home/student/Downloads/imagenet_ai_0419_biggan/train/nature/n01496331_10444.JPEG,0,0.0058,0
/home/student/Downloads/imagenet_ai_0419_biggan/train/nature/n01496331_10720.JPEG,0,0.0504,0
/home/student/Downloads/imagenet_ai_0419_biggan/train/nature/n01496331_10856.JPEG,0,0.0047,0
/home/student/Downloads/imagenet_ai_0419_biggan/train/nature/n01496331_10903.JPEG,0,0.0001,0
/home/student/Downloads/imagenet_ai_0419_biggan/train/nature/n01496331_11015.JPEG,0,0.0023,0
/home/student/Downloads/imagenet_ai_0419_biggan/train/nature/n01496331_11168.JPEG,0,0.0012,0
/home/student/Downloads/imagenet_ai_0419_biggan/train/nature/n01496331_1120.JPEG,0,0.0061,0
/home/student/Downloads/imagenet_ai_0419_biggan/train/nature/n01496331_11249.JPEG,0,0.0003,0
/home/student/Downloads/imagenet_ai_0419_biggan/train/nature/n01496331_11439.JPEG,0,0.0001,0
/home/student/Downloads/imagenet_ai_0419_biggan/train/nature/n01496331_11530.JPEG,0,0.0018,0
/home/student/Downloads/imagenet_ai_0419_biggan/train/nature/n01496331_11557.JPEG,0,0.0003,0
/home/student/Downloads/imagenet_ai_0419_biggan/train/nature/n01496331_11609.JPEG,0,0.0001,0
/home/student/Downloads/imagenet_ai_0419_biggan/train/nature/n01496331_11759.JPEG,0,0.0001,0
/home/student/Downloads/imagenet_ai_0419_biggan/train/nature/n01496331_11989.JPEG,0,0.0024,0
/home/student/Downloads/imagenet_ai_0419_biggan/train/nature/n01496331_12254.JPEG,0,0.0267,0
/home/student/Downloads/imagenet_ai_0419_biggan/train/nature/n01496331_12353.JPEG,0,0.0001,0
/home/student/Downloads/imagenet_ai_0419_biggan/train/nature/n01496331_12414.JPEG,0,0.0028,0
/home/student/Downloads/imagenet_ai_0419_biggan/train/nature/n01496331_1244.JPEG,0,0.0017,0
/home/student/Downloads/imagenet_ai_0419_biggan/train/nature/n01496331_12780.JPEG,0,0.0000,0
/home/student/Downloads/imagenet_ai_0419_biggan/train/nature/n01496331_12784.JPEG,0,0.0002,0
/home/student/Downloads/imagenet_ai_0419_biggan/train/nature/n01496331_12901.JPEG,0,0.0003,0
/home/student/Downloads/imagenet_ai_0419_biggan/train/nature/n01496331_13161.JPEG,0,0.0030,0
/home/student/Downloads/imagenet_ai_0419_biggan/train/nature/n01496331_13372.JPEG,0,0.2882,0
/home/student/Downloads/imagenet_ai_0419_biggan/train/nature/n01496331_13433.JPEG,0,0.2155,0
/home/student/Downloads/imagenet_ai_0419_biggan/train/nature/n01496331_13460.JPEG,0,0.0040,0
/home/student/Downloads/imagenet_ai_0419_biggan/train/nature/n01496331_13621.JPEG,0,0.9867,1
/home/student/Downloads/imagenet_ai_0419_biggan/train/nature/n01496331_13911.JPEG,0,0.0001,0
/home/student/Downloads/imagenet_ai_0419_biggan/train/nature/n01496331_14060.JPEG,0,0.0004,0
/home/student/Downloads/imagenet_ai_0419_biggan/train/nature/n01496331_1408.JPEG,0,0.0060,0
/home/student/Downloads/imagenet_ai_0419_biggan/train/nature/n01496331_14108.JPEG,0,0.0082,0
/home/student/Downloads/imagenet_ai_0419_biggan/train/nature/n01496331_14119.JPEG,0,0.0292,0
/home/student/Downloads/imagenet_ai_0419_biggan/train/nature/n01496331_14278.JPEG,0,0.2208,0
/home/student/Downloads/imagenet_ai_0419_biggan/train/nature/n01496331_1432.JPEG,0,0.0004,0
/home/student/Downloads/imagenet_ai_0419_biggan/train/nature/n01496331_14599.JPEG,0,0.5698,1
/home/student/Downloads/imagenet_ai_0419_biggan/train/nature/n01496331_1546.JPEG,0,0.0001,0
/home/student/Downloads/imagenet_ai_0419_biggan/train/nature/n01496331_15571.JPEG,0,0.0030,0
/home/student/Downloads/imagenet_ai_0419_biggan/train/nature/n01496331_15629.JPEG,0,0.0011,0
/home/student/Downloads/imagenet_ai_0419_biggan/train/nature/n01496331_16176.JPEG,0,0.9696,1
/home/student/Downloads/imagenet_ai_0419_biggan/train/nature/n01496331_16346.JPEG,0,0.0035,0
/home/student/Downloads/imagenet_ai_0419_biggan/train/nature/n01496331_16835.JPEG,0,0.0727,0
/home/student/Downloads/imagenet_ai_0419_biggan/train/nature/n01496331_17411.JPEG,0,0.0000,0
/home/student/Downloads/imagenet_ai_0419_biggan/train/nature/n01496331_17413.JPEG,0,0.0000,0
/home/student/Downloads/imagenet_ai_0419_biggan/train/nature/n01496331_17724.JPEG,0,0.0001,0
/home/student/Downloads/imagenet_ai_0419_biggan/train/nature/n01496331_18015.JPEG,0,0.0017,0
/home/student/Downloads/imagenet_ai_0419_biggan/train/nature/n01496331_18342.JPEG,0,0.0292,0
/home/student/Downloads/imagenet_ai_0419_biggan/train/nature/n01496331_18538.JPEG,0,0.0004,0
/home/student/Downloads/imagenet_ai_0419_biggan/train/nature/n01496331_18738.JPEG,0,0.0003,0
/home/student/Downloads/imagenet_ai_0419_biggan/train/nature/n01496331_18747.JPEG,0,0.0038,0
/home/student/Downloads/imagenet_ai_0419_biggan/train/nature/n01496331_19953.JPEG,0,0.6689,1
/home/student/Downloads/imagenet_ai_0419_biggan/train/nature/n01496331_20128.JPEG,0,0.0168,0
/home/student/Downloads/imagenet_ai_0419_biggan/train/nature/n01496331_2052.JPEG,0,0.0001,0
/home/student/Downloads/imagenet_ai_0419_biggan/train/nature/n01496331_20851.JPEG,0,0.0141,0
/home/student/Downloads/imagenet_ai_0419_biggan/train/nature/n01496331_21349.JPEG,0,0.0004,0
/home/student/Downloads/imagenet_ai_0419_biggan/train/nature/n01496331_21762.JPEG,0,0.0001,0
/home/student/Downloads/imagenet_ai_0419_biggan/train/nature/n01496331_22079.JPEG,0,0.0003,0
/home/student/Downloads/imagenet_ai_0419_biggan/train/nature/n01496331_22183.JPEG,0,0.0001,0
/home/student/Downloads/imagenet_ai_0419_biggan/train/nature/n01496331_2222.JPEG,0,0.9887,1
/home/student/Downloads/imagenet_ai_0419_biggan/train/nature/n01496331_22244.JPEG,0,0.0003,0
/home/student/Downloads/imagenet_ai_0419_biggan/train/nature/n01496331_22259.JPEG,0,0.0018,0
/home/student/Downloads/imagenet_ai_0419_biggan/train/nature/n01496331_2235.JPEG,0,0.0021,0
/home/student/Downloads/imagenet_ai_0419_biggan/train/nature/n01496331_22970.JPEG,0,0.0143,0
/home/student/Downloads/imagenet_ai_0419_biggan/train/nature/n01496331_22995.JPEG,0,0.0006,0
/home/student/Downloads/imagenet_ai_0419_biggan/train/nature/n01496331_23634.JPEG,0,0.6734,1
/home/student/Downloads/imagenet_ai_0419_biggan/train/nature/n01496331_2367.JPEG,0,0.0010,0
/home/student/Downloads/imagenet_ai_0419_biggan/train/nature/n01496331_23690.JPEG,0,0.0074,0
/home/student/Downloads/imagenet_ai_0419_biggan/train/nature/n01496331_23923.JPEG,0,0.0004,0
/home/student/Downloads/imagenet_ai_0419_biggan/train/nature/n01496331_24232.JPEG,0,0.0006,0
/home/student/Downloads/imagenet_ai_0419_biggan/train/nature/n01496331_2455.JPEG,0,0.0077,0
/home/student/Downloads/imagenet_ai_0419_biggan/train/nature/n01496331_25111.JPEG,0,0.0003,0
/home/student/Downloads/imagenet_ai_0419_biggan/train/nature/n01496331_25201.JPEG,0,0.0004,0
/home/student/Downloads/imagenet_ai_0419_biggan/train/nature/n01496331_25306.JPEG,0,0.0003,0
/home/student/Downloads/imagenet_ai_0419_biggan/train/nature/n01496331_25380.JPEG,0,0.0060,0
/home/student/Downloads/imagenet_ai_0419_biggan/train/nature/n01496331_25452.JPEG,0,0.4534,0
/home/student/Downloads/imagenet_ai_0419_biggan/train/nature/n01496331_26148.JPEG,0,0.0002,0
/home/student/Downloads/imagenet_ai_0419_biggan/train/nature/n01496331_26279.JPEG,0,0.0133,0
/home/student/Downloads/imagenet_ai_0419_biggan/train/nature/n01496331_2641.JPEG,0,0.1528,0
/home/student/Downloads/imagenet_ai_0419_biggan/train/nature/n01496331_26582.JPEG,0,0.2869,0
/home/student/Downloads/imagenet_ai_0419_biggan/train/nature/n01496331_26599.JPEG,0,0.0092,0
/home/student/Downloads/imagenet_ai_0419_biggan/train/nature/n01496331_27172.JPEG,0,0.0008,0
/home/student/Downloads/imagenet_ai_0419_biggan/train/nature/n01496331_27203.JPEG,0,0.0003,0
/home/student/Downloads/imagenet_ai_0419_biggan/train/nature/n01496331_27310.JPEG,0,0.0006,0
/home/student/Downloads/imagenet_ai_0419_biggan/train/nature/n01496331_27364.JPEG,0,0.0002,0
/home/student/Downloads/imagenet_ai_0419_biggan/train/nature/n01496331_2750.JPEG,0,0.0000,0
/home/student/Downloads/imagenet_ai_0419_biggan/train/nature/n01496331_27911.JPEG,0,0.0033,0
/home/student/Downloads/imagenet_ai_0419_biggan/train/nature/n01496331_28214.JPEG,0,0.0080,0
/home/student/Downloads/imagenet_ai_0419_biggan/train/nature/n01496331_28398.JPEG,0,0.0578,0
/home/student/Downloads/imagenet_ai_0419_biggan/train/nature/n01496331_2865.JPEG,0,0.1874,0
/home/student/Downloads/imagenet_ai_0419_biggan/train/nature/n01496331_28753.JPEG,0,0.0027,0
/home/student/Downloads/imagenet_ai_0419_biggan/train/nature/n01496331_28779.JPEG,0,0.0000,0
/home/student/Downloads/imagenet_ai_0419_biggan/train/nature/n01496331_29167.JPEG,0,0.0011,0
/home/student/Downloads/imagenet_ai_0419_biggan/train/nature/n01496331_29273.JPEG,0,0.0002,0
/home/student/Downloads/imagenet_ai_0419_biggan/train/nature/n01496331_30072.JPEG,0,0.1919,0
/home/student/Downloads/imagenet_ai_0419_biggan/train/nature/n01496331_3016.JPEG,0,0.2371,0
/home/student/Downloads/imagenet_ai_0419_biggan/train/nature/n01496331_30753.JPEG,0,0.0001,0
/home/student/Downloads/imagenet_ai_0419_biggan/train/nature/n01496331_31188.JPEG,0,0.5536,1
/home/student/Downloads/imagenet_ai_0419_biggan/train/nature/n01496331_31206.JPEG,0,0.0593,0
/home/student/Downloads/imagenet_ai_0419_biggan/train/nature/n01496331_31276.JPEG,0,0.4484,0
/home/student/Downloads/imagenet_ai_0419_biggan/train/nature/n01496331_31998.JPEG,0,0.0019,0
/home/student/Downloads/imagenet_ai_0419_biggan/train/nature/n01496331_32185.JPEG,0,0.0001,0
/home/student/Downloads/imagenet_ai_0419_biggan/train/nature/n01496331_32542.JPEG,0,0.0064,0
/home/student/Downloads/imagenet_ai_0419_biggan/train/nature/n01496331_32783.JPEG,0,0.0032,0
/home/student/Downloads/imagenet_ai_0419_biggan/train/nature/n01496331_33136.JPEG,0,0.9834,1
/home/student/Downloads/imagenet_ai_0419_biggan/train/nature/n01496331_33137.JPEG,0,0.0000,0
/home/student/Downloads/imagenet_ai_0419_biggan/train/nature/n01496331_33376.JPEG,0,0.0102,0
/home/student/Downloads/imagenet_ai_0419_biggan/train/nature/n01496331_3364.JPEG,0,0.2271,0
/home/student/Downloads/imagenet_ai_0419_biggan/train/nature/n01496331_33836.JPEG,0,0.0775,0
/home/student/Downloads/imagenet_ai_0419_biggan/train/nature/n01496331_33956.JPEG,0,0.0000,0
/home/student/Downloads/imagenet_ai_0419_biggan/train/nature/n01496331_34033.JPEG,0,0.0012,0
/home/student/Downloads/imagenet_ai_0419_biggan/train/nature/n01496331_3441.JPEG,0,0.0012,0
/home/student/Downloads/imagenet_ai_0419_biggan/train/nature/n01496331_34426.JPEG,0,0.0002,0
/home/student/Downloads/imagenet_ai_0419_biggan/train/nature/n01496331_34465.JPEG,0,0.0010,0
/home/student/Downloads/imagenet_ai_0419_biggan/train/nature/n01496331_34468.JPEG,0,0.0000,0
/home/student/Downloads/imagenet_ai_0419_biggan/train/nature/n01496331_34862.JPEG,0,0.0018,0
/home/student/Downloads/imagenet_ai_0419_biggan/train/nature/n01496331_35059.JPEG,0,0.0172,0
/home/student/Downloads/imagenet_ai_0419_biggan/train/nature/n01496331_35864.JPEG,0,0.0000,0
/home/student/Downloads/imagenet_ai_0419_biggan/train/nature/n01496331_4140.JPEG,0,0.0943,0
/home/student/Downloads/imagenet_ai_0419_biggan/train/nature/n01496331_4190.JPEG,0,0.9995,1
/home/student/Downloads/imagenet_ai_0419_biggan/train/nature/n01496331_4208.JPEG,0,0.0040,0
/home/student/Downloads/imagenet_ai_0419_biggan/train/nature/n01496331_4365.JPEG,0,0.0829,0
/home/student/Downloads/imagenet_ai_0419_biggan/train/nature/n01496331_4983.JPEG,0,0.0015,0
/home/student/Downloads/imagenet_ai_0419_biggan/train/nature/n01496331_4989.JPEG,0,0.9977,1
/home/student/Downloads/imagenet_ai_0419_biggan/train/nature/n01496331_5179.JPEG,0,0.0006,0
/home/student/Downloads/imagenet_ai_0419_biggan/train/nature/n01496331_5302.JPEG,0,0.0061,0
/home/student/Downloads/imagenet_ai_0419_biggan/train/nature/n01496331_5376.JPEG,0,0.0005,0
/home/student/Downloads/imagenet_ai_0419_biggan/train/nature/n01496331_5458.JPEG,0,0.0009,0
/home/student/Downloads/imagenet_ai_0419_biggan/train/nature/n01496331_552.JPEG,0,0.0018,0
/home/student/Downloads/imagenet_ai_0419_biggan/train/nature/n01496331_567.JPEG,0,0.0000,0
/home/student/Downloads/imagenet_ai_0419_biggan/train/nature/n01496331_6056.JPEG,0,0.0000,0
/home/student/Downloads/imagenet_ai_0419_biggan/train/nature/n01496331_6064.JPEG,0,0.0009,0
/home/student/Downloads/imagenet_ai_0419_biggan/train/nature/n01496331_6129.JPEG,0,0.0104,0
/home/student/Downloads/imagenet_ai_0419_biggan/train/nature/n01496331_6423.JPEG,0,0.0132,0
/home/student/Downloads/imagenet_ai_0419_biggan/train/nature/n01496331_6455.JPEG,0,0.0018,0
/home/student/Downloads/imagenet_ai_0419_biggan/train/nature/n01496331_6471.JPEG,0,0.0005,0
/home/student/Downloads/imagenet_ai_0419_biggan/train/nature/n01496331_6659.JPEG,0,0.0001,0
/home/student/Downloads/imagenet_ai_0419_biggan/train/nature/n01496331_6737.JPEG,0,0.0593,0
/home/student/Downloads/imagenet_ai_0419_biggan/train/nature/n01496331_687.JPEG,0,0.0001,0
/home/student/Downloads/imagenet_ai_0419_biggan/train/nature/n01496331_6878.JPEG,0,0.0024,0
/home/student/Downloads/imagenet_ai_0419_biggan/train/nature/n01496331_694.JPEG,0,0.0006,0
/home/student/Downloads/imagenet_ai_0419_biggan/train/nature/n01496331_7276.JPEG,0,0.0128,0
/home/student/Downloads/imagenet_ai_0419_biggan/train/nature/n01496331_7428.JPEG,0,0.0053,0
/home/student/Downloads/imagenet_ai_0419_biggan/train/nature/n01496331_7735.JPEG,0,0.0000,0
/home/student/Downloads/imagenet_ai_0419_biggan/train/nature/n01496331_7895.JPEG,0,0.0088,0
/home/student/Downloads/imagenet_ai_0419_biggan/train/nature/n01496331_8193.JPEG,0,0.0009,0
/home/student/Downloads/imagenet_ai_0419_biggan/train/nature/n01496331_8205.JPEG,0,0.9917,1
/home/student/Downloads/imagenet_ai_0419_biggan/train/nature/n01496331_821.JPEG,0,0.0093,0
/home/student/Downloads/imagenet_ai_0419_biggan/train/nature/n01496331_8322.JPEG,0,0.0009,0
/home/student/Downloads/imagenet_ai_0419_biggan/train/nature/n01496331_8329.JPEG,0,0.0000,0
/home/student/Downloads/imagenet_ai_0419_biggan/train/nature/n01496331_848.JPEG,0,0.0024,0
/home/student/Downloads/imagenet_ai_0419_biggan/train/nature/n01496331_8570.JPEG,0,0.0007,0
/home/student/Downloads/imagenet_ai_0419_biggan/train/nature/n01496331_8621.JPEG,0,0.0011,0
/home/student/Downloads/imagenet_ai_0419_biggan/train/nature/n01496331_8695.JPEG,0,0.8792,1
/home/student/Downloads/imagenet_ai_0419_biggan/train/nature/n01496331_8784.JPEG,0,0.0032,0
/home/student/Downloads/imagenet_ai_0419_biggan/train/nature/n01496331_9363.JPEG,0,0.0286,0
/home/student/Downloads/imagenet_ai_0419_biggan/train/nature/n01496331_9414.JPEG,0,0.0020,0
/home/student/Downloads/imagenet_ai_0419_biggan/train/nature/n01496331_9611.JPEG,0,0.4201,0
/home/student/Downloads/imagenet_ai_0419_biggan/train/nature/n01496331_9843.JPEG,0,0.0129,0
/home/student/Downloads/imagenet_ai_0419_biggan/train/nature/n01496331_9867.JPEG,0,0.0058,0
/home/student/Downloads/imagenet_ai_0419_biggan/train/nature/n01496331_9894.JPEG,0,0.5451,1
/home/student/Downloads/imagenet_ai_0419_biggan/train/nature/n01496331_9925.JPEG,0,0.0008,0
/home/student/Downloads/imagenet_ai_0419_biggan/train/nature/n01498041_1008.JPEG,0,0.0073,0
/home/student/Downloads/imagenet_ai_0419_biggan/train/nature/n01498041_10109.JPEG,0,0.0027,0
/home/student/Downloads/imagenet_ai_0419_biggan/train/nature/n01498041_10164.JPEG,0,0.0082,0
/home/student/Downloads/imagenet_ai_0419_biggan/train/nature/n01498041_10295.JPEG,0,0.0128,0
/home/student/Downloads/imagenet_ai_0419_biggan/train/nature/n01498041_10325.JPEG,0,0.0646,0
/home/student/Downloads/imagenet_ai_0419_biggan/train/nature/n01498041_10333.JPEG,0,0.4747,0
/home/student/Downloads/imagenet_ai_0419_biggan/train/nature/n01498041_10339.JPEG,0,0.0016,0
/home/student/Downloads/imagenet_ai_0419_biggan/train/nature/n01498041_10390.JPEG,0,0.0003,0
/home/student/Downloads/imagenet_ai_0419_biggan/train/nature/n01498041_10481.JPEG,0,0.0015,0
/home/student/Downloads/imagenet_ai_0419_biggan/train/nature/n01498041_10646.JPEG,0,0.0071,0
/home/student/Downloads/imagenet_ai_0419_biggan/train/nature/n01498041_10648.JPEG,0,0.0002,0
/home/student/Downloads/imagenet_ai_0419_biggan/train/nature/n01498041_10701.JPEG,0,0.9651,1
/home/student/Downloads/imagenet_ai_0419_biggan/train/nature/n01498041_10750.JPEG,0,0.0051,0
/home/student/Downloads/imagenet_ai_0419_biggan/train/nature/n01498041_1081.JPEG,0,0.0010,0
/home/student/Downloads/imagenet_ai_0419_biggan/train/nature/n01498041_10877.JPEG,0,0.0132,0
/home/student/Downloads/imagenet_ai_0419_biggan/train/nature/n01498041_10958.JPEG,0,0.0004,0
/home/student/Downloads/imagenet_ai_0419_biggan/train/nature/n01498041_11075.JPEG,0,0.0031,0
/home/student/Downloads/imagenet_ai_0419_biggan/train/nature/n01498041_11232.JPEG,0,0.8360,1
/home/student/Downloads/imagenet_ai_0419_biggan/train/nature/n01498041_11245.JPEG,0,0.3117,0
/home/student/Downloads/imagenet_ai_0419_biggan/train/nature/n01498041_11360.JPEG,0,0.0002,0
/home/student/Downloads/imagenet_ai_0419_biggan/train/nature/n01498041_11393.JPEG,0,0.0074,0
/home/student/Downloads/imagenet_ai_0419_biggan/train/nature/n01498041_11421.JPEG,0,0.0001,0
/home/student/Downloads/imagenet_ai_0419_biggan/train/nature/n01498041_11498.JPEG,0,0.0392,0
/home/student/Downloads/imagenet_ai_0419_biggan/train/nature/n01498041_11758.JPEG,0,0.0725,0
/home/student/Downloads/imagenet_ai_0419_biggan/train/nature/n01498041_12089.JPEG,0,0.0032,0
/home/student/Downloads/imagenet_ai_0419_biggan/train/nature/n01498041_12309.JPEG,0,0.0002,0
/home/student/Downloads/imagenet_ai_0419_biggan/train/nature/n01498041_1236.JPEG,0,0.0155,0
/home/student/Downloads/imagenet_ai_0419_biggan/train/nature/n01498041_12454.JPEG,0,0.0000,0
/home/student/Downloads/imagenet_ai_0419_biggan/train/nature/n01498041_12697.JPEG,0,0.0009,0
/home/student/Downloads/imagenet_ai_0419_biggan/train/nature/n01498041_12718.JPEG,0,0.0784,0
/home/student/Downloads/imagenet_ai_0419_biggan/train/nature/n01498041_12731.JPEG,0,0.0019,0
/home/student/Downloads/imagenet_ai_0419_biggan/train/nature/n01498041_12909.JPEG,0,0.0847,0
/home/student/Downloads/imagenet_ai_0419_biggan/train/nature/n01498041_13056.JPEG,0,0.0000,0
/home/student/Downloads/imagenet_ai_0419_biggan/train/nature/n01498041_13202.JPEG,0,0.0008,0
/home/student/Downloads/imagenet_ai_0419_biggan/train/nature/n01498041_13428.JPEG,0,0.1396,0
/home/student/Downloads/imagenet_ai_0419_biggan/train/nature/n01498041_13433.JPEG,0,0.0033,0
/home/student/Downloads/imagenet_ai_0419_biggan/train/nature/n01498041_13441.JPEG,0,0.1947,0
/home/student/Downloads/imagenet_ai_0419_biggan/train/nature/n01498041_13460.JPEG,0,0.9586,1
/home/student/Downloads/imagenet_ai_0419_biggan/train/nature/n01498041_13465.JPEG,0,0.0698,0
/home/student/Downloads/imagenet_ai_0419_biggan/train/nature/n01498041_13532.JPEG,0,0.0001,0
/home/student/Downloads/imagenet_ai_0419_biggan/train/nature/n01498041_13640.JPEG,0,0.8482,1
/home/student/Downloads/imagenet_ai_0419_biggan/train/nature/n01498041_13819.JPEG,0,0.0001,0
/home/student/Downloads/imagenet_ai_0419_biggan/train/nature/n01498041_13834.JPEG,0,0.0081,0
/home/student/Downloads/imagenet_ai_0419_biggan/train/nature/n01498041_1410.JPEG,0,0.0001,0
/home/student/Downloads/imagenet_ai_0419_biggan/train/nature/n01498041_14427.JPEG,0,0.9878,1
/home/student/Downloads/imagenet_ai_0419_biggan/train/nature/n01498041_15087.JPEG,0,0.8897,1
/home/student/Downloads/imagenet_ai_0419_biggan/train/nature/n01498041_1564.JPEG,0,0.0005,0
/home/student/Downloads/imagenet_ai_0419_biggan/train/nature/n01498041_15812.JPEG,0,0.0383,0
/home/student/Downloads/imagenet_ai_0419_biggan/train/nature/n01498041_16415.JPEG,0,0.0023,0
/home/student/Downloads/imagenet_ai_0419_biggan/train/nature/n01498041_1721.JPEG,0,0.0036,0
/home/student/Downloads/imagenet_ai_0419_biggan/train/nature/n01498041_1761.JPEG,0,0.0001,0
/home/student/Downloads/imagenet_ai_0419_biggan/train/nature/n01498041_1840.JPEG,0,0.0836,0
/home/student/Downloads/imagenet_ai_0419_biggan/train/nature/n01498041_1932.JPEG,0,0.0009,0
/home/student/Downloads/imagenet_ai_0419_biggan/train/nature/n01498041_1937.JPEG,0,0.0084,0
/home/student/Downloads/imagenet_ai_0419_biggan/train/nature/n01498041_2018.JPEG,0,0.9912,1
/home/student/Downloads/imagenet_ai_0419_biggan/train/nature/n01498041_20547.JPEG,0,0.0063,0
/home/student/Downloads/imagenet_ai_0419_biggan/train/nature/n01498041_217.JPEG,0,0.0004,0
/home/student/Downloads/imagenet_ai_0419_biggan/train/nature/n01498041_21887.JPEG,0,0.0109,0
/home/student/Downloads/imagenet_ai_0419_biggan/train/nature/n01498041_22052.JPEG,0,0.0844,0
/home/student/Downloads/imagenet_ai_0419_biggan/train/nature/n01498041_2211.JPEG,0,0.0075,0
/home/student/Downloads/imagenet_ai_0419_biggan/train/nature/n01498041_2218.JPEG,0,0.0012,0
/home/student/Downloads/imagenet_ai_0419_biggan/train/nature/n01498041_22390.JPEG,0,0.0007,0
/home/student/Downloads/imagenet_ai_0419_biggan/train/nature/n01498041_22411.JPEG,0,0.0284,0
/home/student/Downloads/imagenet_ai_0419_biggan/train/nature/n01498041_22526.JPEG,0,0.0000,0
/home/student/Downloads/imagenet_ai_0419_biggan/train/nature/n01498041_22890.JPEG,0,0.0006,0
/home/student/Downloads/imagenet_ai_0419_biggan/train/nature/n01498041_23021.JPEG,0,0.0000,0
/home/student/Downloads/imagenet_ai_0419_biggan/train/nature/n01498041_2351.JPEG,0,0.9999,1
/home/student/Downloads/imagenet_ai_0419_biggan/train/nature/n01498041_2373.JPEG,0,0.0022,0
/home/student/Downloads/imagenet_ai_0419_biggan/train/nature/n01498041_2419.JPEG,0,0.0003,0
/home/student/Downloads/imagenet_ai_0419_biggan/train/nature/n01498041_2448.JPEG,0,0.0005,0
/home/student/Downloads/imagenet_ai_0419_biggan/train/nature/n01498041_2484.JPEG,0,0.0002,0
/home/student/Downloads/imagenet_ai_0419_biggan/train/nature/n01498041_259.JPEG,0,0.0009,0
/home/student/Downloads/imagenet_ai_0419_biggan/train/nature/n01498041_2668.JPEG,0,0.0193,0
/home/student/Downloads/imagenet_ai_0419_biggan/train/nature/n01498041_2686.JPEG,0,0.0470,0
/home/student/Downloads/imagenet_ai_0419_biggan/train/nature/n01498041_2779.JPEG,0,0.0000,0
/home/student/Downloads/imagenet_ai_0419_biggan/train/nature/n01498041_2874.JPEG,0,0.0000,0
/home/student/Downloads/imagenet_ai_0419_biggan/train/nature/n01498041_3411.JPEG,0,0.0126,0
/home/student/Downloads/imagenet_ai_0419_biggan/train/nature/n01498041_3473.JPEG,0,0.0012,0
/home/student/Downloads/imagenet_ai_0419_biggan/train/nature/n01498041_3478.JPEG,0,0.0002,0
/home/student/Downloads/imagenet_ai_0419_biggan/train/nature/n01498041_3536.JPEG,0,0.0008,0
/home/student/Downloads/imagenet_ai_0419_biggan/train/nature/n01498041_3539.JPEG,0,0.0001,0
/home/student/Downloads/imagenet_ai_0419_biggan/train/nature/n01498041_3627.JPEG,0,0.0104,0
/home/student/Downloads/imagenet_ai_0419_biggan/train/nature/n01498041_3640.JPEG,0,0.0000,0
/home/student/Downloads/imagenet_ai_0419_biggan/train/nature/n01498041_3647.JPEG,0,0.0004,0
/home/student/Downloads/imagenet_ai_0419_biggan/train/nature/n01498041_3713.JPEG,0,0.0000,0
/home/student/Downloads/imagenet_ai_0419_biggan/train/nature/n01498041_3868.JPEG,0,0.0014,0
/home/student/Downloads/imagenet_ai_0419_biggan/train/nature/n01498041_3869.JPEG,0,0.0034,0
/home/student/Downloads/imagenet_ai_0419_biggan/train/nature/n01498041_3951.JPEG,0,0.0001,0
/home/student/Downloads/imagenet_ai_0419_biggan/train/nature/n01498041_4176.JPEG,0,0.0000,0
/home/student/Downloads/imagenet_ai_0419_biggan/train/nature/n01498041_4244.JPEG,0,0.0003,0
/home/student/Downloads/imagenet_ai_0419_biggan/train/nature/n01498041_4274.JPEG,0,0.0008,0
/home/student/Downloads/imagenet_ai_0419_biggan/train/nature/n01498041_446.JPEG,0,0.7743,1
/home/student/Downloads/imagenet_ai_0419_biggan/train/nature/n01498041_4704.JPEG,0,0.0000,0
/home/student/Downloads/imagenet_ai_0419_biggan/train/nature/n01498041_4729.JPEG,0,0.0049,0
/home/student/Downloads/imagenet_ai_0419_biggan/train/nature/n01498041_5026.JPEG,0,0.0000,0
/home/student/Downloads/imagenet_ai_0419_biggan/train/nature/n01498041_5217.JPEG,0,0.1328,0
/home/student/Downloads/imagenet_ai_0419_biggan/train/nature/n01498041_5247.JPEG,0,0.0047,0
/home/student/Downloads/imagenet_ai_0419_biggan/train/nature/n01498041_5365.JPEG,0,0.2460,0
/home/student/Downloads/imagenet_ai_0419_biggan/train/nature/n01498041_5376.JPEG,0,0.0004,0
/home/student/Downloads/imagenet_ai_0419_biggan/train/nature/n01498041_5385.JPEG,0,0.0000,0
/home/student/Downloads/imagenet_ai_0419_biggan/train/nature/n01498041_5420.JPEG,0,0.0001,0
/home/student/Downloads/imagenet_ai_0419_biggan/train/nature/n01498041_5454.JPEG,0,0.0001,0
/home/student/Downloads/imagenet_ai_0419_biggan/train/nature/n01498041_5510.JPEG,0,0.0006,0
/home/student/Downloads/imagenet_ai_0419_biggan/train/nature/n01498041_5598.JPEG,0,0.0013,0
/home/student/Downloads/imagenet_ai_0419_biggan/train/nature/n01498041_5623.JPEG,0,0.0054,0
/home/student/Downloads/imagenet_ai_0419_biggan/train/nature/n01498041_5662.JPEG,0,0.0023,0
/home/student/Downloads/imagenet_ai_0419_biggan/train/nature/n01498041_5665.JPEG,0,0.0015,0
/home/student/Downloads/imagenet_ai_0419_biggan/train/nature/n01498041_5677.JPEG,0,0.0005,0
/home/student/Downloads/imagenet_ai_0419_biggan/train/nature/n01498041_5742.JPEG,0,0.0135,0
/home/student/Downloads/imagenet_ai_0419_biggan/train/nature/n01498041_5746.JPEG,0,0.0067,0
/home/student/Downloads/imagenet_ai_0419_biggan/train/nature/n01498041_5799.JPEG,0,0.0000,0
/home/student/Downloads/imagenet_ai_0419_biggan/train/nature/n01498041_583.JPEG,0,0.0014,0
/home/student/Downloads/imagenet_ai_0419_biggan/train/nature/n01498041_6058.JPEG,0,0.0207,0
/home/student/Downloads/imagenet_ai_0419_biggan/train/nature/n01498041_6308.JPEG,0,0.0335,0
/home/student/Downloads/imagenet_ai_0419_biggan/train/nature/n01498041_6571.JPEG,0,0.0002,0
/home/student/Downloads/imagenet_ai_0419_biggan/train/nature/n01498041_6597.JPEG,0,0.0025,0
/home/student/Downloads/imagenet_ai_0419_biggan/train/nature/n01498041_6627.JPEG,0,0.0083,0
/home/student/Downloads/imagenet_ai_0419_biggan/train/nature/n01498041_6670.JPEG,0,0.0000,0
/home/student/Downloads/imagenet_ai_0419_biggan/train/nature/n01498041_6768.JPEG,0,0.0000,0
/home/student/Downloads/imagenet_ai_0419_biggan/train/nature/n01498041_6847.JPEG,0,0.0023,0
/home/student/Downloads/imagenet_ai_0419_biggan/train/nature/n01498041_6907.JPEG,0,0.0000,0
/home/student/Downloads/imagenet_ai_0419_biggan/train/nature/n01498041_6931.JPEG,0,0.0000,0
/home/student/Downloads/imagenet_ai_0419_biggan/train/nature/n01498041_696.JPEG,0,0.0028,0
/home/student/Downloads/imagenet_ai_0419_biggan/train/nature/n01498041_697.JPEG,0,0.0001,0
/home/student/Downloads/imagenet_ai_0419_biggan/train/nature/n01498041_6995.JPEG,0,0.0033,0
/home/student/Downloads/imagenet_ai_0419_biggan/train/nature/n01498041_7003.JPEG,0,0.9219,1
/home/student/Downloads/imagenet_ai_0419_biggan/train/nature/n01498041_7093.JPEG,0,0.0001,0
/home/student/Downloads/imagenet_ai_0419_biggan/train/nature/n01498041_7111.JPEG,0,0.0000,0
/home/student/Downloads/imagenet_ai_0419_biggan/train/nature/n01498041_726.JPEG,0,0.0001,0
/home/student/Downloads/imagenet_ai_0419_biggan/train/nature/n01498041_733.JPEG,0,0.0053,0
/home/student/Downloads/imagenet_ai_0419_biggan/train/nature/n01498041_7452.JPEG,0,0.8589,1
/home/student/Downloads/imagenet_ai_0419_biggan/train/nature/n01498041_7794.JPEG,0,0.0586,0
/home/student/Downloads/imagenet_ai_0419_biggan/train/nature/n01498041_7900.JPEG,0,0.0004,0
/home/student/Downloads/imagenet_ai_0419_biggan/train/nature/n01498041_7972.JPEG,0,0.0081,0
/home/student/Downloads/imagenet_ai_0419_biggan/train/nature/n01498041_8006.JPEG,0,0.0006,0
/home/student/Downloads/imagenet_ai_0419_biggan/train/nature/n01498041_801.JPEG,0,0.0000,0
/home/student/Downloads/imagenet_ai_0419_biggan/train/nature/n01498041_8084.JPEG,0,0.0014,0
/home/student/Downloads/imagenet_ai_0419_biggan/train/nature/n01498041_8108.JPEG,0,0.0009,0
/home/student/Downloads/imagenet_ai_0419_biggan/train/nature/n01498041_82.JPEG,0,0.0021,0
/home/student/Downloads/imagenet_ai_0419_biggan/train/nature/n01498041_8361.JPEG,0,0.3137,0
/home/student/Downloads/imagenet_ai_0419_biggan/train/nature/n01498041_8475.JPEG,0,0.0024,0
/home/student/Downloads/imagenet_ai_0419_biggan/train/nature/n01498041_8542.JPEG,0,0.0049,0
/home/student/Downloads/imagenet_ai_0419_biggan/train/nature/n01498041_8563.JPEG,0,0.0032,0
/home/student/Downloads/imagenet_ai_0419_biggan/train/nature/n01498041_8606.JPEG,0,0.0000,0
/home/student/Downloads/imagenet_ai_0419_biggan/train/nature/n01498041_8654.JPEG,0,0.0017,0
/home/student/Downloads/imagenet_ai_0419_biggan/train/nature/n01498041_8713.JPEG,0,0.1094,0
/home/student/Downloads/imagenet_ai_0419_biggan/train/nature/n01498041_9044.JPEG,0,0.0049,0
/home/student/Downloads/imagenet_ai_0419_biggan/train/nature/n01498041_9128.JPEG,0,0.0012,0
/home/student/Downloads/imagenet_ai_0419_biggan/train/nature/n01498041_9134.JPEG,0,0.0017,0
/home/student/Downloads/imagenet_ai_0419_biggan/train/nature/n01498041_931.JPEG,0,0.6727,1
/home/student/Downloads/imagenet_ai_0419_biggan/train/nature/n01498041_9337.JPEG,0,0.0001,0
/home/student/Downloads/imagenet_ai_0419_biggan/train/nature/n01498041_934.JPEG,0,0.7766,1
/home/student/Downloads/imagenet_ai_0419_biggan/train/nature/n01498041_9467.JPEG,0,0.0049,0
/home/student/Downloads/imagenet_ai_0419_biggan/train/nature/n01498041_9488.JPEG,0,0.0000,0
/home/student/Downloads/imagenet_ai_0419_biggan/train/nature/n01498041_9506.JPEG,0,0.0168,0
/home/student/Downloads/imagenet_ai_0419_biggan/train/nature/n01498041_9563.JPEG,0,0.3465,0
/home/student/Downloads/imagenet_ai_0419_biggan/train/nature/n01498041_9604.JPEG,0,0.9616,1
/home/student/Downloads/imagenet_ai_0419_biggan/train/nature/n01498041_9615.JPEG,0,0.0006,0
/home/student/Downloads/imagenet_ai_0419_biggan/train/nature/n01498041_9651.JPEG,0,0.0002,0
/home/student/Downloads/imagenet_ai_0419_biggan/train/nature/n01498041_9767.JPEG,0,0.0003,0
/home/student/Downloads/imagenet_ai_0419_biggan/train/nature/n01498041_9860.JPEG,0,0.0002,0
/home/student/Downloads/imagenet_ai_0419_biggan/train/nature/n01498041_9912.JPEG,0,0.1192,0
/home/student/Downloads/imagenet_ai_0419_biggan/train/nature/n01514668_10004.JPEG,0,0.0000,0
/home/student/Downloads/imagenet_ai_0419_biggan/train/nature/n01514668_10014.JPEG,0,0.0727,0
/home/student/Downloads/imagenet_ai_0419_biggan/train/nature/n01514668_10322.JPEG,0,0.0011,0
/home/student/Downloads/imagenet_ai_0419_biggan/train/nature/n01514668_10737.JPEG,0,0.0101,0
/home/student/Downloads/imagenet_ai_0419_biggan/train/nature/n01514668_10820.JPEG,0,0.0009,0
/home/student/Downloads/imagenet_ai_0419_biggan/train/nature/n01514668_10890.JPEG,0,0.0001,0
/home/student/Downloads/imagenet_ai_0419_biggan/train/nature/n01514668_11273.JPEG,0,0.0000,0
/home/student/Downloads/imagenet_ai_0419_biggan/train/nature/n01514668_11693.JPEG,0,0.0002,0
/home/student/Downloads/imagenet_ai_0419_biggan/train/nature/n01514668_12044.JPEG,0,0.0048,0
/home/student/Downloads/imagenet_ai_0419_biggan/train/nature/n01514668_12808.JPEG,0,0.0003,0
/home/student/Downloads/imagenet_ai_0419_biggan/train/nature/n01514668_12814.JPEG,0,0.0004,0
/home/student/Downloads/imagenet_ai_0419_biggan/train/nature/n01514668_12885.JPEG,0,0.0006,0
/home/student/Downloads/imagenet_ai_0419_biggan/train/nature/n01514668_12960.JPEG,0,0.0000,0
/home/student/Downloads/imagenet_ai_0419_biggan/train/nature/n01514668_13281.JPEG,0,0.0000,0
/home/student/Downloads/imagenet_ai_0419_biggan/train/nature/n01514668_13309.JPEG,0,0.0000,0
/home/student/Downloads/imagenet_ai_0419_biggan/train/nature/n01514668_13402.JPEG,0,0.0001,0
/home/student/Downloads/imagenet_ai_0419_biggan/train/nature/n01514668_13414.JPEG,0,0.0000,0
/home/student/Downloads/imagenet_ai_0419_biggan/train/nature/n01514668_13469.JPEG,0,0.0013,0
/home/student/Downloads/imagenet_ai_0419_biggan/train/nature/n01514668_13509.JPEG,0,0.0028,0
/home/student/Downloads/imagenet_ai_0419_biggan/train/nature/n01514668_13617.JPEG,0,0.0000,0
/home/student/Downloads/imagenet_ai_0419_biggan/train/nature/n01514668_13649.JPEG,0,0.0003,0
/home/student/Downloads/imagenet_ai_0419_biggan/train/nature/n01514668_13860.JPEG,0,0.0001,0
/home/student/Downloads/imagenet_ai_0419_biggan/train/nature/n01514668_13893.JPEG,0,0.0201,0
/home/student/Downloads/imagenet_ai_0419_biggan/train/nature/n01514668_13908.JPEG,0,0.0000,0
/home/student/Downloads/imagenet_ai_0419_biggan/train/nature/n01514668_13942.JPEG,0,0.0000,0
/home/student/Downloads/imagenet_ai_0419_biggan/train/nature/n01514668_13962.JPEG,0,0.0001,0
/home/student/Downloads/imagenet_ai_0419_biggan/train/nature/n01514668_14104.JPEG,0,0.4622,0
/home/student/Downloads/imagenet_ai_0419_biggan/train/nature/n01514668_14149.JPEG,0,0.0000,0
/home/student/Downloads/imagenet_ai_0419_biggan/train/nature/n01514668_14155.JPEG,0,0.0000,0
/home/student/Downloads/imagenet_ai_0419_biggan/train/nature/n01514668_14434.JPEG,0,0.0001,0
/home/student/Downloads/imagenet_ai_0419_biggan/train/nature/n01514668_14436.JPEG,0,0.0265,0
/home/student/Downloads/imagenet_ai_0419_biggan/train/nature/n01514668_14452.JPEG,0,0.1808,0
/home/student/Downloads/imagenet_ai_0419_biggan/train/nature/n01514668_14462.JPEG,0,0.5887,1
/home/student/Downloads/imagenet_ai_0419_biggan/train/nature/n01514668_14464.JPEG,0,0.0024,0
/home/student/Downloads/imagenet_ai_0419_biggan/train/nature/n01514668_14581.JPEG,0,0.0000,0
/home/student/Downloads/imagenet_ai_0419_biggan/train/nature/n01514668_14614.JPEG,0,0.0108,0
/home/student/Downloads/imagenet_ai_0419_biggan/train/nature/n01514668_14650.JPEG,0,0.0005,0
/home/student/Downloads/imagenet_ai_0419_biggan/train/nature/n01514668_14672.JPEG,0,0.0001,0
/home/student/Downloads/imagenet_ai_0419_biggan/train/nature/n01514668_14876.JPEG,0,0.0000,0
/home/student/Downloads/imagenet_ai_0419_biggan/train/nature/n01514668_14879.JPEG,0,0.2545,0
/home/student/Downloads/imagenet_ai_0419_biggan/train/nature/n01514668_14897.JPEG,0,0.0000,0
/home/student/Downloads/imagenet_ai_0419_biggan/train/nature/n01514668_14945.JPEG,0,0.0000,0
/home/student/Downloads/imagenet_ai_0419_biggan/train/nature/n01514668_14948.JPEG,0,0.0000,0
/home/student/Downloads/imagenet_ai_0419_biggan/train/nature/n01514668_14989.JPEG,0,0.9999,1
/home/student/Downloads/imagenet_ai_0419_biggan/train/nature/n01514668_15057.JPEG,0,0.0088,0
/home/student/Downloads/imagenet_ai_0419_biggan/train/nature/n01514668_15095.JPEG,0,0.0000,0
/home/student/Downloads/imagenet_ai_0419_biggan/train/nature/n01514668_15300.JPEG,0,0.0039,0
/home/student/Downloads/imagenet_ai_0419_biggan/train/nature/n01514668_15305.JPEG,0,0.0000,0
/home/student/Downloads/imagenet_ai_0419_biggan/train/nature/n01514668_15368.JPEG,0,0.0000,0
/home/student/Downloads/imagenet_ai_0419_biggan/train/nature/n01514668_15430.JPEG,0,0.7385,1
/home/student/Downloads/imagenet_ai_0419_biggan/train/nature/n01514668_15441.JPEG,0,0.0056,0
/home/student/Downloads/imagenet_ai_0419_biggan/train/nature/n01514668_15541.JPEG,0,0.0000,0
/home/student/Downloads/imagenet_ai_0419_biggan/train/nature/n01514668_15580.JPEG,0,0.0000,0
/home/student/Downloads/imagenet_ai_0419_biggan/train/nature/n01514668_15750.JPEG,0,0.0023,0
/home/student/Downloads/imagenet_ai_0419_biggan/train/nature/n01514668_15837.JPEG,0,0.0000,0
/home/student/Downloads/imagenet_ai_0419_biggan/train/nature/n01514668_16059.JPEG,0,0.0138,0
/home/student/Downloads/imagenet_ai_0419_biggan/train/nature/n01514668_16119.JPEG,0,0.0002,0
/home/student/Downloads/imagenet_ai_0419_biggan/train/nature/n01514668_16129.JPEG,0,0.0000,0
/home/student/Downloads/imagenet_ai_0419_biggan/train/nature/n01514668_16367.JPEG,0,0.0000,0
/home/student/Downloads/imagenet_ai_0419_biggan/train/nature/n01514668_16381.JPEG,0,0.0000,0
/home/student/Downloads/imagenet_ai_0419_biggan/train/nature/n01514668_16409.JPEG,0,0.9946,1
/home/student/Downloads/imagenet_ai_0419_biggan/train/nature/n01514668_16426.JPEG,0,0.0000,0
/home/student/Downloads/imagenet_ai_0419_biggan/train/nature/n01514668_16475.JPEG,0,0.1460,0
/home/student/Downloads/imagenet_ai_0419_biggan/train/nature/n01514668_16558.JPEG,0,0.0045,0
/home/student/Downloads/imagenet_ai_0419_biggan/train/nature/n01514668_16603.JPEG,0,0.0004,0
/home/student/Downloads/imagenet_ai_0419_biggan/train/nature/n01514668_16709.JPEG,0,0.0212,0
/home/student/Downloads/imagenet_ai_0419_biggan/train/nature/n01514668_16756.JPEG,0,0.0009,0
/home/student/Downloads/imagenet_ai_0419_biggan/train/nature/n01514668_17101.JPEG,0,0.0000,0
/home/student/Downloads/imagenet_ai_0419_biggan/train/nature/n01514668_17238.JPEG,0,0.0000,0
/home/student/Downloads/imagenet_ai_0419_biggan/train/nature/n01514668_17242.JPEG,0,0.0001,0
/home/student/Downloads/imagenet_ai_0419_biggan/train/nature/n01514668_17383.JPEG,0,0.0000,0
/home/student/Downloads/imagenet_ai_0419_biggan/train/nature/n01514668_17454.JPEG,0,0.0000,0
/home/student/Downloads/imagenet_ai_0419_biggan/train/nature/n01514668_17573.JPEG,0,0.0000,0
/home/student/Downloads/imagenet_ai_0419_biggan/train/nature/n01514668_17763.JPEG,0,0.0000,0
/home/student/Downloads/imagenet_ai_0419_biggan/train/nature/n01514668_17809.JPEG,0,0.0003,0
/home/student/Downloads/imagenet_ai_0419_biggan/train/nature/n01514668_17920.JPEG,0,0.0000,0
/home/student/Downloads/imagenet_ai_0419_biggan/train/nature/n01514668_17944.JPEG,0,0.0018,0
/home/student/Downloads/imagenet_ai_0419_biggan/train/nature/n01514668_18054.JPEG,0,0.0001,0
/home/student/Downloads/imagenet_ai_0419_biggan/train/nature/n01514668_1816.JPEG,0,0.0001,0
/home/student/Downloads/imagenet_ai_0419_biggan/train/nature/n01514668_18463.JPEG,0,0.0090,0
/home/student/Downloads/imagenet_ai_0419_biggan/train/nature/n01514668_18766.JPEG,0,0.0000,0
/home/student/Downloads/imagenet_ai_0419_biggan/train/nature/n01514668_18806.JPEG,0,0.0000,0
/home/student/Downloads/imagenet_ai_0419_biggan/train/nature/n01514668_1896.JPEG,0,0.0963,0
/home/student/Downloads/imagenet_ai_0419_biggan/train/nature/n01514668_19009.JPEG,0,0.0000,0
/home/student/Downloads/imagenet_ai_0419_biggan/train/nature/n01514668_19075.JPEG,0,0.0000,0
/home/student/Downloads/imagenet_ai_0419_biggan/train/nature/n01514668_19134.JPEG,0,0.0001,0
/home/student/Downloads/imagenet_ai_0419_biggan/train/nature/n01514668_19184.JPEG,0,0.0000,0
/home/student/Downloads/imagenet_ai_0419_biggan/train/nature/n01514668_19375.JPEG,0,0.0000,0
/home/student/Downloads/imagenet_ai_0419_biggan/train/nature/n01514668_1943.JPEG,0,0.0000,0
/home/student/Downloads/imagenet_ai_0419_biggan/train/nature/n01514668_19660.JPEG,0,0.0000,0
/home/student/Downloads/imagenet_ai_0419_biggan/train/nature/n01514668_19754.JPEG,0,0.0000,0
/home/student/Downloads/imagenet_ai_0419_biggan/train/nature/n01514668_19871.JPEG,0,0.0010,0
/home/student/Downloads/imagenet_ai_0419_biggan/train/nature/n01514668_20073.JPEG,0,0.0000,0
/home/student/Downloads/imagenet_ai_0419_biggan/train/nature/n01514668_20154.JPEG,0,0.0000,0
/home/student/Downloads/imagenet_ai_0419_biggan/train/nature/n01514668_20437.JPEG,0,0.0000,0
/home/student/Downloads/imagenet_ai_0419_biggan/train/nature/n01514668_20624.JPEG,0,0.0010,0
/home/student/Downloads/imagenet_ai_0419_biggan/train/nature/n01514668_20630.JPEG,0,0.0000,0
/home/student/Downloads/imagenet_ai_0419_biggan/train/nature/n01514668_20771.JPEG,0,0.0000,0
/home/student/Downloads/imagenet_ai_0419_biggan/train/nature/n01514668_21291.JPEG,0,0.0001,0
/home/student/Downloads/imagenet_ai_0419_biggan/train/nature/n01514668_21395.JPEG,0,0.1244,0
/home/student/Downloads/imagenet_ai_0419_biggan/train/nature/n01514668_21413.JPEG,0,0.0006,0
/home/student/Downloads/imagenet_ai_0419_biggan/train/nature/n01514668_21698.JPEG,0,0.0000,0
/home/student/Downloads/imagenet_ai_0419_biggan/train/nature/n01514668_21859.JPEG,0,0.0007,0
/home/student/Downloads/imagenet_ai_0419_biggan/train/nature/n01514668_2188.JPEG,0,0.0000,0
/home/student/Downloads/imagenet_ai_0419_biggan/train/nature/n01514668_21885.JPEG,0,0.0001,0
/home/student/Downloads/imagenet_ai_0419_biggan/train/nature/n01514668_21975.JPEG,0,0.0000,0
/home/student/Downloads/imagenet_ai_0419_biggan/train/nature/n01514668_2203.JPEG,0,0.0001,0
/home/student/Downloads/imagenet_ai_0419_biggan/train/nature/n01514668_22274.JPEG,0,0.0053,0
/home/student/Downloads/imagenet_ai_0419_biggan/train/nature/n01514668_22290.JPEG,0,0.0000,0
/home/student/Downloads/imagenet_ai_0419_biggan/train/nature/n01514668_22310.JPEG,0,0.0000,0
/home/student/Downloads/imagenet_ai_0419_biggan/train/nature/n01514668_22311.JPEG,0,0.0000,0
/home/student/Downloads/imagenet_ai_0419_biggan/train/nature/n01514668_22325.JPEG,0,0.0056,0
/home/student/Downloads/imagenet_ai_0419_biggan/train/nature/n01514668_22416.JPEG,0,0.0000,0
/home/student/Downloads/imagenet_ai_0419_biggan/train/nature/n01514668_22448.JPEG,0,0.5061,1
/home/student/Downloads/imagenet_ai_0419_biggan/train/nature/n01514668_22527.JPEG,0,0.8165,1
/home/student/Downloads/imagenet_ai_0419_biggan/train/nature/n01514668_22588.JPEG,0,0.0000,0
/home/student/Downloads/imagenet_ai_0419_biggan/train/nature/n01514668_22936.JPEG,0,0.0000,0
/home/student/Downloads/imagenet_ai_0419_biggan/train/nature/n01514668_22995.JPEG,0,0.0076,0
/home/student/Downloads/imagenet_ai_0419_biggan/train/nature/n01514668_23007.JPEG,0,0.0600,0
/home/student/Downloads/imagenet_ai_0419_biggan/train/nature/n01514668_23056.JPEG,0,0.9496,1
/home/student/Downloads/imagenet_ai_0419_biggan/train/nature/n01514668_23067.JPEG,0,0.0003,0
/home/student/Downloads/imagenet_ai_0419_biggan/train/nature/n01514668_23071.JPEG,0,0.0057,0
/home/student/Downloads/imagenet_ai_0419_biggan/train/nature/n01514668_23126.JPEG,0,0.3209,0
/home/student/Downloads/imagenet_ai_0419_biggan/train/nature/n01514668_2331.JPEG,0,0.0162,0
/home/student/Downloads/imagenet_ai_0419_biggan/train/nature/n01514668_23840.JPEG,0,0.0000,0
/home/student/Downloads/imagenet_ai_0419_biggan/train/nature/n01514668_24268.JPEG,0,0.0005,0
/home/student/Downloads/imagenet_ai_0419_biggan/train/nature/n01514668_27280.JPEG,0,0.0001,0
/home/student/Downloads/imagenet_ai_0419_biggan/train/nature/n01514668_28529.JPEG,0,0.0003,0
/home/student/Downloads/imagenet_ai_0419_biggan/train/nature/n01514668_2872.JPEG,0,0.0148,0
/home/student/Downloads/imagenet_ai_0419_biggan/train/nature/n01514668_29039.JPEG,0,0.0000,0
/home/student/Downloads/imagenet_ai_0419_biggan/train/nature/n01514668_29571.JPEG,0,0.0128,0
/home/student/Downloads/imagenet_ai_0419_biggan/train/nature/n01514668_30633.JPEG,0,0.0000,0
/home/student/Downloads/imagenet_ai_0419_biggan/train/nature/n01514668_3379.JPEG,0,0.0000,0
/home/student/Downloads/imagenet_ai_0419_biggan/train/nature/n01514668_35299.JPEG,0,0.9994,1
/home/student/Downloads/imagenet_ai_0419_biggan/train/nature/n01514668_35486.JPEG,0,0.0306,0
/home/student/Downloads/imagenet_ai_0419_biggan/train/nature/n01514668_366.JPEG,0,0.0001,0
/home/student/Downloads/imagenet_ai_0419_biggan/train/nature/n01514668_3702.JPEG,0,0.0000,0
/home/student/Downloads/imagenet_ai_0419_biggan/train/nature/n01514668_38398.JPEG,0,0.0000,0
/home/student/Downloads/imagenet_ai_0419_biggan/train/nature/n01514668_38591.JPEG,0,0.0000,0
/home/student/Downloads/imagenet_ai_0419_biggan/train/nature/n01514668_3945.JPEG,0,0.0001,0
/home/student/Downloads/imagenet_ai_0419_biggan/train/nature/n01514668_39456.JPEG,0,0.5606,1
/home/student/Downloads/imagenet_ai_0419_biggan/train/nature/n01514668_4013.JPEG,0,0.0000,0
/home/student/Downloads/imagenet_ai_0419_biggan/train/nature/n01514668_4179.JPEG,0,0.0324,0
/home/student/Downloads/imagenet_ai_0419_biggan/train/nature/n01514668_4557.JPEG,0,0.0000,0
/home/student/Downloads/imagenet_ai_0419_biggan/train/nature/n01514668_4819.JPEG,0,0.0001,0
/home/student/Downloads/imagenet_ai_0419_biggan/train/nature/n01514668_4873.JPEG,0,0.0000,0
/home/student/Downloads/imagenet_ai_0419_biggan/train/nature/n01514668_5161.JPEG,0,0.0001,0
/home/student/Downloads/imagenet_ai_0419_biggan/train/nature/n01514668_5198.JPEG,0,0.0149,0
/home/student/Downloads/imagenet_ai_0419_biggan/train/nature/n01514668_5533.JPEG,0,0.0003,0
/home/student/Downloads/imagenet_ai_0419_biggan/train/nature/n01514668_6542.JPEG,0,0.4184,0
/home/student/Downloads/imagenet_ai_0419_biggan/train/nature/n01514668_6827.JPEG,0,0.0000,0
/home/student/Downloads/imagenet_ai_0419_biggan/train/nature/n01514668_690.JPEG,0,0.0000,0
/home/student/Downloads/imagenet_ai_0419_biggan/train/nature/n01514668_6950.JPEG,0,0.0000,0
/home/student/Downloads/imagenet_ai_0419_biggan/train/nature/n01514668_7125.JPEG,0,0.0000,0
/home/student/Downloads/imagenet_ai_0419_biggan/train/nature/n01514668_7269.JPEG,0,0.0000,0
/home/student/Downloads/imagenet_ai_0419_biggan/train/nature/n01514668_7647.JPEG,0,0.0000,0
/home/student/Downloads/imagenet_ai_0419_biggan/train/nature/n01514668_8171.JPEG,0,0.0003,0
/home/student/Downloads/imagenet_ai_0419_biggan/train/nature/n01514668_8512.JPEG,0,0.0000,0
/home/student/Downloads/imagenet_ai_0419_biggan/train/nature/n01514668_9058.JPEG,0,0.0158,0
/home/student/Downloads/imagenet_ai_0419_biggan/train/nature/n01514668_9635.JPEG,0,0.0005,0
/home/student/Downloads/imagenet_ai_0419_biggan/train/nature/n01514668_9786.JPEG,0,0.0000,0
/home/student/Downloads/imagenet_ai_0419_biggan/train/nature/n01514668_9789.JPEG,0,0.0000,0
/home/student/Downloads/imagenet_ai_0419_biggan/train/nature/n01514859_10041.JPEG,0,0.0000,0
/home/student/Downloads/imagenet_ai_0419_biggan/train/nature/n01514859_10095.JPEG,0,0.0000,0
/home/student/Downloads/imagenet_ai_0419_biggan/train/nature/n01514859_10188.JPEG,0,0.0019,0
/home/student/Downloads/imagenet_ai_0419_biggan/train/nature/n01514859_1032.JPEG,0,0.0000,0
/home/student/Downloads/imagenet_ai_0419_biggan/train/nature/n01514859_10320.JPEG,0,0.0001,0
/home/student/Downloads/imagenet_ai_0419_biggan/train/nature/n01514859_1039.JPEG,0,0.0000,0
/home/student/Downloads/imagenet_ai_0419_biggan/train/nature/n01514859_10410.JPEG,0,0.0000,0
/home/student/Downloads/imagenet_ai_0419_biggan/train/nature/n01514859_10411.JPEG,0,0.0002,0
/home/student/Downloads/imagenet_ai_0419_biggan/train/nature/n01514859_10534.JPEG,0,0.0008,0
/home/student/Downloads/imagenet_ai_0419_biggan/train/nature/n01514859_10561.JPEG,0,0.0000,0
/home/student/Downloads/imagenet_ai_0419_biggan/train/nature/n01514859_10592.JPEG,0,0.9759,1
/home/student/Downloads/imagenet_ai_0419_biggan/train/nature/n01514859_10645.JPEG,0,0.0003,0
/home/student/Downloads/imagenet_ai_0419_biggan/train/nature/n01514859_10653.JPEG,0,0.0015,0
/home/student/Downloads/imagenet_ai_0419_biggan/train/nature/n01514859_1078.JPEG,0,0.0000,0
/home/student/Downloads/imagenet_ai_0419_biggan/train/nature/n01514859_10797.JPEG,0,0.0000,0
/home/student/Downloads/imagenet_ai_0419_biggan/train/nature/n01514859_10971.JPEG,0,0.0000,0
/home/student/Downloads/imagenet_ai_0419_biggan/train/nature/n01514859_10992.JPEG,0,0.0000,0
/home/student/Downloads/imagenet_ai_0419_biggan/train/nature/n01514859_11011.JPEG,0,0.0010,0
/home/student/Downloads/imagenet_ai_0419_biggan/train/nature/n01514859_11366.JPEG,0,0.0000,0
/home/student/Downloads/imagenet_ai_0419_biggan/train/nature/n01514859_11398.JPEG,0,0.0000,0
/home/student/Downloads/imagenet_ai_0419_biggan/train/nature/n01514859_11542.JPEG,0,0.0001,0
/home/student/Downloads/imagenet_ai_0419_biggan/train/nature/n01514859_11843.JPEG,0,0.0000,0
/home/student/Downloads/imagenet_ai_0419_biggan/train/nature/n01514859_11857.JPEG,0,0.0001,0
/home/student/Downloads/imagenet_ai_0419_biggan/train/nature/n01514859_11898.JPEG,0,0.0000,0
/home/student/Downloads/imagenet_ai_0419_biggan/train/nature/n01514859_1193.JPEG,0,0.0000,0
/home/student/Downloads/imagenet_ai_0419_biggan/train/nature/n01514859_11940.JPEG,0,0.0001,0
/home/student/Downloads/imagenet_ai_0419_biggan/train/nature/n01514859_12.JPEG,0,0.0001,0
/home/student/Downloads/imagenet_ai_0419_biggan/train/nature/n01514859_12239.JPEG,0,0.0000,0
/home/student/Downloads/imagenet_ai_0419_biggan/train/nature/n01514859_12245.JPEG,0,0.0702,0
/home/student/Downloads/imagenet_ai_0419_biggan/train/nature/n01514859_12269.JPEG,0,0.0000,0
/home/student/Downloads/imagenet_ai_0419_biggan/train/nature/n01514859_12308.JPEG,0,0.0000,0
/home/student/Downloads/imagenet_ai_0419_biggan/train/nature/n01514859_12367.JPEG,0,0.0003,0
/home/student/Downloads/imagenet_ai_0419_biggan/train/nature/n01514859_12377.JPEG,0,0.0000,0
/home/student/Downloads/imagenet_ai_0419_biggan/train/nature/n01514859_12383.JPEG,0,0.0002,0
/home/student/Downloads/imagenet_ai_0419_biggan/train/nature/n01514859_12437.JPEG,0,0.0025,0
/home/student/Downloads/imagenet_ai_0419_biggan/train/nature/n01514859_12477.JPEG,0,0.0000,0
/home/student/Downloads/imagenet_ai_0419_biggan/train/nature/n01514859_12500.JPEG,0,0.0000,0
/home/student/Downloads/imagenet_ai_0419_biggan/train/nature/n01514859_12540.JPEG,0,0.0000,0
/home/student/Downloads/imagenet_ai_0419_biggan/train/nature/n01514859_1378.JPEG,0,0.0001,0
/home/student/Downloads/imagenet_ai_0419_biggan/train/nature/n01514859_1421.JPEG,0,0.0000,0
/home/student/Downloads/imagenet_ai_0419_biggan/train/nature/n01514859_14619.JPEG,0,0.0000,0
/home/student/Downloads/imagenet_ai_0419_biggan/train/nature/n01514859_15044.JPEG,0,0.0039,0
/home/student/Downloads/imagenet_ai_0419_biggan/train/nature/n01514859_1548.JPEG,0,0.0000,0
/home/student/Downloads/imagenet_ai_0419_biggan/train/nature/n01514859_1635.JPEG,0,0.0045,0
/home/student/Downloads/imagenet_ai_0419_biggan/train/nature/n01514859_1666.JPEG,0,0.0000,0
/home/student/Downloads/imagenet_ai_0419_biggan/train/nature/n01514859_17156.JPEG,0,0.0000,0
/home/student/Downloads/imagenet_ai_0419_biggan/train/nature/n01514859_17571.JPEG,0,0.9497,1
/home/student/Downloads/imagenet_ai_0419_biggan/train/nature/n01514859_18087.JPEG,0,0.0004,0
/home/student/Downloads/imagenet_ai_0419_biggan/train/nature/n01514859_18099.JPEG,0,0.0004,0
/home/student/Downloads/imagenet_ai_0419_biggan/train/nature/n01514859_182.JPEG,0,0.0001,0
/home/student/Downloads/imagenet_ai_0419_biggan/train/nature/n01514859_1986.JPEG,0,0.0000,0
/home/student/Downloads/imagenet_ai_0419_biggan/train/nature/n01514859_19927.JPEG,0,0.0000,0
/home/student/Downloads/imagenet_ai_0419_biggan/train/nature/n01514859_216.JPEG,0,0.0075,0
/home/student/Downloads/imagenet_ai_0419_biggan/train/nature/n01514859_2173.JPEG,0,0.0001,0
/home/student/Downloads/imagenet_ai_0419_biggan/train/nature/n01514859_2221.JPEG,0,0.0000,0
/home/student/Downloads/imagenet_ai_0419_biggan/train/nature/n01514859_2223.JPEG,0,0.0244,0
/home/student/Downloads/imagenet_ai_0419_biggan/train/nature/n01514859_22592.JPEG,0,0.0101,0
/home/student/Downloads/imagenet_ai_0419_biggan/train/nature/n01514859_2369.JPEG,0,0.0017,0
/home/student/Downloads/imagenet_ai_0419_biggan/train/nature/n01514859_2377.JPEG,0,0.9639,1
/home/student/Downloads/imagenet_ai_0419_biggan/train/nature/n01514859_2424.JPEG,0,0.0001,0
/home/student/Downloads/imagenet_ai_0419_biggan/train/nature/n01514859_25275.JPEG,0,0.0011,0
/home/student/Downloads/imagenet_ai_0419_biggan/train/nature/n01514859_2563.JPEG,0,0.0009,0
/home/student/Downloads/imagenet_ai_0419_biggan/train/nature/n01514859_2584.JPEG,0,0.0000,0
/home/student/Downloads/imagenet_ai_0419_biggan/train/nature/n01514859_2666.JPEG,0,0.1852,0
/home/student/Downloads/imagenet_ai_0419_biggan/train/nature/n01514859_27571.JPEG,0,0.0000,0
/home/student/Downloads/imagenet_ai_0419_biggan/train/nature/n01514859_27784.JPEG,0,0.0000,0
/home/student/Downloads/imagenet_ai_0419_biggan/train/nature/n01514859_2780.JPEG,0,0.0000,0
/home/student/Downloads/imagenet_ai_0419_biggan/train/nature/n01514859_27988.JPEG,0,0.0000,0
/home/student/Downloads/imagenet_ai_0419_biggan/train/nature/n01514859_28733.JPEG,0,0.0000,0
/home/student/Downloads/imagenet_ai_0419_biggan/train/nature/n01514859_2933.JPEG,0,0.0000,0
/home/student/Downloads/imagenet_ai_0419_biggan/train/nature/n01514859_3032.JPEG,0,0.0000,0
/home/student/Downloads/imagenet_ai_0419_biggan/train/nature/n01514859_3036.JPEG,0,0.0000,0
/home/student/Downloads/imagenet_ai_0419_biggan/train/nature/n01514859_309.JPEG,0,0.0000,0
/home/student/Downloads/imagenet_ai_0419_biggan/train/nature/n01514859_3093.JPEG,0,0.0000,0
/home/student/Downloads/imagenet_ai_0419_biggan/train/nature/n01514859_3140.JPEG,0,0.0002,0
/home/student/Downloads/imagenet_ai_0419_biggan/train/nature/n01514859_324.JPEG,0,0.0001,0
/home/student/Downloads/imagenet_ai_0419_biggan/train/nature/n01514859_3283.JPEG,0,0.0000,0
/home/student/Downloads/imagenet_ai_0419_biggan/train/nature/n01514859_3403.JPEG,0,0.0000,0
/home/student/Downloads/imagenet_ai_0419_biggan/train/nature/n01514859_3465.JPEG,0,0.0000,0
/home/student/Downloads/imagenet_ai_0419_biggan/train/nature/n01514859_3792.JPEG,0,0.0005,0
/home/student/Downloads/imagenet_ai_0419_biggan/train/nature/n01514859_3795.JPEG,0,0.0002,0
/home/student/Downloads/imagenet_ai_0419_biggan/train/nature/n01514859_3939.JPEG,0,0.0005,0
/home/student/Downloads/imagenet_ai_0419_biggan/train/nature/n01514859_3941.JPEG,0,0.0043,0
/home/student/Downloads/imagenet_ai_0419_biggan/train/nature/n01514859_3969.JPEG,0,0.0026,0
/home/student/Downloads/imagenet_ai_0419_biggan/train/nature/n01514859_4023.JPEG,0,0.0000,0
/home/student/Downloads/imagenet_ai_0419_biggan/train/nature/n01514859_4045.JPEG,0,0.0000,0
/home/student/Downloads/imagenet_ai_0419_biggan/train/nature/n01514859_4139.JPEG,0,0.0000,0
/home/student/Downloads/imagenet_ai_0419_biggan/train/nature/n01514859_4211.JPEG,0,0.0000,0
/home/student/Downloads/imagenet_ai_0419_biggan/train/nature/n01514859_4302.JPEG,0,0.0000,0
/home/student/Downloads/imagenet_ai_0419_biggan/train/nature/n01514859_4476.JPEG,0,0.0000,0
/home/student/Downloads/imagenet_ai_0419_biggan/train/nature/n01514859_4549.JPEG,0,0.0000,0
/home/student/Downloads/imagenet_ai_0419_biggan/train/nature/n01514859_4600.JPEG,0,0.0000,0
/home/student/Downloads/imagenet_ai_0419_biggan/train/nature/n01514859_4619.JPEG,0,0.0000,0
/home/student/Downloads/imagenet_ai_0419_biggan/train/nature/n01514859_4702.JPEG,0,0.0000,0
/home/student/Downloads/imagenet_ai_0419_biggan/train/nature/n01514859_4723.JPEG,0,0.0000,0
/home/student/Downloads/imagenet_ai_0419_biggan/train/nature/n01514859_4753.JPEG,0,0.0001,0
/home/student/Downloads/imagenet_ai_0419_biggan/train/nature/n01514859_4910.JPEG,0,0.0001,0
/home/student/Downloads/imagenet_ai_0419_biggan/train/nature/n01514859_4945.JPEG,0,0.0001,0
/home/student/Downloads/imagenet_ai_0419_biggan/train/nature/n01514859_4952.JPEG,0,0.0031,0
/home/student/Downloads/imagenet_ai_0419_biggan/train/nature/n01514859_496.JPEG,0,0.0001,0
/home/student/Downloads/imagenet_ai_0419_biggan/train/nature/n01514859_5051.JPEG,0,0.0512,0
/home/student/Downloads/imagenet_ai_0419_biggan/train/nature/n01514859_5154.JPEG,0,0.0000,0
/home/student/Downloads/imagenet_ai_0419_biggan/train/nature/n01514859_5273.JPEG,0,0.0000,0
/home/student/Downloads/imagenet_ai_0419_biggan/train/nature/n01514859_539.JPEG,0,0.0000,0
/home/student/Downloads/imagenet_ai_0419_biggan/train/nature/n01514859_5424.JPEG,0,0.0000,0
/home/student/Downloads/imagenet_ai_0419_biggan/train/nature/n01514859_5452.JPEG,0,0.0000,0
/home/student/Downloads/imagenet_ai_0419_biggan/train/nature/n01514859_5625.JPEG,0,0.0000,0
/home/student/Downloads/imagenet_ai_0419_biggan/train/nature/n01514859_5651.JPEG,0,0.0000,0
/home/student/Downloads/imagenet_ai_0419_biggan/train/nature/n01514859_5693.JPEG,0,0.0000,0
/home/student/Downloads/imagenet_ai_0419_biggan/train/nature/n01514859_5701.JPEG,0,0.0097,0
/home/student/Downloads/imagenet_ai_0419_biggan/train/nature/n01514859_5824.JPEG,0,0.0000,0
/home/student/Downloads/imagenet_ai_0419_biggan/train/nature/n01514859_583.JPEG,0,0.0000,0
/home/student/Downloads/imagenet_ai_0419_biggan/train/nature/n01514859_5871.JPEG,0,0.0000,0
/home/student/Downloads/imagenet_ai_0419_biggan/train/nature/n01514859_6037.JPEG,0,0.0002,0
/home/student/Downloads/imagenet_ai_0419_biggan/train/nature/n01514859_6116.JPEG,0,0.0386,0
/home/student/Downloads/imagenet_ai_0419_biggan/train/nature/n01514859_6126.JPEG,0,0.0000,0
/home/student/Downloads/imagenet_ai_0419_biggan/train/nature/n01514859_6231.JPEG,0,0.0000,0
/home/student/Downloads/imagenet_ai_0419_biggan/train/nature/n01514859_627.JPEG,0,0.0003,0
/home/student/Downloads/imagenet_ai_0419_biggan/train/nature/n01514859_628.JPEG,0,0.0000,0
/home/student/Downloads/imagenet_ai_0419_biggan/train/nature/n01514859_6285.JPEG,0,0.0000,0
/home/student/Downloads/imagenet_ai_0419_biggan/train/nature/n01514859_6291.JPEG,0,0.0191,0
/home/student/Downloads/imagenet_ai_0419_biggan/train/nature/n01514859_6305.JPEG,0,0.0017,0
/home/student/Downloads/imagenet_ai_0419_biggan/train/nature/n01514859_6450.JPEG,0,0.0000,0
/home/student/Downloads/imagenet_ai_0419_biggan/train/nature/n01514859_648.JPEG,0,0.0000,0
/home/student/Downloads/imagenet_ai_0419_biggan/train/nature/n01514859_6668.JPEG,0,0.0000,0
/home/student/Downloads/imagenet_ai_0419_biggan/train/nature/n01514859_6735.JPEG,0,0.0000,0
/home/student/Downloads/imagenet_ai_0419_biggan/train/nature/n01514859_68.JPEG,0,0.0004,0
/home/student/Downloads/imagenet_ai_0419_biggan/train/nature/n01514859_6964.JPEG,0,0.0000,0
/home/student/Downloads/imagenet_ai_0419_biggan/train/nature/n01514859_6976.JPEG,0,0.3838,0
/home/student/Downloads/imagenet_ai_0419_biggan/train/nature/n01514859_6997.JPEG,0,0.0001,0
/home/student/Downloads/imagenet_ai_0419_biggan/train/nature/n01514859_7022.JPEG,0,0.0000,0
/home/student/Downloads/imagenet_ai_0419_biggan/train/nature/n01514859_7115.JPEG,0,0.0000,0
/home/student/Downloads/imagenet_ai_0419_biggan/train/nature/n01514859_7181.JPEG,0,0.0000,0
/home/student/Downloads/imagenet_ai_0419_biggan/train/nature/n01514859_7182.JPEG,0,0.0000,0
/home/student/Downloads/imagenet_ai_0419_biggan/train/nature/n01514859_7312.JPEG,0,0.0000,0
/home/student/Downloads/imagenet_ai_0419_biggan/train/nature/n01514859_7531.JPEG,0,0.0000,0
/home/student/Downloads/imagenet_ai_0419_biggan/train/nature/n01514859_7568.JPEG,0,0.0000,0
/home/student/Downloads/imagenet_ai_0419_biggan/train/nature/n01514859_7595.JPEG,0,0.0000,0
/home/student/Downloads/imagenet_ai_0419_biggan/train/nature/n01514859_7605.JPEG,0,0.0000,0
/home/student/Downloads/imagenet_ai_0419_biggan/train/nature/n01514859_7923.JPEG,0,0.0001,0
/home/student/Downloads/imagenet_ai_0419_biggan/train/nature/n01514859_7955.JPEG,0,0.1332,0
/home/student/Downloads/imagenet_ai_0419_biggan/train/nature/n01514859_8201.JPEG,0,0.0000,0
/home/student/Downloads/imagenet_ai_0419_biggan/train/nature/n01514859_8221.JPEG,0,0.0000,0
/home/student/Downloads/imagenet_ai_0419_biggan/train/nature/n01514859_8226.JPEG,0,0.0001,0
/home/student/Downloads/imagenet_ai_0419_biggan/train/nature/n01514859_8367.JPEG,0,0.0000,0
/home/student/Downloads/imagenet_ai_0419_biggan/train/nature/n01514859_8599.JPEG,0,0.0000,0
/home/student/Downloads/imagenet_ai_0419_biggan/train/nature/n01514859_8738.JPEG,0,0.0001,0
/home/student/Downloads/imagenet_ai_0419_biggan/train/nature/n01514859_8874.JPEG,0,0.0000,0
/home/student/Downloads/imagenet_ai_0419_biggan/train/nature/n01514859_9162.JPEG,0,0.0011,0
/home/student/Downloads/imagenet_ai_0419_biggan/train/nature/n01514859_9187.JPEG,0,0.0003,0
/home/student/Downloads/imagenet_ai_0419_biggan/train/nature/n01514859_9386.JPEG,0,0.0000,0
/home/student/Downloads/imagenet_ai_0419_biggan/train/nature/n01514859_9390.JPEG,0,0.0000,0
/home/student/Downloads/imagenet_ai_0419_biggan/train/nature/n01514859_9509.JPEG,0,0.0000,0
/home/student/Downloads/imagenet_ai_0419_biggan/train/nature/n01514859_9514.JPEG,0,0.0002,0
/home/student/Downloads/imagenet_ai_0419_biggan/train/nature/n01514859_9578.JPEG,0,0.0001,0
/home/student/Downloads/imagenet_ai_0419_biggan/train/nature/n01514859_9588.JPEG,0,0.0000,0
/home/student/Downloads/imagenet_ai_0419_biggan/train/nature/n01514859_9687.JPEG,0,0.0000,0
/home/student/Downloads/imagenet_ai_0419_biggan/train/nature/n01514859_977.JPEG,0,0.0000,0
/home/student/Downloads/imagenet_ai_0419_biggan/train/nature/n01514859_9790.JPEG,0,0.0021,0
/home/student/Downloads/imagenet_ai_0419_biggan/train/nature/n01514859_983.JPEG,0,0.0000,0
/home/student/Downloads/imagenet_ai_0419_biggan/train/nature/n01514859_991.JPEG,0,0.0000,0
/home/student/Downloads/imagenet_ai_0419_biggan/train/nature/n01514859_9989.JPEG,0,0.0000,0
/home/student/Downloads/imagenet_ai_0419_biggan/train/nature/n01518878_10151.JPEG,0,0.0001,0
/home/student/Downloads/imagenet_ai_0419_biggan/train/nature/n01518878_10239.JPEG,0,0.0002,0
/home/student/Downloads/imagenet_ai_0419_biggan/train/nature/n01518878_1029.JPEG,0,0.0061,0
/home/student/Downloads/imagenet_ai_0419_biggan/train/nature/n01518878_10295.JPEG,0,0.0000,0
/home/student/Downloads/imagenet_ai_0419_biggan/train/nature/n01518878_10521.JPEG,0,0.0000,0
/home/student/Downloads/imagenet_ai_0419_biggan/train/nature/n01518878_1089.JPEG,0,0.0000,0
/home/student/Downloads/imagenet_ai_0419_biggan/train/nature/n01518878_1095.JPEG,0,0.0019,0
/home/student/Downloads/imagenet_ai_0419_biggan/train/nature/n01518878_11390.JPEG,0,0.0000,0
/home/student/Downloads/imagenet_ai_0419_biggan/train/nature/n01518878_1162.JPEG,0,0.0000,0
/home/student/Downloads/imagenet_ai_0419_biggan/train/nature/n01518878_11672.JPEG,0,0.0000,0
/home/student/Downloads/imagenet_ai_0419_biggan/train/nature/n01518878_11770.JPEG,0,0.0002,0
/home/student/Downloads/imagenet_ai_0419_biggan/train/nature/n01518878_11944.JPEG,0,0.9438,1
/home/student/Downloads/imagenet_ai_0419_biggan/train/nature/n01518878_120.JPEG,0,0.0000,0
/home/student/Downloads/imagenet_ai_0419_biggan/train/nature/n01518878_12047.JPEG,0,0.0000,0
/home/student/Downloads/imagenet_ai_0419_biggan/train/nature/n01518878_12536.JPEG,0,0.0000,0
/home/student/Downloads/imagenet_ai_0419_biggan/train/nature/n01518878_1289.JPEG,0,0.0000,0
/home/student/Downloads/imagenet_ai_0419_biggan/train/nature/n01518878_13081.JPEG,0,0.0002,0
/home/student/Downloads/imagenet_ai_0419_biggan/train/nature/n01518878_13137.JPEG,0,0.0000,0
/home/student/Downloads/imagenet_ai_0419_biggan/train/nature/n01518878_13400.JPEG,0,0.0000,0
/home/student/Downloads/imagenet_ai_0419_biggan/train/nature/n01518878_13468.JPEG,0,0.0000,0
/home/student/Downloads/imagenet_ai_0419_biggan/train/nature/n01518878_14148.JPEG,0,0.0000,0
/home/student/Downloads/imagenet_ai_0419_biggan/train/nature/n01518878_1424.JPEG,0,0.0000,0
/home/student/Downloads/imagenet_ai_0419_biggan/train/nature/n01518878_1442.JPEG,0,0.0002,0
/home/student/Downloads/imagenet_ai_0419_biggan/train/nature/n01518878_14655.JPEG,0,0.0000,0
/home/student/Downloads/imagenet_ai_0419_biggan/train/nature/n01518878_14659.JPEG,0,0.0083,0
/home/student/Downloads/imagenet_ai_0419_biggan/train/nature/n01518878_1496.JPEG,0,0.0000,0
/home/student/Downloads/imagenet_ai_0419_biggan/train/nature/n01518878_15817.JPEG,0,0.0000,0
/home/student/Downloads/imagenet_ai_0419_biggan/train/nature/n01518878_1612.JPEG,0,0.0000,0
/home/student/Downloads/imagenet_ai_0419_biggan/train/nature/n01518878_16422.JPEG,0,0.0000,0
/home/student/Downloads/imagenet_ai_0419_biggan/train/nature/n01518878_1697.JPEG,0,0.9504,1
/home/student/Downloads/imagenet_ai_0419_biggan/train/nature/n01518878_1724.JPEG,0,0.0003,0
/home/student/Downloads/imagenet_ai_0419_biggan/train/nature/n01518878_17671.JPEG,0,0.0000,0
/home/student/Downloads/imagenet_ai_0419_biggan/train/nature/n01518878_17832.JPEG,0,0.0000,0
/home/student/Downloads/imagenet_ai_0419_biggan/train/nature/n01518878_1894.JPEG,0,0.0000,0
/home/student/Downloads/imagenet_ai_0419_biggan/train/nature/n01518878_19101.JPEG,0,0.0000,0
/home/student/Downloads/imagenet_ai_0419_biggan/train/nature/n01518878_1961.JPEG,0,0.0000,0
/home/student/Downloads/imagenet_ai_0419_biggan/train/nature/n01518878_1973.JPEG,0,0.0000,0
/home/student/Downloads/imagenet_ai_0419_biggan/train/nature/n01518878_19788.JPEG,0,0.0000,0
/home/student/Downloads/imagenet_ai_0419_biggan/train/nature/n01518878_19963.JPEG,0,0.0000,0
/home/student/Downloads/imagenet_ai_0419_biggan/train/nature/n01518878_202.JPEG,0,0.0001,0
/home/student/Downloads/imagenet_ai_0419_biggan/train/nature/n01518878_20433.JPEG,0,0.0000,0
/home/student/Downloads/imagenet_ai_0419_biggan/train/nature/n01518878_20727.JPEG,0,0.6163,1
/home/student/Downloads/imagenet_ai_0419_biggan/train/nature/n01518878_2102.JPEG,0,0.0000,0
/home/student/Downloads/imagenet_ai_0419_biggan/train/nature/n01518878_2109.JPEG,0,0.0000,0
/home/student/Downloads/imagenet_ai_0419_biggan/train/nature/n01518878_2125.JPEG,0,0.0000,0
/home/student/Downloads/imagenet_ai_0419_biggan/train/nature/n01518878_213.JPEG,0,0.0109,0
/home/student/Downloads/imagenet_ai_0419_biggan/train/nature/n01518878_21427.JPEG,0,0.0000,0
/home/student/Downloads/imagenet_ai_0419_biggan/train/nature/n01518878_2162.JPEG,0,0.0000,0
/home/student/Downloads/imagenet_ai_0419_biggan/train/nature/n01518878_21649.JPEG,0,0.0000,0
/home/student/Downloads/imagenet_ai_0419_biggan/train/nature/n01518878_2213.JPEG,0,0.0000,0
/home/student/Downloads/imagenet_ai_0419_biggan/train/nature/n01518878_22203.JPEG,0,0.0000,0
/home/student/Downloads/imagenet_ai_0419_biggan/train/nature/n01518878_2247.JPEG,0,0.0000,0
/home/student/Downloads/imagenet_ai_0419_biggan/train/nature/n01518878_2253.JPEG,0,0.0000,0
/home/student/Downloads/imagenet_ai_0419_biggan/train/nature/n01518878_2367.JPEG,0,0.0005,0
/home/student/Downloads/imagenet_ai_0419_biggan/train/nature/n01518878_23790.JPEG,0,0.0004,0
/home/student/Downloads/imagenet_ai_0419_biggan/train/nature/n01518878_23969.JPEG,0,0.0000,0
/home/student/Downloads/imagenet_ai_0419_biggan/train/nature/n01518878_241.JPEG,0,0.0003,0
/home/student/Downloads/imagenet_ai_0419_biggan/train/nature/n01518878_24153.JPEG,0,0.0000,0
/home/student/Downloads/imagenet_ai_0419_biggan/train/nature/n01518878_24309.JPEG,0,0.0000,0
/home/student/Downloads/imagenet_ai_0419_biggan/train/nature/n01518878_24879.JPEG,0,0.0780,0
/home/student/Downloads/imagenet_ai_0419_biggan/train/nature/n01518878_26022.JPEG,0,0.0000,0
/home/student/Downloads/imagenet_ai_0419_biggan/train/nature/n01518878_2624.JPEG,0,0.0000,0
/home/student/Downloads/imagenet_ai_0419_biggan/train/nature/n01518878_2629.JPEG,0,0.0003,0
/home/student/Downloads/imagenet_ai_0419_biggan/train/nature/n01518878_2683.JPEG,0,0.0000,0
/home/student/Downloads/imagenet_ai_0419_biggan/train/nature/n01518878_27155.JPEG,0,0.0000,0
/home/student/Downloads/imagenet_ai_0419_biggan/train/nature/n01518878_27338.JPEG,0,0.0000,0
/home/student/Downloads/imagenet_ai_0419_biggan/train/nature/n01518878_2795.JPEG,0,0.8993,1
/home/student/Downloads/imagenet_ai_0419_biggan/train/nature/n01518878_28069.JPEG,0,0.0067,0
/home/student/Downloads/imagenet_ai_0419_biggan/train/nature/n01518878_2813.JPEG,0,0.0001,0
/home/student/Downloads/imagenet_ai_0419_biggan/train/nature/n01518878_2843.JPEG,0,0.0000,0
/home/student/Downloads/imagenet_ai_0419_biggan/train/nature/n01518878_28696.JPEG,0,0.0000,0
/home/student/Downloads/imagenet_ai_0419_biggan/train/nature/n01518878_2871.JPEG,0,0.0158,0
/home/student/Downloads/imagenet_ai_0419_biggan/train/nature/n01518878_28751.JPEG,0,0.0002,0
/home/student/Downloads/imagenet_ai_0419_biggan/train/nature/n01518878_288.JPEG,0,0.0000,0
/home/student/Downloads/imagenet_ai_0419_biggan/train/nature/n01518878_2934.JPEG,0,0.0000,0
/home/student/Downloads/imagenet_ai_0419_biggan/train/nature/n01518878_2970.JPEG,0,0.0000,0
/home/student/Downloads/imagenet_ai_0419_biggan/train/nature/n01518878_29741.JPEG,0,0.0149,0
/home/student/Downloads/imagenet_ai_0419_biggan/train/nature/n01518878_30091.JPEG,0,0.0007,0
/home/student/Downloads/imagenet_ai_0419_biggan/train/nature/n01518878_302.JPEG,0,0.0001,0
/home/student/Downloads/imagenet_ai_0419_biggan/train/nature/n01518878_3030.JPEG,0,0.0036,0
/home/student/Downloads/imagenet_ai_0419_biggan/train/nature/n01518878_30898.JPEG,0,0.0013,0
/home/student/Downloads/imagenet_ai_0419_biggan/train/nature/n01518878_31706.JPEG,0,0.0000,0
/home/student/Downloads/imagenet_ai_0419_biggan/train/nature/n01518878_3236.JPEG,0,0.0014,0
/home/student/Downloads/imagenet_ai_0419_biggan/train/nature/n01518878_3287.JPEG,0,0.0000,0
/home/student/Downloads/imagenet_ai_0419_biggan/train/nature/n01518878_33246.JPEG,0,0.1358,0
/home/student/Downloads/imagenet_ai_0419_biggan/train/nature/n01518878_33412.JPEG,0,0.0005,0
/home/student/Downloads/imagenet_ai_0419_biggan/train/nature/n01518878_33792.JPEG,0,0.0004,0
/home/student/Downloads/imagenet_ai_0419_biggan/train/nature/n01518878_34012.JPEG,0,0.0000,0
/home/student/Downloads/imagenet_ai_0419_biggan/train/nature/n01518878_3436.JPEG,0,0.0000,0
/home/student/Downloads/imagenet_ai_0419_biggan/train/nature/n01518878_345.JPEG,0,0.0000,0
/home/student/Downloads/imagenet_ai_0419_biggan/train/nature/n01518878_3500.JPEG,0,0.0000,0
/home/student/Downloads/imagenet_ai_0419_biggan/train/nature/n01518878_35601.JPEG,0,0.0000,0
/home/student/Downloads/imagenet_ai_0419_biggan/train/nature/n01518878_35692.JPEG,0,0.0000,0
/home/student/Downloads/imagenet_ai_0419_biggan/train/nature/n01518878_3575.JPEG,0,0.0000,0
/home/student/Downloads/imagenet_ai_0419_biggan/train/nature/n01518878_36217.JPEG,0,0.0000,0
/home/student/Downloads/imagenet_ai_0419_biggan/train/nature/n01518878_36381.JPEG,0,0.0003,0
/home/student/Downloads/imagenet_ai_0419_biggan/train/nature/n01518878_36742.JPEG,0,0.0001,0
/home/student/Downloads/imagenet_ai_0419_biggan/train/nature/n01518878_372.JPEG,0,0.0000,0
/home/student/Downloads/imagenet_ai_0419_biggan/train/nature/n01518878_37521.JPEG,0,0.0001,0
/home/student/Downloads/imagenet_ai_0419_biggan/train/nature/n01518878_3780.JPEG,0,0.0008,0
/home/student/Downloads/imagenet_ai_0419_biggan/train/nature/n01518878_37859.JPEG,0,0.0578,0
/home/student/Downloads/imagenet_ai_0419_biggan/train/nature/n01518878_3788.JPEG,0,0.0000,0
/home/student/Downloads/imagenet_ai_0419_biggan/train/nature/n01518878_3898.JPEG,0,0.0076,0
/home/student/Downloads/imagenet_ai_0419_biggan/train/nature/n01518878_3957.JPEG,0,0.0000,0
/home/student/Downloads/imagenet_ai_0419_biggan/train/nature/n01518878_40197.JPEG,0,0.9768,1
/home/student/Downloads/imagenet_ai_0419_biggan/train/nature/n01518878_40342.JPEG,0,0.0000,0
/home/student/Downloads/imagenet_ai_0419_biggan/train/nature/n01518878_4036.JPEG,0,0.0000,0
/home/student/Downloads/imagenet_ai_0419_biggan/train/nature/n01518878_4051.JPEG,0,0.0000,0
/home/student/Downloads/imagenet_ai_0419_biggan/train/nature/n01518878_4119.JPEG,0,0.0000,0
/home/student/Downloads/imagenet_ai_0419_biggan/train/nature/n01518878_41367.JPEG,0,0.0019,0
/home/student/Downloads/imagenet_ai_0419_biggan/train/nature/n01518878_4166.JPEG,0,0.0000,0
/home/student/Downloads/imagenet_ai_0419_biggan/train/nature/n01518878_4173.JPEG,0,0.0003,0
/home/student/Downloads/imagenet_ai_0419_biggan/train/nature/n01518878_41921.JPEG,0,0.0000,0
/home/student/Downloads/imagenet_ai_0419_biggan/train/nature/n01518878_4197.JPEG,0,0.0002,0
/home/student/Downloads/imagenet_ai_0419_biggan/train/nature/n01518878_42327.JPEG,0,0.0001,0
/home/student/Downloads/imagenet_ai_0419_biggan/train/nature/n01518878_4275.JPEG,0,0.0000,0
/home/student/Downloads/imagenet_ai_0419_biggan/train/nature/n01518878_4305.JPEG,0,0.1114,0
/home/student/Downloads/imagenet_ai_0419_biggan/train/nature/n01518878_4336.JPEG,0,0.0000,0
/home/student/Downloads/imagenet_ai_0419_biggan/train/nature/n01518878_4395.JPEG,0,0.0002,0
/home/student/Downloads/imagenet_ai_0419_biggan/train/nature/n01518878_4430.JPEG,0,0.0000,0
/home/student/Downloads/imagenet_ai_0419_biggan/train/nature/n01518878_4453.JPEG,0,0.9224,1
/home/student/Downloads/imagenet_ai_0419_biggan/train/nature/n01518878_4494.JPEG,0,0.0000,0
/home/student/Downloads/imagenet_ai_0419_biggan/train/nature/n01518878_4542.JPEG,0,0.0000,0
/home/student/Downloads/imagenet_ai_0419_biggan/train/nature/n01518878_4636.JPEG,0,0.0003,0
/home/student/Downloads/imagenet_ai_0419_biggan/train/nature/n01518878_4702.JPEG,0,0.0484,0
/home/student/Downloads/imagenet_ai_0419_biggan/train/nature/n01518878_4735.JPEG,0,0.0000,0
/home/student/Downloads/imagenet_ai_0419_biggan/train/nature/n01518878_4778.JPEG,0,0.0014,0
/home/student/Downloads/imagenet_ai_0419_biggan/train/nature/n01518878_4829.JPEG,0,0.0000,0
/home/student/Downloads/imagenet_ai_0419_biggan/train/nature/n01518878_4856.JPEG,0,0.0000,0
/home/student/Downloads/imagenet_ai_0419_biggan/train/nature/n01518878_4922.JPEG,0,0.0000,0
/home/student/Downloads/imagenet_ai_0419_biggan/train/nature/n01518878_5148.JPEG,0,0.0000,0
/home/student/Downloads/imagenet_ai_0419_biggan/train/nature/n01518878_5228.JPEG,0,0.0003,0
/home/student/Downloads/imagenet_ai_0419_biggan/train/nature/n01518878_5269.JPEG,0,0.0044,0
/home/student/Downloads/imagenet_ai_0419_biggan/train/nature/n01518878_5288.JPEG,0,0.0001,0
/home/student/Downloads/imagenet_ai_0419_biggan/train/nature/n01518878_5437.JPEG,0,0.0000,0
/home/student/Downloads/imagenet_ai_0419_biggan/train/nature/n01518878_5576.JPEG,0,0.0000,0
/home/student/Downloads/imagenet_ai_0419_biggan/train/nature/n01518878_5634.JPEG,0,0.0002,0
/home/student/Downloads/imagenet_ai_0419_biggan/train/nature/n01518878_5775.JPEG,0,0.0000,0
/home/student/Downloads/imagenet_ai_0419_biggan/train/nature/n01518878_5780.JPEG,0,0.0000,0
/home/student/Downloads/imagenet_ai_0419_biggan/train/nature/n01518878_6003.JPEG,0,0.0000,0
/home/student/Downloads/imagenet_ai_0419_biggan/train/nature/n01518878_6113.JPEG,0,0.0000,0
/home/student/Downloads/imagenet_ai_0419_biggan/train/nature/n01518878_6143.JPEG,0,0.0000,0
/home/student/Downloads/imagenet_ai_0419_biggan/train/nature/n01518878_6224.JPEG,0,0.0000,0
/home/student/Downloads/imagenet_ai_0419_biggan/train/nature/n01518878_6392.JPEG,0,0.0000,0
/home/student/Downloads/imagenet_ai_0419_biggan/train/nature/n01518878_6663.JPEG,0,0.0001,0
/home/student/Downloads/imagenet_ai_0419_biggan/train/nature/n01518878_6980.JPEG,0,0.0000,0
/home/student/Downloads/imagenet_ai_0419_biggan/train/nature/n01518878_7092.JPEG,0,0.0109,0
/home/student/Downloads/imagenet_ai_0419_biggan/train/nature/n01518878_7156.JPEG,0,0.0000,0
/home/student/Downloads/imagenet_ai_0419_biggan/train/nature/n01518878_7463.JPEG,0,0.0000,0
/home/student/Downloads/imagenet_ai_0419_biggan/train/nature/n01518878_7621.JPEG,0,0.0000,0
/home/student/Downloads/imagenet_ai_0419_biggan/train/nature/n01518878_7659.JPEG,0,0.0003,0
/home/student/Downloads/imagenet_ai_0419_biggan/train/nature/n01518878_7950.JPEG,0,0.0002,0
/home/student/Downloads/imagenet_ai_0419_biggan/train/nature/n01518878_827.JPEG,0,0.0644,0
/home/student/Downloads/imagenet_ai_0419_biggan/train/nature/n01518878_836.JPEG,0,0.0000,0
/home/student/Downloads/imagenet_ai_0419_biggan/train/nature/n01518878_894.JPEG,0,0.0000,0
/home/student/Downloads/imagenet_ai_0419_biggan/train/nature/n01518878_9097.JPEG,0,0.0000,0
/home/student/Downloads/imagenet_ai_0419_biggan/train/nature/n01518878_914.JPEG,0,0.0002,0
/home/student/Downloads/imagenet_ai_0419_biggan/train/nature/n01518878_9309.JPEG,0,0.0000,0
/home/student/Downloads/imagenet_ai_0419_biggan/train/nature/n01518878_9339.JPEG,0,0.0000,0
/home/student/Downloads/imagenet_ai_0419_biggan/train/nature/n01518878_94.JPEG,0,0.0000,0
/home/student/Downloads/imagenet_ai_0419_biggan/train/nature/n01518878_9567.JPEG,0,0.0005,0
/home/student/Downloads/imagenet_ai_0419_biggan/train/nature/n01518878_989.JPEG,0,0.0000,0
/home/student/Downloads/imagenet_ai_0419_biggan/train/nature/n01530575_10018.JPEG,0,0.0000,0
/home/student/Downloads/imagenet_ai_0419_biggan/train/nature/n01530575_10021.JPEG,0,0.0009,0
/home/student/Downloads/imagenet_ai_0419_biggan/train/nature/n01530575_10042.JPEG,0,0.0368,0
/home/student/Downloads/imagenet_ai_0419_biggan/train/nature/n01530575_10060.JPEG,0,0.0001,0
/home/student/Downloads/imagenet_ai_0419_biggan/train/nature/n01530575_10102.JPEG,0,0.1302,0
/home/student/Downloads/imagenet_ai_0419_biggan/train/nature/n01530575_10109.JPEG,0,0.0001,0
/home/student/Downloads/imagenet_ai_0419_biggan/train/nature/n01530575_10174.JPEG,0,0.0020,0
/home/student/Downloads/imagenet_ai_0419_biggan/train/nature/n01530575_10179.JPEG,0,0.0004,0
/home/student/Downloads/imagenet_ai_0419_biggan/train/nature/n01530575_10187.JPEG,0,0.0578,0
/home/student/Downloads/imagenet_ai_0419_biggan/train/nature/n01530575_10188.JPEG,0,0.0005,0
/home/student/Downloads/imagenet_ai_0419_biggan/train/nature/n01530575_10193.JPEG,0,0.0000,0
/home/student/Downloads/imagenet_ai_0419_biggan/train/nature/n01530575_10214.JPEG,0,0.0000,0
/home/student/Downloads/imagenet_ai_0419_biggan/train/nature/n01530575_10221.JPEG,0,0.0000,0
/home/student/Downloads/imagenet_ai_0419_biggan/train/nature/n01530575_10232.JPEG,0,0.0000,0
/home/student/Downloads/imagenet_ai_0419_biggan/train/nature/n01530575_10270.JPEG,0,0.0002,0
/home/student/Downloads/imagenet_ai_0419_biggan/train/nature/n01530575_10276.JPEG,0,0.0000,0
/home/student/Downloads/imagenet_ai_0419_biggan/train/nature/n01530575_10290.JPEG,0,0.0007,0
/home/student/Downloads/imagenet_ai_0419_biggan/train/nature/n01530575_10291.JPEG,0,0.0148,0
/home/student/Downloads/imagenet_ai_0419_biggan/train/nature/n01530575_10292.JPEG,0,0.0002,0
/home/student/Downloads/imagenet_ai_0419_biggan/train/nature/n01530575_10338.JPEG,0,0.1913,0
/home/student/Downloads/imagenet_ai_0419_biggan/train/nature/n01530575_10365.JPEG,0,0.0000,0
/home/student/Downloads/imagenet_ai_0419_biggan/train/nature/n01530575_10367.JPEG,0,0.0014,0
/home/student/Downloads/imagenet_ai_0419_biggan/train/nature/n01530575_1040.JPEG,0,0.0001,0
/home/student/Downloads/imagenet_ai_0419_biggan/train/nature/n01530575_10414.JPEG,0,0.0136,0
/home/student/Downloads/imagenet_ai_0419_biggan/train/nature/n01530575_10427.JPEG,0,0.0018,0
/home/student/Downloads/imagenet_ai_0419_biggan/train/nature/n01530575_10475.JPEG,0,0.0374,0
/home/student/Downloads/imagenet_ai_0419_biggan/train/nature/n01530575_10505.JPEG,0,0.0000,0
/home/student/Downloads/imagenet_ai_0419_biggan/train/nature/n01530575_10527.JPEG,0,0.0005,0
/home/student/Downloads/imagenet_ai_0419_biggan/train/nature/n01530575_10531.JPEG,0,0.0000,0
/home/student/Downloads/imagenet_ai_0419_biggan/train/nature/n01530575_10535.JPEG,0,0.0001,0
/home/student/Downloads/imagenet_ai_0419_biggan/train/nature/n01530575_10542.JPEG,0,0.0005,0
/home/student/Downloads/imagenet_ai_0419_biggan/train/nature/n01530575_10566.JPEG,0,0.0000,0
/home/student/Downloads/imagenet_ai_0419_biggan/train/nature/n01530575_10570.JPEG,0,0.0000,0
/home/student/Downloads/imagenet_ai_0419_biggan/train/nature/n01530575_10610.JPEG,0,0.0000,0
/home/student/Downloads/imagenet_ai_0419_biggan/train/nature/n01530575_10614.JPEG,0,0.0062,0
/home/student/Downloads/imagenet_ai_0419_biggan/train/nature/n01530575_10660.JPEG,0,0.0000,0
/home/student/Downloads/imagenet_ai_0419_biggan/train/nature/n01530575_10674.JPEG,0,0.0016,0
/home/student/Downloads/imagenet_ai_0419_biggan/train/nature/n01530575_10682.JPEG,0,0.0017,0
/home/student/Downloads/imagenet_ai_0419_biggan/train/nature/n01530575_10683.JPEG,0,0.0001,0
/home/student/Downloads/imagenet_ai_0419_biggan/train/nature/n01530575_10703.JPEG,0,0.0002,0
/home/student/Downloads/imagenet_ai_0419_biggan/train/nature/n01530575_10704.JPEG,0,0.0000,0
/home/student/Downloads/imagenet_ai_0419_biggan/train/nature/n01530575_1139.JPEG,0,0.0049,0
/home/student/Downloads/imagenet_ai_0419_biggan/train/nature/n01530575_1278.JPEG,0,0.0000,0
/home/student/Downloads/imagenet_ai_0419_biggan/train/nature/n01530575_1310.JPEG,0,0.0000,0
/home/student/Downloads/imagenet_ai_0419_biggan/train/nature/n01530575_1395.JPEG,0,0.0001,0
/home/student/Downloads/imagenet_ai_0419_biggan/train/nature/n01530575_14402.JPEG,0,0.0000,0
/home/student/Downloads/imagenet_ai_0419_biggan/train/nature/n01530575_1671.JPEG,0,0.3242,0
/home/student/Downloads/imagenet_ai_0419_biggan/train/nature/n01530575_1682.JPEG,0,0.0001,0
/home/student/Downloads/imagenet_ai_0419_biggan/train/nature/n01530575_2012.JPEG,0,0.0000,0
/home/student/Downloads/imagenet_ai_0419_biggan/train/nature/n01530575_2120.JPEG,0,0.0000,0
/home/student/Downloads/imagenet_ai_0419_biggan/train/nature/n01530575_22707.JPEG,0,0.6513,1
/home/student/Downloads/imagenet_ai_0419_biggan/train/nature/n01530575_2343.JPEG,0,0.0000,0
/home/student/Downloads/imagenet_ai_0419_biggan/train/nature/n01530575_2356.JPEG,0,0.0000,0
/home/student/Downloads/imagenet_ai_0419_biggan/train/nature/n01530575_2365.JPEG,0,0.0000,0
/home/student/Downloads/imagenet_ai_0419_biggan/train/nature/n01530575_241.JPEG,0,0.0005,0
/home/student/Downloads/imagenet_ai_0419_biggan/train/nature/n01530575_24155.JPEG,0,0.0000,0
/home/student/Downloads/imagenet_ai_0419_biggan/train/nature/n01530575_2480.JPEG,0,0.0000,0
/home/student/Downloads/imagenet_ai_0419_biggan/train/nature/n01530575_2536.JPEG,0,0.0008,0
/home/student/Downloads/imagenet_ai_0419_biggan/train/nature/n01530575_2541.JPEG,0,0.0000,0
/home/student/Downloads/imagenet_ai_0419_biggan/train/nature/n01530575_2548.JPEG,0,0.0005,0
/home/student/Downloads/imagenet_ai_0419_biggan/train/nature/n01530575_26165.JPEG,0,0.0012,0
/home/student/Downloads/imagenet_ai_0419_biggan/train/nature/n01530575_2647.JPEG,0,0.0000,0
/home/student/Downloads/imagenet_ai_0419_biggan/train/nature/n01530575_2685.JPEG,0,0.0000,0
/home/student/Downloads/imagenet_ai_0419_biggan/train/nature/n01530575_273.JPEG,0,0.0000,0
/home/student/Downloads/imagenet_ai_0419_biggan/train/nature/n01530575_27582.JPEG,0,0.0000,0
/home/student/Downloads/imagenet_ai_0419_biggan/train/nature/n01530575_2846.JPEG,0,0.0610,0
/home/student/Downloads/imagenet_ai_0419_biggan/train/nature/n01530575_2976.JPEG,0,0.0001,0
/home/student/Downloads/imagenet_ai_0419_biggan/train/nature/n01530575_2990.JPEG,0,0.0001,0
/home/student/Downloads/imagenet_ai_0419_biggan/train/nature/n01530575_3005.JPEG,0,0.0000,0
/home/student/Downloads/imagenet_ai_0419_biggan/train/nature/n01530575_3026.JPEG,0,0.0000,0
/home/student/Downloads/imagenet_ai_0419_biggan/train/nature/n01530575_3047.JPEG,0,0.0009,0
/home/student/Downloads/imagenet_ai_0419_biggan/train/nature/n01530575_3067.JPEG,0,0.0000,0
/home/student/Downloads/imagenet_ai_0419_biggan/train/nature/n01530575_3111.JPEG,0,0.0000,0
/home/student/Downloads/imagenet_ai_0419_biggan/train/nature/n01530575_3163.JPEG,0,0.0035,0
/home/student/Downloads/imagenet_ai_0419_biggan/train/nature/n01530575_3196.JPEG,0,0.0000,0
/home/student/Downloads/imagenet_ai_0419_biggan/train/nature/n01530575_320.JPEG,0,0.0003,0
/home/student/Downloads/imagenet_ai_0419_biggan/train/nature/n01530575_32059.JPEG,0,0.0001,0
/home/student/Downloads/imagenet_ai_0419_biggan/train/nature/n01530575_3308.JPEG,0,0.0000,0
/home/student/Downloads/imagenet_ai_0419_biggan/train/nature/n01530575_33698.JPEG,0,0.0000,0
/home/student/Downloads/imagenet_ai_0419_biggan/train/nature/n01530575_34002.JPEG,0,0.0000,0
/home/student/Downloads/imagenet_ai_0419_biggan/train/nature/n01530575_34128.JPEG,0,0.0087,0
/home/student/Downloads/imagenet_ai_0419_biggan/train/nature/n01530575_36254.JPEG,0,0.0000,0
/home/student/Downloads/imagenet_ai_0419_biggan/train/nature/n01530575_37030.JPEG,0,0.0002,0
/home/student/Downloads/imagenet_ai_0419_biggan/train/nature/n01530575_3721.JPEG,0,0.0000,0
/home/student/Downloads/imagenet_ai_0419_biggan/train/nature/n01530575_376.JPEG,0,0.0000,0
/home/student/Downloads/imagenet_ai_0419_biggan/train/nature/n01530575_3774.JPEG,0,0.0039,0
/home/student/Downloads/imagenet_ai_0419_biggan/train/nature/n01530575_38212.JPEG,0,0.0000,0
/home/student/Downloads/imagenet_ai_0419_biggan/train/nature/n01530575_38882.JPEG,0,0.0000,0
/home/student/Downloads/imagenet_ai_0419_biggan/train/nature/n01530575_38903.JPEG,0,0.0000,0
/home/student/Downloads/imagenet_ai_0419_biggan/train/nature/n01530575_39442.JPEG,0,0.9398,1
/home/student/Downloads/imagenet_ai_0419_biggan/train/nature/n01530575_39602.JPEG,0,0.0000,0
/home/student/Downloads/imagenet_ai_0419_biggan/train/nature/n01530575_39868.JPEG,0,0.0000,0
/home/student/Downloads/imagenet_ai_0419_biggan/train/nature/n01530575_40421.JPEG,0,0.0000,0
/home/student/Downloads/imagenet_ai_0419_biggan/train/nature/n01530575_4117.JPEG,0,0.0006,0
/home/student/Downloads/imagenet_ai_0419_biggan/train/nature/n01530575_41463.JPEG,0,0.0002,0
/home/student/Downloads/imagenet_ai_0419_biggan/train/nature/n01530575_4180.JPEG,0,0.0000,0
/home/student/Downloads/imagenet_ai_0419_biggan/train/nature/n01530575_4497.JPEG,0,0.0000,0
/home/student/Downloads/imagenet_ai_0419_biggan/train/nature/n01530575_4545.JPEG,0,0.0000,0
/home/student/Downloads/imagenet_ai_0419_biggan/train/nature/n01530575_4572.JPEG,0,0.0000,0
/home/student/Downloads/imagenet_ai_0419_biggan/train/nature/n01530575_4581.JPEG,0,0.0004,0
/home/student/Downloads/imagenet_ai_0419_biggan/train/nature/n01530575_4860.JPEG,0,0.0000,0
/home/student/Downloads/imagenet_ai_0419_biggan/train/nature/n01530575_4861.JPEG,0,0.0001,0
/home/student/Downloads/imagenet_ai_0419_biggan/train/nature/n01530575_4867.JPEG,0,0.0000,0
/home/student/Downloads/imagenet_ai_0419_biggan/train/nature/n01530575_5013.JPEG,0,0.0000,0
/home/student/Downloads/imagenet_ai_0419_biggan/train/nature/n01530575_5039.JPEG,0,0.0000,0
/home/student/Downloads/imagenet_ai_0419_biggan/train/nature/n01530575_5204.JPEG,0,0.0000,0
/home/student/Downloads/imagenet_ai_0419_biggan/train/nature/n01530575_5248.JPEG,0,0.0006,0
/home/student/Downloads/imagenet_ai_0419_biggan/train/nature/n01530575_5400.JPEG,0,0.0000,0
/home/student/Downloads/imagenet_ai_0419_biggan/train/nature/n01530575_5429.JPEG,0,0.7893,1
/home/student/Downloads/imagenet_ai_0419_biggan/train/nature/n01530575_5433.JPEG,0,0.0000,0
/home/student/Downloads/imagenet_ai_0419_biggan/train/nature/n01530575_545.JPEG,0,0.0005,0
/home/student/Downloads/imagenet_ai_0419_biggan/train/nature/n01530575_5454.JPEG,0,0.0000,0
/home/student/Downloads/imagenet_ai_0419_biggan/train/nature/n01530575_5561.JPEG,0,0.0000,0
/home/student/Downloads/imagenet_ai_0419_biggan/train/nature/n01530575_5675.JPEG,0,0.0302,0
/home/student/Downloads/imagenet_ai_0419_biggan/train/nature/n01530575_5933.JPEG,0,0.0000,0
/home/student/Downloads/imagenet_ai_0419_biggan/train/nature/n01530575_5970.JPEG,0,0.0000,0
/home/student/Downloads/imagenet_ai_0419_biggan/train/nature/n01530575_6062.JPEG,0,0.0036,0
/home/student/Downloads/imagenet_ai_0419_biggan/train/nature/n01530575_6069.JPEG,0,0.0000,0
/home/student/Downloads/imagenet_ai_0419_biggan/train/nature/n01530575_6071.JPEG,0,0.0000,0
/home/student/Downloads/imagenet_ai_0419_biggan/train/nature/n01530575_6106.JPEG,0,0.0037,0
/home/student/Downloads/imagenet_ai_0419_biggan/train/nature/n01530575_6108.JPEG,0,0.0000,0
/home/student/Downloads/imagenet_ai_0419_biggan/train/nature/n01530575_616.JPEG,0,0.0001,0
/home/student/Downloads/imagenet_ai_0419_biggan/train/nature/n01530575_6199.JPEG,0,0.0000,0
/home/student/Downloads/imagenet_ai_0419_biggan/train/nature/n01530575_6241.JPEG,0,0.0655,0
/home/student/Downloads/imagenet_ai_0419_biggan/train/nature/n01530575_6700.JPEG,0,0.0000,0
/home/student/Downloads/imagenet_ai_0419_biggan/train/nature/n01530575_6710.JPEG,0,0.0000,0
/home/student/Downloads/imagenet_ai_0419_biggan/train/nature/n01530575_6733.JPEG,0,0.0000,0
/home/student/Downloads/imagenet_ai_0419_biggan/train/nature/n01530575_6859.JPEG,0,0.0007,0
/home/student/Downloads/imagenet_ai_0419_biggan/train/nature/n01530575_6915.JPEG,0,0.0000,0
/home/student/Downloads/imagenet_ai_0419_biggan/train/nature/n01530575_6941.JPEG,0,0.0001,0
/home/student/Downloads/imagenet_ai_0419_biggan/train/nature/n01530575_7101.JPEG,0,0.0025,0
/home/student/Downloads/imagenet_ai_0419_biggan/train/nature/n01530575_7173.JPEG,0,0.0000,0
/home/student/Downloads/imagenet_ai_0419_biggan/train/nature/n01530575_7198.JPEG,0,0.0000,0
/home/student/Downloads/imagenet_ai_0419_biggan/train/nature/n01530575_7205.JPEG,0,0.0002,0
/home/student/Downloads/imagenet_ai_0419_biggan/train/nature/n01530575_73.JPEG,0,0.0001,0
/home/student/Downloads/imagenet_ai_0419_biggan/train/nature/n01530575_7339.JPEG,0,0.0001,0
/home/student/Downloads/imagenet_ai_0419_biggan/train/nature/n01530575_735.JPEG,0,0.0000,0
/home/student/Downloads/imagenet_ai_0419_biggan/train/nature/n01530575_7405.JPEG,0,0.0001,0
/home/student/Downloads/imagenet_ai_0419_biggan/train/nature/n01530575_751.JPEG,0,0.9256,1
/home/student/Downloads/imagenet_ai_0419_biggan/train/nature/n01530575_7696.JPEG,0,0.0000,0
/home/student/Downloads/imagenet_ai_0419_biggan/train/nature/n01530575_7828.JPEG,0,0.0002,0
/home/student/Downloads/imagenet_ai_0419_biggan/train/nature/n01530575_7904.JPEG,0,0.0000,0
/home/student/Downloads/imagenet_ai_0419_biggan/train/nature/n01530575_808.JPEG,0,0.0003,0
/home/student/Downloads/imagenet_ai_0419_biggan/train/nature/n01530575_8169.JPEG,0,0.0000,0
/home/student/Downloads/imagenet_ai_0419_biggan/train/nature/n01530575_8231.JPEG,0,0.0001,0
/home/student/Downloads/imagenet_ai_0419_biggan/train/nature/n01530575_8360.JPEG,0,0.0000,0
/home/student/Downloads/imagenet_ai_0419_biggan/train/nature/n01530575_8436.JPEG,0,0.0276,0
/home/student/Downloads/imagenet_ai_0419_biggan/train/nature/n01530575_8596.JPEG,0,0.0202,0
/home/student/Downloads/imagenet_ai_0419_biggan/train/nature/n01530575_8726.JPEG,0,0.0000,0
/home/student/Downloads/imagenet_ai_0419_biggan/train/nature/n01530575_893.JPEG,0,0.0054,0
/home/student/Downloads/imagenet_ai_0419_biggan/train/nature/n01530575_8952.JPEG,0,0.0002,0
/home/student/Downloads/imagenet_ai_0419_biggan/train/nature/n01530575_9081.JPEG,0,0.0001,0
/home/student/Downloads/imagenet_ai_0419_biggan/train/nature/n01530575_9144.JPEG,0,1.0000,1
/home/student/Downloads/imagenet_ai_0419_biggan/train/nature/n01530575_9349.JPEG,0,0.0000,0
/home/student/Downloads/imagenet_ai_0419_biggan/train/nature/n01530575_9527.JPEG,0,0.0007,0
/home/student/Downloads/imagenet_ai_0419_biggan/train/nature/n01530575_957.JPEG,0,0.0000,0
/home/student/Downloads/imagenet_ai_0419_biggan/train/nature/n01530575_9726.JPEG,0,0.0011,0
/home/student/Downloads/imagenet_ai_0419_biggan/train/nature/n01530575_9796.JPEG,0,0.0003,0
/home/student/Downloads/imagenet_ai_0419_biggan/train/nature/n01530575_9806.JPEG,0,0.0000,0
/home/student/Downloads/imagenet_ai_0419_biggan/train/nature/n01530575_983.JPEG,0,0.0228,0
/home/student/Downloads/imagenet_ai_0419_biggan/train/nature/n01530575_9911.JPEG,0,0.0014,0
/home/student/Downloads/imagenet_ai_0419_biggan/train/nature/n01530575_9954.JPEG,0,0.0000,0
/home/student/Downloads/imagenet_ai_0419_biggan/train/nature/n01531178_10271.JPEG,0,0.0000,0
/home/student/Downloads/imagenet_ai_0419_biggan/train/nature/n01531178_10306.JPEG,0,0.0004,0
/home/student/Downloads/imagenet_ai_0419_biggan/train/nature/n01531178_10755.JPEG,0,0.0000,0
/home/student/Downloads/imagenet_ai_0419_biggan/train/nature/n01531178_10849.JPEG,0,0.0003,0
/home/student/Downloads/imagenet_ai_0419_biggan/train/nature/n01531178_10860.JPEG,0,0.0010,0
/home/student/Downloads/imagenet_ai_0419_biggan/train/nature/n01531178_1090.JPEG,0,0.0002,0
/home/student/Downloads/imagenet_ai_0419_biggan/train/nature/n01531178_10919.JPEG,0,0.1365,0
/home/student/Downloads/imagenet_ai_0419_biggan/train/nature/n01531178_10923.JPEG,0,0.0087,0
/home/student/Downloads/imagenet_ai_0419_biggan/train/nature/n01531178_11006.JPEG,0,0.0077,0
/home/student/Downloads/imagenet_ai_0419_biggan/train/nature/n01531178_11181.JPEG,0,0.0000,0
/home/student/Downloads/imagenet_ai_0419_biggan/train/nature/n01531178_11325.JPEG,0,0.0000,0
/home/student/Downloads/imagenet_ai_0419_biggan/train/nature/n01531178_11451.JPEG,0,0.0201,0
/home/student/Downloads/imagenet_ai_0419_biggan/train/nature/n01531178_11794.JPEG,0,0.0000,0
/home/student/Downloads/imagenet_ai_0419_biggan/train/nature/n01531178_11972.JPEG,0,0.0002,0
/home/student/Downloads/imagenet_ai_0419_biggan/train/nature/n01531178_12066.JPEG,0,0.9680,1
/home/student/Downloads/imagenet_ai_0419_biggan/train/nature/n01531178_1222.JPEG,0,0.0000,0
/home/student/Downloads/imagenet_ai_0419_biggan/train/nature/n01531178_12358.JPEG,0,0.0000,0
/home/student/Downloads/imagenet_ai_0419_biggan/train/nature/n01531178_12686.JPEG,0,0.0015,0
/home/student/Downloads/imagenet_ai_0419_biggan/train/nature/n01531178_12752.JPEG,0,0.0004,0
/home/student/Downloads/imagenet_ai_0419_biggan/train/nature/n01531178_12846.JPEG,0,0.0010,0
/home/student/Downloads/imagenet_ai_0419_biggan/train/nature/n01531178_13223.JPEG,0,0.0482,0
/home/student/Downloads/imagenet_ai_0419_biggan/train/nature/n01531178_13331.JPEG,0,0.0000,0
/home/student/Downloads/imagenet_ai_0419_biggan/train/nature/n01531178_13353.JPEG,0,0.0013,0
/home/student/Downloads/imagenet_ai_0419_biggan/train/nature/n01531178_13429.JPEG,0,0.0000,0
/home/student/Downloads/imagenet_ai_0419_biggan/train/nature/n01531178_14342.JPEG,0,0.0001,0
/home/student/Downloads/imagenet_ai_0419_biggan/train/nature/n01531178_14416.JPEG,0,0.0000,0
/home/student/Downloads/imagenet_ai_0419_biggan/train/nature/n01531178_14534.JPEG,0,0.0002,0
/home/student/Downloads/imagenet_ai_0419_biggan/train/nature/n01531178_14959.JPEG,0,0.0008,0
/home/student/Downloads/imagenet_ai_0419_biggan/train/nature/n01531178_14985.JPEG,0,0.0000,0
/home/student/Downloads/imagenet_ai_0419_biggan/train/nature/n01531178_14988.JPEG,0,0.0002,0
/home/student/Downloads/imagenet_ai_0419_biggan/train/nature/n01531178_15170.JPEG,0,0.0008,0
/home/student/Downloads/imagenet_ai_0419_biggan/train/nature/n01531178_1536.JPEG,0,0.0001,0
/home/student/Downloads/imagenet_ai_0419_biggan/train/nature/n01531178_15376.JPEG,0,0.0001,0
/home/student/Downloads/imagenet_ai_0419_biggan/train/nature/n01531178_15481.JPEG,0,0.0001,0
/home/student/Downloads/imagenet_ai_0419_biggan/train/nature/n01531178_15749.JPEG,0,0.0026,0
/home/student/Downloads/imagenet_ai_0419_biggan/train/nature/n01531178_16200.JPEG,0,0.0018,0
/home/student/Downloads/imagenet_ai_0419_biggan/train/nature/n01531178_16286.JPEG,0,0.0001,0
/home/student/Downloads/imagenet_ai_0419_biggan/train/nature/n01531178_16486.JPEG,0,0.0024,0
/home/student/Downloads/imagenet_ai_0419_biggan/train/nature/n01531178_16613.JPEG,0,0.0000,0
/home/student/Downloads/imagenet_ai_0419_biggan/train/nature/n01531178_16748.JPEG,0,0.0103,0
/home/student/Downloads/imagenet_ai_0419_biggan/train/nature/n01531178_16848.JPEG,0,0.0001,0
/home/student/Downloads/imagenet_ai_0419_biggan/train/nature/n01531178_17057.JPEG,0,0.0008,0
/home/student/Downloads/imagenet_ai_0419_biggan/train/nature/n01531178_17171.JPEG,0,0.0001,0
/home/student/Downloads/imagenet_ai_0419_biggan/train/nature/n01531178_1731.JPEG,0,0.0004,0
/home/student/Downloads/imagenet_ai_0419_biggan/train/nature/n01531178_17484.JPEG,0,0.0000,0
/home/student/Downloads/imagenet_ai_0419_biggan/train/nature/n01531178_17685.JPEG,0,0.0000,0
/home/student/Downloads/imagenet_ai_0419_biggan/train/nature/n01531178_17691.JPEG,0,0.0000,0
/home/student/Downloads/imagenet_ai_0419_biggan/train/nature/n01531178_1771.JPEG,0,0.0000,0
/home/student/Downloads/imagenet_ai_0419_biggan/train/nature/n01531178_18062.JPEG,0,0.0004,0
/home/student/Downloads/imagenet_ai_0419_biggan/train/nature/n01531178_1817.JPEG,0,0.0000,0
/home/student/Downloads/imagenet_ai_0419_biggan/train/nature/n01531178_18308.JPEG,0,0.0000,0
/home/student/Downloads/imagenet_ai_0419_biggan/train/nature/n01531178_18355.JPEG,0,0.0002,0
/home/student/Downloads/imagenet_ai_0419_biggan/train/nature/n01531178_19053.JPEG,0,0.0000,0
/home/student/Downloads/imagenet_ai_0419_biggan/train/nature/n01531178_19387.JPEG,0,0.7829,1
/home/student/Downloads/imagenet_ai_0419_biggan/train/nature/n01531178_19471.JPEG,0,0.0000,0
/home/student/Downloads/imagenet_ai_0419_biggan/train/nature/n01531178_19713.JPEG,0,0.0001,0
/home/student/Downloads/imagenet_ai_0419_biggan/train/nature/n01531178_19971.JPEG,0,0.0000,0
/home/student/Downloads/imagenet_ai_0419_biggan/train/nature/n01531178_20191.JPEG,0,0.1416,0
/home/student/Downloads/imagenet_ai_0419_biggan/train/nature/n01531178_20193.JPEG,0,0.0001,0
/home/student/Downloads/imagenet_ai_0419_biggan/train/nature/n01531178_2080.JPEG,0,0.0000,0
/home/student/Downloads/imagenet_ai_0419_biggan/train/nature/n01531178_21119.JPEG,0,0.0001,0
/home/student/Downloads/imagenet_ai_0419_biggan/train/nature/n01531178_21356.JPEG,0,0.0000,0
/home/student/Downloads/imagenet_ai_0419_biggan/train/nature/n01531178_21617.JPEG,0,0.0003,0
/home/student/Downloads/imagenet_ai_0419_biggan/train/nature/n01531178_21906.JPEG,0,0.9997,1
/home/student/Downloads/imagenet_ai_0419_biggan/train/nature/n01531178_22086.JPEG,0,0.0002,0
/home/student/Downloads/imagenet_ai_0419_biggan/train/nature/n01531178_22109.JPEG,0,0.0079,0
/home/student/Downloads/imagenet_ai_0419_biggan/train/nature/n01531178_22122.JPEG,0,0.0038,0
/home/student/Downloads/imagenet_ai_0419_biggan/train/nature/n01531178_22240.JPEG,0,0.0000,0
/home/student/Downloads/imagenet_ai_0419_biggan/train/nature/n01531178_22481.JPEG,0,0.0002,0
/home/student/Downloads/imagenet_ai_0419_biggan/train/nature/n01531178_22852.JPEG,0,0.0001,0
/home/student/Downloads/imagenet_ai_0419_biggan/train/nature/n01531178_22910.JPEG,0,0.0002,0
/home/student/Downloads/imagenet_ai_0419_biggan/train/nature/n01531178_23185.JPEG,0,0.7289,1
/home/student/Downloads/imagenet_ai_0419_biggan/train/nature/n01531178_23205.JPEG,0,0.0794,0
/home/student/Downloads/imagenet_ai_0419_biggan/train/nature/n01531178_2326.JPEG,0,0.0416,0
/home/student/Downloads/imagenet_ai_0419_biggan/train/nature/n01531178_23267.JPEG,0,0.0006,0
/home/student/Downloads/imagenet_ai_0419_biggan/train/nature/n01531178_23327.JPEG,0,0.0000,0
/home/student/Downloads/imagenet_ai_0419_biggan/train/nature/n01531178_23406.JPEG,0,0.0023,0
/home/student/Downloads/imagenet_ai_0419_biggan/train/nature/n01531178_2341.JPEG,0,0.0000,0
/home/student/Downloads/imagenet_ai_0419_biggan/train/nature/n01531178_23475.JPEG,0,0.0031,0
/home/student/Downloads/imagenet_ai_0419_biggan/train/nature/n01531178_24225.JPEG,0,0.0004,0
/home/student/Downloads/imagenet_ai_0419_biggan/train/nature/n01531178_2446.JPEG,0,0.0009,0
/home/student/Downloads/imagenet_ai_0419_biggan/train/nature/n01531178_24862.JPEG,0,0.0000,0
/home/student/Downloads/imagenet_ai_0419_biggan/train/nature/n01531178_25001.JPEG,0,0.0052,0
/home/student/Downloads/imagenet_ai_0419_biggan/train/nature/n01531178_25298.JPEG,0,0.0000,0
/home/student/Downloads/imagenet_ai_0419_biggan/train/nature/n01531178_25336.JPEG,0,0.0001,0
/home/student/Downloads/imagenet_ai_0419_biggan/train/nature/n01531178_25353.JPEG,0,0.0000,0
/home/student/Downloads/imagenet_ai_0419_biggan/train/nature/n01531178_25562.JPEG,0,0.0001,0
/home/student/Downloads/imagenet_ai_0419_biggan/train/nature/n01531178_26097.JPEG,0,0.0000,0
/home/student/Downloads/imagenet_ai_0419_biggan/train/nature/n01531178_26290.JPEG,0,0.0000,0
/home/student/Downloads/imagenet_ai_0419_biggan/train/nature/n01531178_28153.JPEG,0,0.0019,0
/home/student/Downloads/imagenet_ai_0419_biggan/train/nature/n01531178_29276.JPEG,0,0.0000,0
/home/student/Downloads/imagenet_ai_0419_biggan/train/nature/n01531178_2976.JPEG,0,0.0000,0
/home/student/Downloads/imagenet_ai_0419_biggan/train/nature/n01531178_29974.JPEG,0,0.0000,0
/home/student/Downloads/imagenet_ai_0419_biggan/train/nature/n01531178_30004.JPEG,0,0.0000,0
/home/student/Downloads/imagenet_ai_0419_biggan/train/nature/n01531178_30060.JPEG,0,0.0003,0
/home/student/Downloads/imagenet_ai_0419_biggan/train/nature/n01531178_30265.JPEG,0,0.0057,0
/home/student/Downloads/imagenet_ai_0419_biggan/train/nature/n01531178_3039.JPEG,0,0.0000,0
/home/student/Downloads/imagenet_ai_0419_biggan/train/nature/n01531178_3268.JPEG,0,0.0177,0
/home/student/Downloads/imagenet_ai_0419_biggan/train/nature/n01531178_32954.JPEG,0,0.0001,0
/home/student/Downloads/imagenet_ai_0419_biggan/train/nature/n01531178_32957.JPEG,0,0.0017,0
/home/student/Downloads/imagenet_ai_0419_biggan/train/nature/n01531178_3307.JPEG,0,0.0003,0
/home/student/Downloads/imagenet_ai_0419_biggan/train/nature/n01531178_3411.JPEG,0,0.0000,0
/home/student/Downloads/imagenet_ai_0419_biggan/train/nature/n01531178_350.JPEG,0,0.0000,0
/home/student/Downloads/imagenet_ai_0419_biggan/train/nature/n01531178_3536.JPEG,0,0.0000,0
/home/student/Downloads/imagenet_ai_0419_biggan/train/nature/n01531178_3567.JPEG,0,0.0000,0
/home/student/Downloads/imagenet_ai_0419_biggan/train/nature/n01531178_35983.JPEG,0,0.0000,0
/home/student/Downloads/imagenet_ai_0419_biggan/train/nature/n01531178_3733.JPEG,0,0.0038,0
/home/student/Downloads/imagenet_ai_0419_biggan/train/nature/n01531178_3762.JPEG,0,0.0335,0
/home/student/Downloads/imagenet_ai_0419_biggan/train/nature/n01531178_3792.JPEG,0,0.0000,0
/home/student/Downloads/imagenet_ai_0419_biggan/train/nature/n01531178_3981.JPEG,0,0.0006,0
/home/student/Downloads/imagenet_ai_0419_biggan/train/nature/n01531178_40200.JPEG,0,0.0005,0
/home/student/Downloads/imagenet_ai_0419_biggan/train/nature/n01531178_4324.JPEG,0,0.0006,0
/home/student/Downloads/imagenet_ai_0419_biggan/train/nature/n01531178_43481.JPEG,0,0.0000,0
/home/student/Downloads/imagenet_ai_0419_biggan/train/nature/n01531178_4488.JPEG,0,0.0000,0
/home/student/Downloads/imagenet_ai_0419_biggan/train/nature/n01531178_4522.JPEG,0,0.0095,0
/home/student/Downloads/imagenet_ai_0419_biggan/train/nature/n01531178_4684.JPEG,0,0.0000,0
/home/student/Downloads/imagenet_ai_0419_biggan/train/nature/n01531178_477.JPEG,0,0.0061,0
/home/student/Downloads/imagenet_ai_0419_biggan/train/nature/n01531178_4878.JPEG,0,0.0233,0
/home/student/Downloads/imagenet_ai_0419_biggan/train/nature/n01531178_4982.JPEG,0,0.0001,0
/home/student/Downloads/imagenet_ai_0419_biggan/train/nature/n01531178_5000.JPEG,0,0.0000,0
/home/student/Downloads/imagenet_ai_0419_biggan/train/nature/n01531178_5032.JPEG,0,0.0001,0
/home/student/Downloads/imagenet_ai_0419_biggan/train/nature/n01531178_504.JPEG,0,0.0008,0
/home/student/Downloads/imagenet_ai_0419_biggan/train/nature/n01531178_51034.JPEG,0,0.0001,0
/home/student/Downloads/imagenet_ai_0419_biggan/train/nature/n01531178_5126.JPEG,0,0.0017,0
/home/student/Downloads/imagenet_ai_0419_biggan/train/nature/n01531178_5162.JPEG,0,0.9851,1
/home/student/Downloads/imagenet_ai_0419_biggan/train/nature/n01531178_5312.JPEG,0,0.0017,0
/home/student/Downloads/imagenet_ai_0419_biggan/train/nature/n01531178_5358.JPEG,0,0.0000,0
/home/student/Downloads/imagenet_ai_0419_biggan/train/nature/n01531178_5498.JPEG,0,0.0000,0
/home/student/Downloads/imagenet_ai_0419_biggan/train/nature/n01531178_5623.JPEG,0,0.0001,0
/home/student/Downloads/imagenet_ai_0419_biggan/train/nature/n01531178_572.JPEG,0,0.0000,0
/home/student/Downloads/imagenet_ai_0419_biggan/train/nature/n01531178_5887.JPEG,0,0.0004,0
/home/student/Downloads/imagenet_ai_0419_biggan/train/nature/n01531178_6027.JPEG,0,0.0001,0
/home/student/Downloads/imagenet_ai_0419_biggan/train/nature/n01531178_6145.JPEG,0,0.0001,0
/home/student/Downloads/imagenet_ai_0419_biggan/train/nature/n01531178_6147.JPEG,0,0.0000,0
/home/student/Downloads/imagenet_ai_0419_biggan/train/nature/n01531178_6272.JPEG,0,0.0000,0
/home/student/Downloads/imagenet_ai_0419_biggan/train/nature/n01531178_6274.JPEG,0,0.0000,0
/home/student/Downloads/imagenet_ai_0419_biggan/train/nature/n01531178_6306.JPEG,0,0.0000,0
/home/student/Downloads/imagenet_ai_0419_biggan/train/nature/n01531178_6370.JPEG,0,0.0136,0
/home/student/Downloads/imagenet_ai_0419_biggan/train/nature/n01531178_64955.JPEG,0,0.0019,0
/home/student/Downloads/imagenet_ai_0419_biggan/train/nature/n01531178_6540.JPEG,0,0.0000,0
/home/student/Downloads/imagenet_ai_0419_biggan/train/nature/n01531178_6549.JPEG,0,0.0001,0
/home/student/Downloads/imagenet_ai_0419_biggan/train/nature/n01531178_6701.JPEG,0,0.0000,0
/home/student/Downloads/imagenet_ai_0419_biggan/train/nature/n01531178_6765.JPEG,0,0.0037,0
/home/student/Downloads/imagenet_ai_0419_biggan/train/nature/n01531178_6827.JPEG,0,0.0001,0
/home/student/Downloads/imagenet_ai_0419_biggan/train/nature/n01531178_6856.JPEG,0,0.0001,0
/home/student/Downloads/imagenet_ai_0419_biggan/train/nature/n01531178_6913.JPEG,0,0.0008,0
/home/student/Downloads/imagenet_ai_0419_biggan/train/nature/n01531178_7018.JPEG,0,0.0004,0
/home/student/Downloads/imagenet_ai_0419_biggan/train/nature/n01531178_7357.JPEG,0,0.0000,0
/home/student/Downloads/imagenet_ai_0419_biggan/train/nature/n01531178_7811.JPEG,0,0.0000,0
/home/student/Downloads/imagenet_ai_0419_biggan/train/nature/n01531178_7857.JPEG,0,0.0000,0
/home/student/Downloads/imagenet_ai_0419_biggan/train/nature/n01531178_7906.JPEG,0,0.0000,0
/home/student/Downloads/imagenet_ai_0419_biggan/train/nature/n01531178_8019.JPEG,0,0.0000,0
/home/student/Downloads/imagenet_ai_0419_biggan/train/nature/n01531178_8148.JPEG,0,0.0444,0
/home/student/Downloads/imagenet_ai_0419_biggan/train/nature/n01531178_8174.JPEG,0,0.3875,0
/home/student/Downloads/imagenet_ai_0419_biggan/train/nature/n01531178_8214.JPEG,0,0.0002,0
/home/student/Downloads/imagenet_ai_0419_biggan/train/nature/n01531178_8614.JPEG,0,0.0000,0
/home/student/Downloads/imagenet_ai_0419_biggan/train/nature/n01531178_8720.JPEG,0,0.0090,0
/home/student/Downloads/imagenet_ai_0419_biggan/train/nature/n01531178_8912.JPEG,0,0.0001,0
/home/student/Downloads/imagenet_ai_0419_biggan/train/nature/n01531178_9314.JPEG,0,0.0041,0
/home/student/Downloads/imagenet_ai_0419_biggan/train/nature/n01531178_9421.JPEG,0,0.0003,0
/home/student/Downloads/imagenet_ai_0419_biggan/train/nature/n01531178_9584.JPEG,0,0.0000,0
/home/student/Downloads/imagenet_ai_0419_biggan/train/nature/n01531178_9722.JPEG,0,0.0002,0
/home/student/Downloads/imagenet_ai_0419_biggan/train/nature/n01532829_100.JPEG,0,0.0024,0
/home/student/Downloads/imagenet_ai_0419_biggan/train/nature/n01532829_10127.JPEG,0,0.0000,0
/home/student/Downloads/imagenet_ai_0419_biggan/train/nature/n01532829_10259.JPEG,0,0.0000,0
/home/student/Downloads/imagenet_ai_0419_biggan/train/nature/n01532829_1026.JPEG,0,0.0003,0
/home/student/Downloads/imagenet_ai_0419_biggan/train/nature/n01532829_10275.JPEG,0,0.0000,0
/home/student/Downloads/imagenet_ai_0419_biggan/train/nature/n01532829_10400.JPEG,0,0.0009,0
/home/student/Downloads/imagenet_ai_0419_biggan/train/nature/n01532829_1051.JPEG,0,0.0000,0
/home/student/Downloads/imagenet_ai_0419_biggan/train/nature/n01532829_1085.JPEG,0,0.0000,0
/home/student/Downloads/imagenet_ai_0419_biggan/train/nature/n01532829_1097.JPEG,0,1.0000,1
/home/student/Downloads/imagenet_ai_0419_biggan/train/nature/n01532829_110.JPEG,0,0.0000,0
/home/student/Downloads/imagenet_ai_0419_biggan/train/nature/n01532829_11041.JPEG,0,0.0000,0
/home/student/Downloads/imagenet_ai_0419_biggan/train/nature/n01532829_1106.JPEG,0,0.0000,0
/home/student/Downloads/imagenet_ai_0419_biggan/train/nature/n01532829_1132.JPEG,0,0.0001,0
/home/student/Downloads/imagenet_ai_0419_biggan/train/nature/n01532829_114.JPEG,0,0.0000,0
/home/student/Downloads/imagenet_ai_0419_biggan/train/nature/n01532829_1146.JPEG,0,0.0004,0
/home/student/Downloads/imagenet_ai_0419_biggan/train/nature/n01532829_11564.JPEG,0,0.0001,0
/home/student/Downloads/imagenet_ai_0419_biggan/train/nature/n01532829_11671.JPEG,0,0.0000,0
/home/student/Downloads/imagenet_ai_0419_biggan/train/nature/n01532829_1176.JPEG,0,0.1336,0
/home/student/Downloads/imagenet_ai_0419_biggan/train/nature/n01532829_11884.JPEG,0,0.0001,0
/home/student/Downloads/imagenet_ai_0419_biggan/train/nature/n01532829_12280.JPEG,0,0.0381,0
/home/student/Downloads/imagenet_ai_0419_biggan/train/nature/n01532829_12356.JPEG,0,0.0000,0
/home/student/Downloads/imagenet_ai_0419_biggan/train/nature/n01532829_12598.JPEG,0,0.0006,0
/home/student/Downloads/imagenet_ai_0419_biggan/train/nature/n01532829_1261.JPEG,0,0.0000,0
/home/student/Downloads/imagenet_ai_0419_biggan/train/nature/n01532829_12842.JPEG,0,0.0000,0
/home/student/Downloads/imagenet_ai_0419_biggan/train/nature/n01532829_1305.JPEG,0,0.0002,0
/home/student/Downloads/imagenet_ai_0419_biggan/train/nature/n01532829_1311.JPEG,0,0.0004,0
/home/student/Downloads/imagenet_ai_0419_biggan/train/nature/n01532829_1329.JPEG,0,0.0000,0
/home/student/Downloads/imagenet_ai_0419_biggan/train/nature/n01532829_1369.JPEG,0,0.0000,0
/home/student/Downloads/imagenet_ai_0419_biggan/train/nature/n01532829_13852.JPEG,0,0.0000,0
/home/student/Downloads/imagenet_ai_0419_biggan/train/nature/n01532829_13890.JPEG,0,0.0007,0
/home/student/Downloads/imagenet_ai_0419_biggan/train/nature/n01532829_14005.JPEG,0,0.0001,0
/home/student/Downloads/imagenet_ai_0419_biggan/train/nature/n01532829_1433.JPEG,0,0.0001,0
/home/student/Downloads/imagenet_ai_0419_biggan/train/nature/n01532829_14723.JPEG,0,0.0000,0
/home/student/Downloads/imagenet_ai_0419_biggan/train/nature/n01532829_1497.JPEG,0,0.0000,0
/home/student/Downloads/imagenet_ai_0419_biggan/train/nature/n01532829_15851.JPEG,0,0.0000,0
/home/student/Downloads/imagenet_ai_0419_biggan/train/nature/n01532829_15937.JPEG,0,0.0001,0
/home/student/Downloads/imagenet_ai_0419_biggan/train/nature/n01532829_16058.JPEG,0,0.0003,0
/home/student/Downloads/imagenet_ai_0419_biggan/train/nature/n01532829_16073.JPEG,0,0.0000,0
/home/student/Downloads/imagenet_ai_0419_biggan/train/nature/n01532829_16714.JPEG,0,0.0002,0
/home/student/Downloads/imagenet_ai_0419_biggan/train/nature/n01532829_16717.JPEG,0,0.0003,0
/home/student/Downloads/imagenet_ai_0419_biggan/train/nature/n01532829_17116.JPEG,0,0.0000,0
/home/student/Downloads/imagenet_ai_0419_biggan/train/nature/n01532829_1774.JPEG,0,0.0002,0
/home/student/Downloads/imagenet_ai_0419_biggan/train/nature/n01532829_182.JPEG,0,0.0000,0
/home/student/Downloads/imagenet_ai_0419_biggan/train/nature/n01532829_1872.JPEG,0,0.0093,0
/home/student/Downloads/imagenet_ai_0419_biggan/train/nature/n01532829_189.JPEG,0,0.0000,0
/home/student/Downloads/imagenet_ai_0419_biggan/train/nature/n01532829_19310.JPEG,0,0.0001,0
/home/student/Downloads/imagenet_ai_0419_biggan/train/nature/n01532829_1944.JPEG,0,0.0014,0
/home/student/Downloads/imagenet_ai_0419_biggan/train/nature/n01532829_1966.JPEG,0,0.7128,1
/home/student/Downloads/imagenet_ai_0419_biggan/train/nature/n01532829_19803.JPEG,0,0.0000,0
/home/student/Downloads/imagenet_ai_0419_biggan/train/nature/n01532829_19872.JPEG,0,0.0000,0
/home/student/Downloads/imagenet_ai_0419_biggan/train/nature/n01532829_20054.JPEG,0,0.0001,0
/home/student/Downloads/imagenet_ai_0419_biggan/train/nature/n01532829_20591.JPEG,0,0.0000,0
/home/student/Downloads/imagenet_ai_0419_biggan/train/nature/n01532829_21015.JPEG,0,0.0014,0
/home/student/Downloads/imagenet_ai_0419_biggan/train/nature/n01532829_21146.JPEG,0,0.1149,0
/home/student/Downloads/imagenet_ai_0419_biggan/train/nature/n01532829_2136.JPEG,0,0.0026,0
/home/student/Downloads/imagenet_ai_0419_biggan/train/nature/n01532829_21422.JPEG,0,0.0002,0
/home/student/data/genimagepp/flux/flux/val/1_fake/Affenpinscher_0.png,1,1.0000,1
/home/student/data/genimagepp/flux/flux/val/1_fake/Affenpinscher_1.png,1,1.0000,1
/home/student/data/genimagepp/flux/flux/val/1_fake/Affenpinscher_2.png,1,1.0000,1
/home/student/data/genimagepp/flux/flux/val/1_fake/Affenpinscher_3.png,1,1.0000,1
/home/student/data/genimagepp/flux/flux/val/1_fake/Affenpinscher_4.png,1,1.0000,1
/home/student/data/genimagepp/flux/flux/val/1_fake/Affenpinscher_5.png,1,1.0000,1
/home/student/data/genimagepp/flux/flux/val/1_fake/Afghan Hound_0.png,1,1.0000,1
/home/student/data/genimagepp/flux/flux/val/1_fake/Afghan Hound_1.png,1,1.0000,1
/home/student/data/genimagepp/flux/flux/val/1_fake/Afghan Hound_2.png,1,1.0000,1
/home/student/data/genimagepp/flux/flux/val/1_fake/Afghan Hound_3.png,1,1.0000,1
/home/student/data/genimagepp/flux/flux/val/1_fake/Afghan Hound_4.png,1,1.0000,1
/home/student/data/genimagepp/flux/flux/val/1_fake/Afghan Hound_5.png,1,1.0000,1
/home/student/data/genimagepp/flux/flux/val/1_fake/African bush elephant_0.png,1,1.0000,1
/home/student/data/genimagepp/flux/flux/val/1_fake/African bush elephant_1.png,1,1.0000,1
/home/student/data/genimagepp/flux/flux/val/1_fake/African bush elephant_2.png,1,1.0000,1
/home/student/data/genimagepp/flux/flux/val/1_fake/African bush elephant_3.png,1,1.0000,1
/home/student/data/genimagepp/flux/flux/val/1_fake/African bush elephant_4.png,1,1.0000,1
/home/student/data/genimagepp/flux/flux/val/1_fake/African bush elephant_5.png,1,1.0000,1
/home/student/data/genimagepp/flux/flux/val/1_fake/African rock python_0.png,1,1.0000,1
/home/student/data/genimagepp/flux/flux/val/1_fake/African rock python_1.png,1,1.0000,1
/home/student/data/genimagepp/flux/flux/val/1_fake/African rock python_2.png,1,1.0000,1
/home/student/data/genimagepp/flux/flux/val/1_fake/African rock python_3.png,1,1.0000,1
/home/student/data/genimagepp/flux/flux/val/1_fake/African rock python_4.png,1,1.0000,1
/home/student/data/genimagepp/flux/flux/val/1_fake/African rock python_5.png,1,1.0000,1
/home/student/data/genimagepp/flux/flux/val/1_fake/African wild dog_0.png,1,1.0000,1
/home/student/data/genimagepp/flux/flux/val/1_fake/African wild dog_1.png,1,1.0000,1
/home/student/data/genimagepp/flux/flux/val/1_fake/African wild dog_2.png,1,1.0000,1
/home/student/data/genimagepp/flux/flux/val/1_fake/African wild dog_3.png,1,1.0000,1
/home/student/data/genimagepp/flux/flux/val/1_fake/African wild dog_4.png,1,0.9993,1
/home/student/data/genimagepp/flux/flux/val/1_fake/African wild dog_5.png,1,1.0000,1
/home/student/data/genimagepp/flux/flux/val/1_fake/Airedale Terrier_0.png,1,1.0000,1
/home/student/data/genimagepp/flux/flux/val/1_fake/Airedale Terrier_1.png,1,1.0000,1
/home/student/data/genimagepp/flux/flux/val/1_fake/Airedale Terrier_2.png,1,1.0000,1
/home/student/data/genimagepp/flux/flux/val/1_fake/Airedale Terrier_3.png,1,1.0000,1
/home/student/data/genimagepp/flux/flux/val/1_fake/Airedale Terrier_4.png,1,1.0000,1
/home/student/data/genimagepp/flux/flux/val/1_fake/Airedale Terrier_5.png,1,1.0000,1
/home/student/data/genimagepp/flux/flux/val/1_fake/Alaskan Malamute_0.png,1,1.0000,1
/home/student/data/genimagepp/flux/flux/val/1_fake/Alaskan Malamute_1.png,1,1.0000,1
/home/student/data/genimagepp/flux/flux/val/1_fake/Alaskan Malamute_2.png,1,1.0000,1
/home/student/data/genimagepp/flux/flux/val/1_fake/Alaskan Malamute_3.png,1,1.0000,1
/home/student/data/genimagepp/flux/flux/val/1_fake/Alaskan Malamute_4.png,1,1.0000,1
/home/student/data/genimagepp/flux/flux/val/1_fake/Alaskan Malamute_5.png,1,1.0000,1
/home/student/data/genimagepp/flux/flux/val/1_fake/Alaskan tundra wolf_0.png,1,1.0000,1
/home/student/data/genimagepp/flux/flux/val/1_fake/Alaskan tundra wolf_1.png,1,0.9997,1
/home/student/data/genimagepp/flux/flux/val/1_fake/Alaskan tundra wolf_2.png,1,1.0000,1
/home/student/data/genimagepp/flux/flux/val/1_fake/Alaskan tundra wolf_3.png,1,1.0000,1
/home/student/data/genimagepp/flux/flux/val/1_fake/Alaskan tundra wolf_4.png,1,0.9849,1
/home/student/data/genimagepp/flux/flux/val/1_fake/Alaskan tundra wolf_5.png,1,1.0000,1
/home/student/data/genimagepp/flux/flux/val/1_fake/Alpine ibex_0.png,1,1.0000,1
/home/student/data/genimagepp/flux/flux/val/1_fake/Alpine ibex_1.png,1,0.9967,1
/home/student/data/genimagepp/flux/flux/val/1_fake/Alpine ibex_2.png,1,1.0000,1
/home/student/data/genimagepp/flux/flux/val/1_fake/Alpine ibex_3.png,1,1.0000,1
/home/student/data/genimagepp/flux/flux/val/1_fake/Alpine ibex_4.png,1,0.9984,1
/home/student/data/genimagepp/flux/flux/val/1_fake/Alpine ibex_5.png,1,1.0000,1
/home/student/data/genimagepp/flux/flux/val/1_fake/American Staffordshire Terrier_0.png,1,1.0000,1
/home/student/data/genimagepp/flux/flux/val/1_fake/American Staffordshire Terrier_1.png,1,1.0000,1
/home/student/data/genimagepp/flux/flux/val/1_fake/American Staffordshire Terrier_2.png,1,1.0000,1
/home/student/data/genimagepp/flux/flux/val/1_fake/American Staffordshire Terrier_3.png,1,1.0000,1
/home/student/data/genimagepp/flux/flux/val/1_fake/American Staffordshire Terrier_4.png,1,1.0000,1
/home/student/data/genimagepp/flux/flux/val/1_fake/American Staffordshire Terrier_5.png,1,1.0000,1
/home/student/data/genimagepp/flux/flux/val/1_fake/American alligator_0.png,1,1.0000,1
/home/student/data/genimagepp/flux/flux/val/1_fake/American alligator_1.png,1,1.0000,1
/home/student/data/genimagepp/flux/flux/val/1_fake/American alligator_2.png,1,1.0000,1
/home/student/data/genimagepp/flux/flux/val/1_fake/American alligator_3.png,1,1.0000,1
/home/student/data/genimagepp/flux/flux/val/1_fake/American alligator_4.png,1,1.0000,1
/home/student/data/genimagepp/flux/flux/val/1_fake/American alligator_5.png,1,1.0000,1
/home/student/data/genimagepp/flux/flux/val/1_fake/American black bear_0.png,1,1.0000,1
/home/student/data/genimagepp/flux/flux/val/1_fake/American black bear_1.png,1,1.0000,1
/home/student/data/genimagepp/flux/flux/val/1_fake/American black bear_2.png,1,1.0000,1
/home/student/data/genimagepp/flux/flux/val/1_fake/American black bear_3.png,1,1.0000,1
/home/student/data/genimagepp/flux/flux/val/1_fake/American black bear_4.png,1,1.0000,1
/home/student/data/genimagepp/flux/flux/val/1_fake/American black bear_5.png,1,1.0000,1
/home/student/data/genimagepp/flux/flux/val/1_fake/American bullfrog_0.png,1,1.0000,1
/home/student/data/genimagepp/flux/flux/val/1_fake/American bullfrog_1.png,1,1.0000,1
/home/student/data/genimagepp/flux/flux/val/1_fake/American bullfrog_2.png,1,1.0000,1
/home/student/data/genimagepp/flux/flux/val/1_fake/American bullfrog_3.png,1,1.0000,1
/home/student/data/genimagepp/flux/flux/val/1_fake/American bullfrog_4.png,1,1.0000,1
/home/student/data/genimagepp/flux/flux/val/1_fake/American bullfrog_5.png,1,1.0000,1
/home/student/data/genimagepp/flux/flux/val/1_fake/American coot_0.png,1,1.0000,1
/home/student/data/genimagepp/flux/flux/val/1_fake/American coot_1.png,1,1.0000,1
/home/student/data/genimagepp/flux/flux/val/1_fake/American coot_2.png,1,1.0000,1
/home/student/data/genimagepp/flux/flux/val/1_fake/American coot_3.png,1,1.0000,1
/home/student/data/genimagepp/flux/flux/val/1_fake/American coot_4.png,1,1.0000,1
/home/student/data/genimagepp/flux/flux/val/1_fake/American coot_5.png,1,1.0000,1
/home/student/data/genimagepp/flux/flux/val/1_fake/American dipper_0.png,1,1.0000,1
/home/student/data/genimagepp/flux/flux/val/1_fake/American dipper_1.png,1,1.0000,1
/home/student/data/genimagepp/flux/flux/val/1_fake/American dipper_2.png,1,1.0000,1
/home/student/data/genimagepp/flux/flux/val/1_fake/American dipper_3.png,1,1.0000,1
/home/student/data/genimagepp/flux/flux/val/1_fake/American dipper_4.png,1,1.0000,1
/home/student/data/genimagepp/flux/flux/val/1_fake/American dipper_5.png,1,1.0000,1
/home/student/data/genimagepp/flux/flux/val/1_fake/American lobster_0.png,1,0.9984,1
/home/student/data/genimagepp/flux/flux/val/1_fake/American lobster_1.png,1,1.0000,1
/home/student/data/genimagepp/flux/flux/val/1_fake/American lobster_2.png,1,1.0000,1
/home/student/data/genimagepp/flux/flux/val/1_fake/American lobster_3.png,1,1.0000,1
/home/student/data/genimagepp/flux/flux/val/1_fake/American lobster_4.png,1,1.0000,1
/home/student/data/genimagepp/flux/flux/val/1_fake/American lobster_5.png,1,0.9999,1
/home/student/data/genimagepp/flux/flux/val/1_fake/American robin_0.png,1,1.0000,1
/home/student/data/genimagepp/flux/flux/val/1_fake/American robin_1.png,1,1.0000,1
/home/student/data/genimagepp/flux/flux/val/1_fake/American robin_2.png,1,1.0000,1
/home/student/data/genimagepp/flux/flux/val/1_fake/American robin_3.png,1,1.0000,1
/home/student/data/genimagepp/flux/flux/val/1_fake/American robin_4.png,1,1.0000,1
/home/student/data/genimagepp/flux/flux/val/1_fake/American robin_5.png,1,1.0000,1
/home/student/data/genimagepp/flux/flux/val/1_fake/Angora rabbit_0.png,1,1.0000,1
/home/student/data/genimagepp/flux/flux/val/1_fake/Angora rabbit_1.png,1,1.0000,1
/home/student/data/genimagepp/flux/flux/val/1_fake/Angora rabbit_2.png,1,1.0000,1
/home/student/data/genimagepp/flux/flux/val/1_fake/Angora rabbit_3.png,1,1.0000,1
/home/student/data/genimagepp/flux/flux/val/1_fake/Angora rabbit_4.png,1,1.0000,1
/home/student/data/genimagepp/flux/flux/val/1_fake/Angora rabbit_5.png,1,1.0000,1
/home/student/data/genimagepp/flux/flux/val/1_fake/Appenzeller Sennenhund_0.png,1,0.9993,1
/home/student/data/genimagepp/flux/flux/val/1_fake/Appenzeller Sennenhund_1.png,1,1.0000,1
/home/student/data/genimagepp/flux/flux/val/1_fake/Appenzeller Sennenhund_2.png,1,1.0000,1
/home/student/data/genimagepp/flux/flux/val/1_fake/Appenzeller Sennenhund_3.png,1,1.0000,1
/home/student/data/genimagepp/flux/flux/val/1_fake/Appenzeller Sennenhund_4.png,1,0.9984,1
/home/student/data/genimagepp/flux/flux/val/1_fake/Appenzeller Sennenhund_5.png,1,1.0000,1
/home/student/data/genimagepp/flux/flux/val/1_fake/Arctic fox_0.png,1,1.0000,1
/home/student/data/genimagepp/flux/flux/val/1_fake/Arctic fox_1.png,1,1.0000,1
/home/student/data/genimagepp/flux/flux/val/1_fake/Arctic fox_2.png,1,1.0000,1
/home/student/data/genimagepp/flux/flux/val/1_fake/Arctic fox_3.png,1,1.0000,1
/home/student/data/genimagepp/flux/flux/val/1_fake/Arctic fox_4.png,1,1.0000,1
/home/student/data/genimagepp/flux/flux/val/1_fake/Arctic fox_5.png,1,1.0000,1
/home/student/data/genimagepp/flux/flux/val/1_fake/Asian elephant_0.png,1,1.0000,1
/home/student/data/genimagepp/flux/flux/val/1_fake/Asian elephant_1.png,1,0.9999,1
/home/student/data/genimagepp/flux/flux/val/1_fake/Asian elephant_2.png,1,0.9999,1
/home/student/data/genimagepp/flux/flux/val/1_fake/Asian elephant_3.png,1,1.0000,1
/home/student/data/genimagepp/flux/flux/val/1_fake/Asian elephant_4.png,1,1.0000,1
/home/student/data/genimagepp/flux/flux/val/1_fake/Asian elephant_5.png,1,1.0000,1
/home/student/data/genimagepp/flux/flux/val/1_fake/Australian Kelpie_0.png,1,1.0000,1
/home/student/data/genimagepp/flux/flux/val/1_fake/Australian Kelpie_1.png,1,1.0000,1
/home/student/data/genimagepp/flux/flux/val/1_fake/Australian Kelpie_2.png,1,1.0000,1
/home/student/data/genimagepp/flux/flux/val/1_fake/Australian Kelpie_3.png,1,1.0000,1
/home/student/data/genimagepp/flux/flux/val/1_fake/Australian Kelpie_4.png,1,1.0000,1
/home/student/data/genimagepp/flux/flux/val/1_fake/Australian Kelpie_5.png,1,1.0000,1
/home/student/data/genimagepp/flux/flux/val/1_fake/Australian Silky Terrier_0.png,1,1.0000,1
/home/student/data/genimagepp/flux/flux/val/1_fake/Australian Silky Terrier_1.png,1,1.0000,1
/home/student/data/genimagepp/flux/flux/val/1_fake/Australian Silky Terrier_2.png,1,1.0000,1
/home/student/data/genimagepp/flux/flux/val/1_fake/Australian Silky Terrier_3.png,1,1.0000,1
/home/student/data/genimagepp/flux/flux/val/1_fake/Australian Silky Terrier_4.png,1,1.0000,1
/home/student/data/genimagepp/flux/flux/val/1_fake/Australian Silky Terrier_5.png,1,1.0000,1
/home/student/data/genimagepp/flux/flux/val/1_fake/Australian Terrier_0.png,1,1.0000,1
/home/student/data/genimagepp/flux/flux/val/1_fake/Australian Terrier_1.png,1,1.0000,1
/home/student/data/genimagepp/flux/flux/val/1_fake/Australian Terrier_2.png,1,1.0000,1
/home/student/data/genimagepp/flux/flux/val/1_fake/Australian Terrier_3.png,1,1.0000,1
/home/student/data/genimagepp/flux/flux/val/1_fake/Australian Terrier_4.png,1,1.0000,1
/home/student/data/genimagepp/flux/flux/val/1_fake/Australian Terrier_5.png,1,1.0000,1
/home/student/data/genimagepp/flux/flux/val/1_fake/Band-Aid_0.png,1,0.9209,1
/home/student/data/genimagepp/flux/flux/val/1_fake/Band-Aid_1.png,1,0.8701,1
/home/student/data/genimagepp/flux/flux/val/1_fake/Band-Aid_2.png,1,0.4615,0
/home/student/data/genimagepp/flux/flux/val/1_fake/Band-Aid_3.png,1,0.9518,1
/home/student/data/genimagepp/flux/flux/val/1_fake/Band-Aid_4.png,1,0.9997,1
/home/student/data/genimagepp/flux/flux/val/1_fake/Band-Aid_5.png,1,1.0000,1
/home/student/data/genimagepp/flux/flux/val/1_fake/Basenji_0.png,1,1.0000,1
/home/student/data/genimagepp/flux/flux/val/1_fake/Basenji_1.png,1,1.0000,1
/home/student/data/genimagepp/flux/flux/val/1_fake/Basenji_2.png,1,1.0000,1
/home/student/data/genimagepp/flux/flux/val/1_fake/Basenji_3.png,1,1.0000,1
/home/student/data/genimagepp/flux/flux/val/1_fake/Basenji_4.png,1,1.0000,1
/home/student/data/genimagepp/flux/flux/val/1_fake/Basenji_5.png,1,1.0000,1
/home/student/data/genimagepp/flux/flux/val/1_fake/Basset Hound_0.png,1,1.0000,1
/home/student/data/genimagepp/flux/flux/val/1_fake/Basset Hound_1.png,1,1.0000,1
/home/student/data/genimagepp/flux/flux/val/1_fake/Basset Hound_2.png,1,1.0000,1
/home/student/data/genimagepp/flux/flux/val/1_fake/Basset Hound_3.png,1,1.0000,1
/home/student/data/genimagepp/flux/flux/val/1_fake/Basset Hound_4.png,1,1.0000,1
/home/student/data/genimagepp/flux/flux/val/1_fake/Basset Hound_5.png,1,1.0000,1
/home/student/data/genimagepp/flux/flux/val/1_fake/Beagle_0.png,1,1.0000,1
/home/student/data/genimagepp/flux/flux/val/1_fake/Beagle_1.png,1,1.0000,1
/home/student/data/genimagepp/flux/flux/val/1_fake/Beagle_2.png,1,1.0000,1
/home/student/data/genimagepp/flux/flux/val/1_fake/Beagle_3.png,1,1.0000,1
/home/student/data/genimagepp/flux/flux/val/1_fake/Beagle_4.png,1,1.0000,1
/home/student/data/genimagepp/flux/flux/val/1_fake/Beagle_5.png,1,1.0000,1
/home/student/data/genimagepp/flux/flux/val/1_fake/Bedlington Terrier_0.png,1,1.0000,1
/home/student/data/genimagepp/flux/flux/val/1_fake/Bedlington Terrier_1.png,1,1.0000,1
/home/student/data/genimagepp/flux/flux/val/1_fake/Bedlington Terrier_2.png,1,1.0000,1
/home/student/data/genimagepp/flux/flux/val/1_fake/Bedlington Terrier_3.png,1,1.0000,1
/home/student/data/genimagepp/flux/flux/val/1_fake/Bedlington Terrier_4.png,1,1.0000,1
/home/student/data/genimagepp/flux/flux/val/1_fake/Bedlington Terrier_5.png,1,1.0000,1
/home/student/data/genimagepp/flux/flux/val/1_fake/Bernese Mountain Dog_0.png,1,1.0000,1
/home/student/data/genimagepp/flux/flux/val/1_fake/Bernese Mountain Dog_1.png,1,1.0000,1
/home/student/data/genimagepp/flux/flux/val/1_fake/Bernese Mountain Dog_2.png,1,1.0000,1
/home/student/data/genimagepp/flux/flux/val/1_fake/Bernese Mountain Dog_3.png,1,1.0000,1
/home/student/data/genimagepp/flux/flux/val/1_fake/Bernese Mountain Dog_4.png,1,1.0000,1
/home/student/data/genimagepp/flux/flux/val/1_fake/Bernese Mountain Dog_5.png,1,1.0000,1
/home/student/data/genimagepp/flux/flux/val/1_fake/Black and Tan Coonhound_0.png,1,1.0000,1
/home/student/data/genimagepp/flux/flux/val/1_fake/Black and Tan Coonhound_1.png,1,1.0000,1
/home/student/data/genimagepp/flux/flux/val/1_fake/Black and Tan Coonhound_2.png,1,1.0000,1
/home/student/data/genimagepp/flux/flux/val/1_fake/Black and Tan Coonhound_3.png,1,1.0000,1
/home/student/data/genimagepp/flux/flux/val/1_fake/Black and Tan Coonhound_4.png,1,1.0000,1
/home/student/data/genimagepp/flux/flux/val/1_fake/Black and Tan Coonhound_5.png,1,1.0000,1
/home/student/data/genimagepp/flux/flux/val/1_fake/Bloodhound_0.png,1,1.0000,1
/home/student/data/genimagepp/flux/flux/val/1_fake/Bloodhound_1.png,1,1.0000,1
/home/student/data/genimagepp/flux/flux/val/1_fake/Bloodhound_2.png,1,1.0000,1
/home/student/data/genimagepp/flux/flux/val/1_fake/Bloodhound_3.png,1,1.0000,1
/home/student/data/genimagepp/flux/flux/val/1_fake/Bloodhound_4.png,1,1.0000,1
/home/student/data/genimagepp/flux/flux/val/1_fake/Bloodhound_5.png,1,1.0000,1
/home/student/data/genimagepp/flux/flux/val/1_fake/Bluetick Coonhound_0.png,1,1.0000,1
/home/student/data/genimagepp/flux/flux/val/1_fake/Bluetick Coonhound_1.png,1,1.0000,1
/home/student/data/genimagepp/flux/flux/val/1_fake/Bluetick Coonhound_2.png,1,1.0000,1
/home/student/data/genimagepp/flux/flux/val/1_fake/Bluetick Coonhound_3.png,1,1.0000,1
/home/student/data/genimagepp/flux/flux/val/1_fake/Bluetick Coonhound_4.png,1,1.0000,1
/home/student/data/genimagepp/flux/flux/val/1_fake/Bluetick Coonhound_5.png,1,1.0000,1
/home/student/data/genimagepp/flux/flux/val/1_fake/Border Collie_0.png,1,1.0000,1
/home/student/data/genimagepp/flux/flux/val/1_fake/Border Collie_1.png,1,1.0000,1
/home/student/data/genimagepp/flux/flux/val/1_fake/Border Collie_2.png,1,1.0000,1
/home/student/data/genimagepp/flux/flux/val/1_fake/Border Collie_3.png,1,1.0000,1
/home/student/data/genimagepp/flux/flux/val/1_fake/Border Collie_4.png,1,1.0000,1
/home/student/data/genimagepp/flux/flux/val/1_fake/Border Collie_5.png,1,1.0000,1
/home/student/data/genimagepp/flux/flux/val/1_fake/Border Terrier_0.png,1,1.0000,1
/home/student/data/genimagepp/flux/flux/val/1_fake/Border Terrier_1.png,1,1.0000,1
/home/student/data/genimagepp/flux/flux/val/1_fake/Border Terrier_2.png,1,1.0000,1
/home/student/data/genimagepp/flux/flux/val/1_fake/Border Terrier_3.png,1,1.0000,1
/home/student/data/genimagepp/flux/flux/val/1_fake/Border Terrier_4.png,1,1.0000,1
/home/student/data/genimagepp/flux/flux/val/1_fake/Border Terrier_5.png,1,1.0000,1
/home/student/data/genimagepp/flux/flux/val/1_fake/Boston Terrier_0.png,1,1.0000,1
/home/student/data/genimagepp/flux/flux/val/1_fake/Boston Terrier_1.png,1,1.0000,1
/home/student/data/genimagepp/flux/flux/val/1_fake/Boston Terrier_2.png,1,1.0000,1
/home/student/data/genimagepp/flux/flux/val/1_fake/Boston Terrier_3.png,1,1.0000,1
/home/student/data/genimagepp/flux/flux/val/1_fake/Boston Terrier_4.png,1,1.0000,1
/home/student/data/genimagepp/flux/flux/val/1_fake/Boston Terrier_5.png,1,1.0000,1
/home/student/data/genimagepp/flux/flux/val/1_fake/Bouvier des Flandres_0.png,1,1.0000,1
/home/student/data/genimagepp/flux/flux/val/1_fake/Bouvier des Flandres_1.png,1,1.0000,1
/home/student/data/genimagepp/flux/flux/val/1_fake/Bouvier des Flandres_2.png,1,1.0000,1
/home/student/data/genimagepp/flux/flux/val/1_fake/Bouvier des Flandres_3.png,1,1.0000,1
/home/student/data/genimagepp/flux/flux/val/1_fake/Bouvier des Flandres_4.png,1,1.0000,1
/home/student/data/genimagepp/flux/flux/val/1_fake/Bouvier des Flandres_5.png,1,1.0000,1
/home/student/data/genimagepp/flux/flux/val/1_fake/Boxer_0.png,1,1.0000,1
/home/student/data/genimagepp/flux/flux/val/1_fake/Boxer_1.png,1,1.0000,1
/home/student/data/genimagepp/flux/flux/val/1_fake/Boxer_2.png,1,1.0000,1
/home/student/data/genimagepp/flux/flux/val/1_fake/Boxer_3.png,1,1.0000,1
/home/student/data/genimagepp/flux/flux/val/1_fake/Boxer_4.png,1,1.0000,1
/home/student/data/genimagepp/flux/flux/val/1_fake/Boxer_5.png,1,1.0000,1
/home/student/data/genimagepp/flux/flux/val/1_fake/Briard_0.png,1,0.9999,1
/home/student/data/genimagepp/flux/flux/val/1_fake/Briard_1.png,1,0.9998,1
/home/student/data/genimagepp/flux/flux/val/1_fake/Briard_2.png,1,1.0000,1
/home/student/data/genimagepp/flux/flux/val/1_fake/Briard_3.png,1,1.0000,1
/home/student/data/genimagepp/flux/flux/val/1_fake/Briard_4.png,1,0.9990,1
/home/student/data/genimagepp/flux/flux/val/1_fake/Briard_5.png,1,1.0000,1
/home/student/data/genimagepp/flux/flux/val/1_fake/Brittany Spaniel_0.png,1,1.0000,1
/home/student/data/genimagepp/flux/flux/val/1_fake/Brittany Spaniel_1.png,1,1.0000,1
/home/student/data/genimagepp/flux/flux/val/1_fake/Brittany Spaniel_2.png,1,1.0000,1
/home/student/data/genimagepp/flux/flux/val/1_fake/Brittany Spaniel_3.png,1,1.0000,1
/home/student/data/genimagepp/flux/flux/val/1_fake/Brittany Spaniel_4.png,1,1.0000,1
/home/student/data/genimagepp/flux/flux/val/1_fake/Brittany Spaniel_5.png,1,1.0000,1
/home/student/data/genimagepp/flux/flux/val/1_fake/Bullmastiff_0.png,1,1.0000,1
/home/student/data/genimagepp/flux/flux/val/1_fake/Bullmastiff_1.png,1,1.0000,1
/home/student/data/genimagepp/flux/flux/val/1_fake/Bullmastiff_2.png,1,1.0000,1
/home/student/data/genimagepp/flux/flux/val/1_fake/Bullmastiff_3.png,1,1.0000,1
/home/student/data/genimagepp/flux/flux/val/1_fake/Bullmastiff_4.png,1,1.0000,1
/home/student/data/genimagepp/flux/flux/val/1_fake/Bullmastiff_5.png,1,1.0000,1
/home/student/data/genimagepp/flux/flux/val/1_fake/CD player_0.png,1,1.0000,1
/home/student/data/genimagepp/flux/flux/val/1_fake/CD player_1.png,1,0.9998,1
/home/student/data/genimagepp/flux/flux/val/1_fake/CD player_2.png,1,0.9999,1
/home/student/data/genimagepp/flux/flux/val/1_fake/CD player_3.png,1,0.9979,1
/home/student/data/genimagepp/flux/flux/val/1_fake/CD player_4.png,1,0.9979,1
/home/student/data/genimagepp/flux/flux/val/1_fake/CD player_5.png,1,1.0000,1
/home/student/data/genimagepp/flux/flux/val/1_fake/CRT screen_0.png,1,0.9988,1
/home/student/data/genimagepp/flux/flux/val/1_fake/CRT screen_1.png,1,1.0000,1
/home/student/data/genimagepp/flux/flux/val/1_fake/CRT screen_2.png,1,0.9998,1
/home/student/data/genimagepp/flux/flux/val/1_fake/CRT screen_3.png,1,0.8604,1
/home/student/data/genimagepp/flux/flux/val/1_fake/CRT screen_4.png,1,1.0000,1
/home/student/data/genimagepp/flux/flux/val/1_fake/CRT screen_5.png,1,1.0000,1
/home/student/data/genimagepp/flux/flux/val/1_fake/Cairn Terrier_0.png,1,1.0000,1
/home/student/data/genimagepp/flux/flux/val/1_fake/Cairn Terrier_1.png,1,1.0000,1
/home/student/data/genimagepp/flux/flux/val/1_fake/Cairn Terrier_2.png,1,1.0000,1
/home/student/data/genimagepp/flux/flux/val/1_fake/Cairn Terrier_3.png,1,1.0000,1
/home/student/data/genimagepp/flux/flux/val/1_fake/Cairn Terrier_4.png,1,1.0000,1
/home/student/data/genimagepp/flux/flux/val/1_fake/Cairn Terrier_5.png,1,1.0000,1
/home/student/data/genimagepp/flux/flux/val/1_fake/Cardigan Welsh Corgi_0.png,1,1.0000,1
/home/student/data/genimagepp/flux/flux/val/1_fake/Cardigan Welsh Corgi_1.png,1,1.0000,1
/home/student/data/genimagepp/flux/flux/val/1_fake/Cardigan Welsh Corgi_2.png,1,0.9999,1
/home/student/data/genimagepp/flux/flux/val/1_fake/Cardigan Welsh Corgi_3.png,1,1.0000,1
/home/student/data/genimagepp/flux/flux/val/1_fake/Cardigan Welsh Corgi_4.png,1,1.0000,1
/home/student/data/genimagepp/flux/flux/val/1_fake/Cardigan Welsh Corgi_5.png,1,1.0000,1
/home/student/data/genimagepp/flux/flux/val/1_fake/Carolina anole_0.png,1,1.0000,1
/home/student/data/genimagepp/flux/flux/val/1_fake/Carolina anole_1.png,1,1.0000,1
/home/student/data/genimagepp/flux/flux/val/1_fake/Carolina anole_2.png,1,1.0000,1
/home/student/data/genimagepp/flux/flux/val/1_fake/Carolina anole_3.png,1,1.0000,1
/home/student/data/genimagepp/flux/flux/val/1_fake/Carolina anole_4.png,1,1.0000,1
/home/student/data/genimagepp/flux/flux/val/1_fake/Carolina anole_5.png,1,1.0000,1
/home/student/data/genimagepp/flux/flux/val/1_fake/Chesapeake Bay Retriever_0.png,1,1.0000,1
/home/student/data/genimagepp/flux/flux/val/1_fake/Chesapeake Bay Retriever_1.png,1,1.0000,1
/home/student/data/genimagepp/flux/flux/val/1_fake/Chesapeake Bay Retriever_2.png,1,1.0000,1
/home/student/data/genimagepp/flux/flux/val/1_fake/Chesapeake Bay Retriever_3.png,1,1.0000,1
/home/student/data/genimagepp/flux/flux/val/1_fake/Chesapeake Bay Retriever_4.png,1,1.0000,1
/home/student/data/genimagepp/flux/flux/val/1_fake/Chesapeake Bay Retriever_5.png,1,1.0000,1
/home/student/data/genimagepp/flux/flux/val/1_fake/Chihuahua_0.png,1,1.0000,1
/home/student/data/genimagepp/flux/flux/val/1_fake/Chihuahua_1.png,1,1.0000,1
/home/student/data/genimagepp/flux/flux/val/1_fake/Chihuahua_2.png,1,1.0000,1
/home/student/data/genimagepp/flux/flux/val/1_fake/Chihuahua_3.png,1,0.9999,1
/home/student/data/genimagepp/flux/flux/val/1_fake/Chihuahua_4.png,1,1.0000,1
/home/student/data/genimagepp/flux/flux/val/1_fake/Chihuahua_5.png,1,1.0000,1
/home/student/data/genimagepp/flux/flux/val/1_fake/Chow Chow_0.png,1,1.0000,1
/home/student/data/genimagepp/flux/flux/val/1_fake/Chow Chow_1.png,1,1.0000,1
/home/student/data/genimagepp/flux/flux/val/1_fake/Chow Chow_2.png,1,1.0000,1
/home/student/data/genimagepp/flux/flux/val/1_fake/Chow Chow_3.png,1,1.0000,1
/home/student/data/genimagepp/flux/flux/val/1_fake/Chow Chow_4.png,1,1.0000,1
/home/student/data/genimagepp/flux/flux/val/1_fake/Chow Chow_5.png,1,1.0000,1
/home/student/data/genimagepp/flux/flux/val/1_fake/Christmas stocking_0.png,1,1.0000,1
/home/student/data/genimagepp/flux/flux/val/1_fake/Christmas stocking_1.png,1,1.0000,1
/home/student/data/genimagepp/flux/flux/val/1_fake/Christmas stocking_2.png,1,1.0000,1
/home/student/data/genimagepp/flux/flux/val/1_fake/Christmas stocking_3.png,1,0.9999,1
/home/student/data/genimagepp/flux/flux/val/1_fake/Christmas stocking_4.png,1,0.9947,1
/home/student/data/genimagepp/flux/flux/val/1_fake/Christmas stocking_5.png,1,0.9979,1
/home/student/data/genimagepp/flux/flux/val/1_fake/Clumber Spaniel_0.png,1,1.0000,1
/home/student/data/genimagepp/flux/flux/val/1_fake/Clumber Spaniel_1.png,1,1.0000,1
/home/student/data/genimagepp/flux/flux/val/1_fake/Clumber Spaniel_2.png,1,1.0000,1
/home/student/data/genimagepp/flux/flux/val/1_fake/Clumber Spaniel_3.png,1,1.0000,1
/home/student/data/genimagepp/flux/flux/val/1_fake/Clumber Spaniel_4.png,1,1.0000,1
/home/student/data/genimagepp/flux/flux/val/1_fake/Clumber Spaniel_5.png,1,1.0000,1
/home/student/data/genimagepp/flux/flux/val/1_fake/Cocker Spaniels_0.png,1,1.0000,1
/home/student/data/genimagepp/flux/flux/val/1_fake/Cocker Spaniels_1.png,1,1.0000,1
/home/student/data/genimagepp/flux/flux/val/1_fake/Cocker Spaniels_2.png,1,1.0000,1
/home/student/data/genimagepp/flux/flux/val/1_fake/Cocker Spaniels_3.png,1,1.0000,1
/home/student/data/genimagepp/flux/flux/val/1_fake/Cocker Spaniels_4.png,1,1.0000,1
/home/student/data/genimagepp/flux/flux/val/1_fake/Cocker Spaniels_5.png,1,1.0000,1
/home/student/data/genimagepp/flux/flux/val/1_fake/Crock Pot_0.png,1,0.9971,1
/home/student/data/genimagepp/flux/flux/val/1_fake/Crock Pot_1.png,1,1.0000,1
/home/student/data/genimagepp/flux/flux/val/1_fake/Crock Pot_2.png,1,0.9997,1
/home/student/data/genimagepp/flux/flux/val/1_fake/Crock Pot_3.png,1,1.0000,1
/home/student/data/genimagepp/flux/flux/val/1_fake/Crock Pot_4.png,1,0.9943,1
/home/student/data/genimagepp/flux/flux/val/1_fake/Crock Pot_5.png,1,1.0000,1
/home/student/data/genimagepp/flux/flux/val/1_fake/Curly-coated Retriever_0.png,1,1.0000,1
/home/student/data/genimagepp/flux/flux/val/1_fake/Curly-coated Retriever_1.png,1,1.0000,1
/home/student/data/genimagepp/flux/flux/val/1_fake/Curly-coated Retriever_2.png,1,1.0000,1
/home/student/data/genimagepp/flux/flux/val/1_fake/Curly-coated Retriever_3.png,1,1.0000,1
/home/student/data/genimagepp/flux/flux/val/1_fake/Curly-coated Retriever_4.png,1,1.0000,1
/home/student/data/genimagepp/flux/flux/val/1_fake/Curly-coated Retriever_5.png,1,1.0000,1
/home/student/data/genimagepp/flux/flux/val/1_fake/Dalmatian_0.png,1,1.0000,1
/home/student/data/genimagepp/flux/flux/val/1_fake/Dalmatian_1.png,1,1.0000,1
/home/student/data/genimagepp/flux/flux/val/1_fake/Dalmatian_2.png,1,1.0000,1
/home/student/data/genimagepp/flux/flux/val/1_fake/Dalmatian_3.png,1,1.0000,1
/home/student/data/genimagepp/flux/flux/val/1_fake/Dalmatian_4.png,1,1.0000,1
/home/student/data/genimagepp/flux/flux/val/1_fake/Dalmatian_5.png,1,1.0000,1
/home/student/data/genimagepp/flux/flux/val/1_fake/Dandie Dinmont Terrier_0.png,1,1.0000,1
/home/student/data/genimagepp/flux/flux/val/1_fake/Dandie Dinmont Terrier_1.png,1,1.0000,1
/home/student/data/genimagepp/flux/flux/val/1_fake/Dandie Dinmont Terrier_2.png,1,0.9999,1
/home/student/data/genimagepp/flux/flux/val/1_fake/Dandie Dinmont Terrier_3.png,1,1.0000,1
/home/student/data/genimagepp/flux/flux/val/1_fake/Dandie Dinmont Terrier_4.png,1,1.0000,1
/home/student/data/genimagepp/flux/flux/val/1_fake/Dandie Dinmont Terrier_5.png,1,1.0000,1
/home/student/data/genimagepp/flux/flux/val/1_fake/Dobermann_0.png,1,1.0000,1
/home/student/data/genimagepp/flux/flux/val/1_fake/Dobermann_1.png,1,1.0000,1
/home/student/data/genimagepp/flux/flux/val/1_fake/Dobermann_2.png,1,1.0000,1
/home/student/data/genimagepp/flux/flux/val/1_fake/Dobermann_3.png,1,1.0000,1
/home/student/data/genimagepp/flux/flux/val/1_fake/Dobermann_4.png,1,1.0000,1
/home/student/data/genimagepp/flux/flux/val/1_fake/Dobermann_5.png,1,1.0000,1
/home/student/data/genimagepp/flux/flux/val/1_fake/Dungeness crab_0.png,1,0.9999,1
/home/student/data/genimagepp/flux/flux/val/1_fake/Dungeness crab_1.png,1,1.0000,1
/home/student/data/genimagepp/flux/flux/val/1_fake/Dungeness crab_2.png,1,0.7973,1
/home/student/data/genimagepp/flux/flux/val/1_fake/Dungeness crab_3.png,1,1.0000,1
/home/student/data/genimagepp/flux/flux/val/1_fake/Dungeness crab_4.png,1,1.0000,1
/home/student/data/genimagepp/flux/flux/val/1_fake/Dungeness crab_5.png,1,0.9398,1
/home/student/data/genimagepp/flux/flux/val/1_fake/Dutch oven_0.png,1,1.0000,1
/home/student/data/genimagepp/flux/flux/val/1_fake/Dutch oven_1.png,1,0.9997,1
/home/student/data/genimagepp/flux/flux/val/1_fake/Dutch oven_2.png,1,1.0000,1
/home/student/data/genimagepp/flux/flux/val/1_fake/Dutch oven_3.png,1,1.0000,1
/home/student/data/genimagepp/flux/flux/val/1_fake/Dutch oven_4.png,1,0.9999,1
/home/student/data/genimagepp/flux/flux/val/1_fake/Dutch oven_5.png,1,1.0000,1
/home/student/data/genimagepp/flux/flux/val/1_fake/Egyptian Mau_0.png,1,1.0000,1
/home/student/data/genimagepp/flux/flux/val/1_fake/Egyptian Mau_1.png,1,1.0000,1
/home/student/data/genimagepp/flux/flux/val/1_fake/Egyptian Mau_2.png,1,1.0000,1
/home/student/data/genimagepp/flux/flux/val/1_fake/Egyptian Mau_3.png,1,1.0000,1
/home/student/data/genimagepp/flux/flux/val/1_fake/Egyptian Mau_4.png,1,1.0000,1
/home/student/data/genimagepp/flux/flux/val/1_fake/Egyptian Mau_5.png,1,1.0000,1
/home/student/data/genimagepp/flux/flux/val/1_fake/English Setter_0.png,1,1.0000,1
/home/student/data/genimagepp/flux/flux/val/1_fake/English Setter_1.png,1,1.0000,1
/home/student/data/genimagepp/flux/flux/val/1_fake/English Setter_2.png,1,1.0000,1
/home/student/data/genimagepp/flux/flux/val/1_fake/English Setter_3.png,1,1.0000,1
/home/student/data/genimagepp/flux/flux/val/1_fake/English Setter_4.png,1,1.0000,1
/home/student/data/genimagepp/flux/flux/val/1_fake/English Setter_5.png,1,1.0000,1
/home/student/data/genimagepp/flux/flux/val/1_fake/English Springer Spaniel_0.png,1,1.0000,1
/home/student/data/genimagepp/flux/flux/val/1_fake/English Springer Spaniel_1.png,1,1.0000,1
/home/student/data/genimagepp/flux/flux/val/1_fake/English Springer Spaniel_2.png,1,1.0000,1
/home/student/data/genimagepp/flux/flux/val/1_fake/English Springer Spaniel_3.png,1,1.0000,1
/home/student/data/genimagepp/flux/flux/val/1_fake/English Springer Spaniel_4.png,1,1.0000,1
/home/student/data/genimagepp/flux/flux/val/1_fake/English Springer Spaniel_5.png,1,1.0000,1
/home/student/data/genimagepp/flux/flux/val/1_fake/English foxhound_0.png,1,1.0000,1
/home/student/data/genimagepp/flux/flux/val/1_fake/English foxhound_1.png,1,1.0000,1
/home/student/data/genimagepp/flux/flux/val/1_fake/English foxhound_2.png,1,1.0000,1
/home/student/data/genimagepp/flux/flux/val/1_fake/English foxhound_3.png,1,1.0000,1
/home/student/data/genimagepp/flux/flux/val/1_fake/English foxhound_4.png,1,1.0000,1
/home/student/data/genimagepp/flux/flux/val/1_fake/English foxhound_5.png,1,1.0000,1
/home/student/data/genimagepp/flux/flux/val/1_fake/Entlebucher Sennenhund_0.png,1,1.0000,1
/home/student/data/genimagepp/flux/flux/val/1_fake/Entlebucher Sennenhund_1.png,1,1.0000,1
/home/student/data/genimagepp/flux/flux/val/1_fake/Entlebucher Sennenhund_2.png,1,1.0000,1
/home/student/data/genimagepp/flux/flux/val/1_fake/Entlebucher Sennenhund_3.png,1,1.0000,1
/home/student/data/genimagepp/flux/flux/val/1_fake/Entlebucher Sennenhund_4.png,1,1.0000,1
/home/student/data/genimagepp/flux/flux/val/1_fake/Entlebucher Sennenhund_5.png,1,1.0000,1
/home/student/data/genimagepp/flux/flux/val/1_fake/European garden spider_0.png,1,1.0000,1
/home/student/data/genimagepp/flux/flux/val/1_fake/European garden spider_1.png,1,1.0000,1
/home/student/data/genimagepp/flux/flux/val/1_fake/European garden spider_2.png,1,1.0000,1
/home/student/data/genimagepp/flux/flux/val/1_fake/European garden spider_3.png,1,1.0000,1
/home/student/data/genimagepp/flux/flux/val/1_fake/European garden spider_4.png,1,1.0000,1
/home/student/data/genimagepp/flux/flux/val/1_fake/European garden spider_5.png,1,1.0000,1
/home/student/data/genimagepp/flux/flux/val/1_fake/European green lizard_0.png,1,1.0000,1
/home/student/data/genimagepp/flux/flux/val/1_fake/European green lizard_1.png,1,1.0000,1
/home/student/data/genimagepp/flux/flux/val/1_fake/European green lizard_2.png,1,1.0000,1
/home/student/data/genimagepp/flux/flux/val/1_fake/European green lizard_3.png,1,1.0000,1
/home/student/data/genimagepp/flux/flux/val/1_fake/European green lizard_4.png,1,1.0000,1
/home/student/data/genimagepp/flux/flux/val/1_fake/European green lizard_5.png,1,1.0000,1
/home/student/data/genimagepp/flux/flux/val/1_fake/European polecat_0.png,1,1.0000,1
/home/student/data/genimagepp/flux/flux/val/1_fake/European polecat_1.png,1,1.0000,1
/home/student/data/genimagepp/flux/flux/val/1_fake/European polecat_2.png,1,1.0000,1
/home/student/data/genimagepp/flux/flux/val/1_fake/European polecat_3.png,1,1.0000,1
/home/student/data/genimagepp/flux/flux/val/1_fake/European polecat_4.png,1,1.0000,1
/home/student/data/genimagepp/flux/flux/val/1_fake/European polecat_5.png,1,1.0000,1
/home/student/data/genimagepp/flux/flux/val/1_fake/Flat-Coated Retriever_0.png,1,1.0000,1
/home/student/data/genimagepp/flux/flux/val/1_fake/Flat-Coated Retriever_1.png,1,1.0000,1
/home/student/data/genimagepp/flux/flux/val/1_fake/Flat-Coated Retriever_2.png,1,1.0000,1
/home/student/data/genimagepp/flux/flux/val/1_fake/Flat-Coated Retriever_3.png,1,1.0000,1
/home/student/data/genimagepp/flux/flux/val/1_fake/Flat-Coated Retriever_4.png,1,1.0000,1
/home/student/data/genimagepp/flux/flux/val/1_fake/Flat-Coated Retriever_5.png,1,1.0000,1
/home/student/data/genimagepp/flux/flux/val/1_fake/French Bulldog_0.png,1,1.0000,1
/home/student/data/genimagepp/flux/flux/val/1_fake/French Bulldog_1.png,1,1.0000,1
/home/student/data/genimagepp/flux/flux/val/1_fake/French Bulldog_2.png,1,0.9997,1
/home/student/data/genimagepp/flux/flux/val/1_fake/French Bulldog_3.png,1,1.0000,1
/home/student/data/genimagepp/flux/flux/val/1_fake/French Bulldog_4.png,1,1.0000,1
/home/student/data/genimagepp/flux/flux/val/1_fake/French Bulldog_5.png,1,1.0000,1
/home/student/data/genimagepp/flux/flux/val/1_fake/French horn_0.png,1,0.9898,1
/home/student/data/genimagepp/flux/flux/val/1_fake/French horn_1.png,1,1.0000,1
/home/student/data/genimagepp/flux/flux/val/1_fake/French horn_2.png,1,0.9997,1
/home/student/data/genimagepp/flux/flux/val/1_fake/French horn_3.png,1,0.9999,1
/home/student/data/genimagepp/flux/flux/val/1_fake/French horn_4.png,1,1.0000,1
/home/student/data/genimagepp/flux/flux/val/1_fake/French horn_5.png,1,0.9992,1
/home/student/data/genimagepp/flux/flux/val/1_fake/Geoffroy's spider monkey_0.png,1,1.0000,1
/home/student/data/genimagepp/flux/flux/val/1_fake/Geoffroy's spider monkey_1.png,1,0.9995,1
/home/student/data/genimagepp/flux/flux/val/1_fake/Geoffroy's spider monkey_2.png,1,1.0000,1
/home/student/data/genimagepp/flux/flux/val/1_fake/Geoffroy's spider monkey_3.png,1,1.0000,1
/home/student/data/genimagepp/flux/flux/val/1_fake/Geoffroy's spider monkey_4.png,1,1.0000,1
/home/student/data/genimagepp/flux/flux/val/1_fake/Geoffroy's spider monkey_5.png,1,1.0000,1
/home/student/data/genimagepp/flux/flux/val/1_fake/German Shepherd Dog_0.png,1,1.0000,1
/home/student/data/genimagepp/flux/flux/val/1_fake/German Shepherd Dog_1.png,1,1.0000,1
/home/student/data/genimagepp/flux/flux/val/1_fake/German Shepherd Dog_2.png,1,1.0000,1
/home/student/data/genimagepp/flux/flux/val/1_fake/German Shepherd Dog_3.png,1,1.0000,1
/home/student/data/genimagepp/flux/flux/val/1_fake/German Shepherd Dog_4.png,1,1.0000,1
/home/student/data/genimagepp/flux/flux/val/1_fake/German Shepherd Dog_5.png,1,1.0000,1
/home/student/data/genimagepp/flux/flux/val/1_fake/German Shorthaired Pointer_0.png,1,1.0000,1
/home/student/data/genimagepp/flux/flux/val/1_fake/German Shorthaired Pointer_1.png,1,1.0000,1
/home/student/data/genimagepp/flux/flux/val/1_fake/German Shorthaired Pointer_2.png,1,1.0000,1
/home/student/data/genimagepp/flux/flux/val/1_fake/German Shorthaired Pointer_3.png,1,1.0000,1
/home/student/data/genimagepp/flux/flux/val/1_fake/German Shorthaired Pointer_4.png,1,1.0000,1
/home/student/data/genimagepp/flux/flux/val/1_fake/German Shorthaired Pointer_5.png,1,1.0000,1
/home/student/data/genimagepp/flux/flux/val/1_fake/Giant Schnauzer_0.png,1,1.0000,1
/home/student/data/genimagepp/flux/flux/val/1_fake/Giant Schnauzer_1.png,1,1.0000,1
/home/student/data/genimagepp/flux/flux/val/1_fake/Giant Schnauzer_2.png,1,1.0000,1
/home/student/data/genimagepp/flux/flux/val/1_fake/Giant Schnauzer_3.png,1,1.0000,1
/home/student/data/genimagepp/flux/flux/val/1_fake/Giant Schnauzer_4.png,1,1.0000,1
/home/student/data/genimagepp/flux/flux/val/1_fake/Giant Schnauzer_5.png,1,1.0000,1
/home/student/data/genimagepp/flux/flux/val/1_fake/Gila monster_0.png,1,1.0000,1
/home/student/data/genimagepp/flux/flux/val/1_fake/Gila monster_1.png,1,1.0000,1
/home/student/data/genimagepp/flux/flux/val/1_fake/Gila monster_2.png,1,1.0000,1
/home/student/data/genimagepp/flux/flux/val/1_fake/Gila monster_3.png,1,1.0000,1
/home/student/data/genimagepp/flux/flux/val/1_fake/Gila monster_4.png,1,1.0000,1
/home/student/data/genimagepp/flux/flux/val/1_fake/Gila monster_5.png,1,1.0000,1
/home/student/data/genimagepp/flux/flux/val/1_fake/Golden Retriever_0.png,1,1.0000,1
/home/student/data/genimagepp/flux/flux/val/1_fake/Golden Retriever_1.png,1,1.0000,1
/home/student/data/genimagepp/flux/flux/val/1_fake/Golden Retriever_2.png,1,1.0000,1
/home/student/data/genimagepp/flux/flux/val/1_fake/Golden Retriever_3.png,1,1.0000,1
/home/student/data/genimagepp/flux/flux/val/1_fake/Golden Retriever_4.png,1,1.0000,1
/home/student/data/genimagepp/flux/flux/val/1_fake/Golden Retriever_5.png,1,1.0000,1
/home/student/data/genimagepp/flux/flux/val/1_fake/Gordon Setter_0.png,1,1.0000,1
/home/student/data/genimagepp/flux/flux/val/1_fake/Gordon Setter_1.png,1,1.0000,1
/home/student/data/genimagepp/flux/flux/val/1_fake/Gordon Setter_2.png,1,1.0000,1
/home/student/data/genimagepp/flux/flux/val/1_fake/Gordon Setter_3.png,1,1.0000,1
/home/student/data/genimagepp/flux/flux/val/1_fake/Gordon Setter_4.png,1,1.0000,1
/home/student/data/genimagepp/flux/flux/val/1_fake/Gordon Setter_5.png,1,1.0000,1
/home/student/data/genimagepp/flux/flux/val/1_fake/Granny Smith_0.png,1,1.0000,1
/home/student/data/genimagepp/flux/flux/val/1_fake/Granny Smith_1.png,1,1.0000,1
/home/student/data/genimagepp/flux/flux/val/1_fake/Granny Smith_2.png,1,1.0000,1
/home/student/data/genimagepp/flux/flux/val/1_fake/Granny Smith_3.png,1,0.9995,1
/home/student/data/genimagepp/flux/flux/val/1_fake/Granny Smith_4.png,1,1.0000,1
/home/student/data/genimagepp/flux/flux/val/1_fake/Granny Smith_5.png,1,1.0000,1
/home/student/data/genimagepp/flux/flux/val/1_fake/Great Dane_0.png,1,1.0000,1
/home/student/data/genimagepp/flux/flux/val/1_fake/Great Dane_1.png,1,1.0000,1
/home/student/data/genimagepp/flux/flux/val/1_fake/Great Dane_2.png,1,1.0000,1
/home/student/data/genimagepp/flux/flux/val/1_fake/Great Dane_3.png,1,1.0000,1
/home/student/data/genimagepp/flux/flux/val/1_fake/Great Dane_4.png,1,1.0000,1
/home/student/data/genimagepp/flux/flux/val/1_fake/Great Dane_5.png,1,1.0000,1
/home/student/data/genimagepp/flux/flux/val/1_fake/Greater Swiss Mountain Dog_0.png,1,1.0000,1
/home/student/data/genimagepp/flux/flux/val/1_fake/Greater Swiss Mountain Dog_1.png,1,1.0000,1
/home/student/data/genimagepp/flux/flux/val/1_fake/Greater Swiss Mountain Dog_2.png,1,1.0000,1
/home/student/data/genimagepp/flux/flux/val/1_fake/Greater Swiss Mountain Dog_3.png,1,1.0000,1
/home/student/data/genimagepp/flux/flux/val/1_fake/Greater Swiss Mountain Dog_4.png,1,1.0000,1
/home/student/data/genimagepp/flux/flux/val/1_fake/Greater Swiss Mountain Dog_5.png,1,1.0000,1
/home/student/data/genimagepp/flux/flux/val/1_fake/Griffon Bruxellois_0.png,1,1.0000,1
/home/student/data/genimagepp/flux/flux/val/1_fake/Griffon Bruxellois_1.png,1,1.0000,1
/home/student/data/genimagepp/flux/flux/val/1_fake/Griffon Bruxellois_2.png,1,1.0000,1
/home/student/data/genimagepp/flux/flux/val/1_fake/Griffon Bruxellois_3.png,1,1.0000,1
/home/student/data/genimagepp/flux/flux/val/1_fake/Griffon Bruxellois_4.png,1,1.0000,1
/home/student/data/genimagepp/flux/flux/val/1_fake/Griffon Bruxellois_5.png,1,1.0000,1
/home/student/data/genimagepp/flux/flux/val/1_fake/Groenendael_0.png,1,0.9691,1
/home/student/data/genimagepp/flux/flux/val/1_fake/Groenendael_1.png,1,0.7564,1
/home/student/data/genimagepp/flux/flux/val/1_fake/Groenendael_2.png,1,1.0000,1
/home/student/data/genimagepp/flux/flux/val/1_fake/Groenendael_3.png,1,0.9957,1
/home/student/data/genimagepp/flux/flux/val/1_fake/Groenendael_4.png,1,0.9382,1
/home/student/data/genimagepp/flux/flux/val/1_fake/Groenendael_5.png,1,0.9959,1
/home/student/data/genimagepp/flux/flux/val/1_fake/Ibizan Hound_0.png,1,1.0000,1
/home/student/data/genimagepp/flux/flux/val/1_fake/Ibizan Hound_1.png,1,1.0000,1
/home/student/data/genimagepp/flux/flux/val/1_fake/Ibizan Hound_2.png,1,1.0000,1
/home/student/data/genimagepp/flux/flux/val/1_fake/Ibizan Hound_3.png,1,1.0000,1
/home/student/data/genimagepp/flux/flux/val/1_fake/Ibizan Hound_4.png,1,1.0000,1
/home/student/data/genimagepp/flux/flux/val/1_fake/Ibizan Hound_5.png,1,1.0000,1
/home/student/data/genimagepp/flux/flux/val/1_fake/Indian cobra_0.png,1,1.0000,1
/home/student/data/genimagepp/flux/flux/val/1_fake/Indian cobra_1.png,1,0.9996,1
/home/student/data/genimagepp/flux/flux/val/1_fake/Indian cobra_2.png,1,1.0000,1
/home/student/data/genimagepp/flux/flux/val/1_fake/Indian cobra_3.png,1,1.0000,1
/home/student/data/genimagepp/flux/flux/val/1_fake/Indian cobra_4.png,1,1.0000,1
/home/student/data/genimagepp/flux/flux/val/1_fake/Indian cobra_5.png,1,1.0000,1
/home/student/data/genimagepp/flux/flux/val/1_fake/Irish Setter_0.png,1,1.0000,1
/home/student/data/genimagepp/flux/flux/val/1_fake/Irish Setter_1.png,1,1.0000,1
/home/student/data/genimagepp/flux/flux/val/1_fake/Irish Setter_2.png,1,1.0000,1
/home/student/data/genimagepp/flux/flux/val/1_fake/Irish Setter_3.png,1,1.0000,1
/home/student/data/genimagepp/flux/flux/val/1_fake/Irish Setter_4.png,1,1.0000,1
/home/student/data/genimagepp/flux/flux/val/1_fake/Irish Setter_5.png,1,1.0000,1
/home/student/data/genimagepp/flux/flux/val/1_fake/Irish Terrier_0.png,1,1.0000,1
/home/student/data/genimagepp/flux/flux/val/1_fake/Irish Terrier_1.png,1,1.0000,1
/home/student/data/genimagepp/flux/flux/val/1_fake/Irish Terrier_2.png,1,1.0000,1
/home/student/data/genimagepp/flux/flux/val/1_fake/Irish Terrier_3.png,1,1.0000,1
/home/student/data/genimagepp/flux/flux/val/1_fake/Irish Terrier_4.png,1,1.0000,1
/home/student/data/genimagepp/flux/flux/val/1_fake/Irish Terrier_5.png,1,1.0000,1
/home/student/data/genimagepp/flux/flux/val/1_fake/Irish Water Spaniel_0.png,1,1.0000,1
/home/student/data/genimagepp/flux/flux/val/1_fake/Irish Water Spaniel_1.png,1,1.0000,1
/home/student/data/genimagepp/flux/flux/val/1_fake/Irish Water Spaniel_2.png,1,1.0000,1
/home/student/data/genimagepp/flux/flux/val/1_fake/Irish Water Spaniel_3.png,1,1.0000,1
/home/student/data/genimagepp/flux/flux/val/1_fake/Irish Water Spaniel_4.png,1,1.0000,1
/home/student/data/genimagepp/flux/flux/val/1_fake/Irish Water Spaniel_5.png,1,1.0000,1
/home/student/data/genimagepp/flux/flux/val/1_fake/Irish Wolfhound_0.png,1,1.0000,1
/home/student/data/genimagepp/flux/flux/val/1_fake/Irish Wolfhound_1.png,1,1.0000,1
/home/student/data/genimagepp/flux/flux/val/1_fake/Irish Wolfhound_2.png,1,1.0000,1
/home/student/data/genimagepp/flux/flux/val/1_fake/Irish Wolfhound_3.png,1,1.0000,1
/home/student/data/genimagepp/flux/flux/val/1_fake/Irish Wolfhound_4.png,1,1.0000,1
/home/student/data/genimagepp/flux/flux/val/1_fake/Irish Wolfhound_5.png,1,1.0000,1
/home/student/data/genimagepp/flux/flux/val/1_fake/Italian Greyhound_0.png,1,1.0000,1
/home/student/data/genimagepp/flux/flux/val/1_fake/Italian Greyhound_1.png,1,1.0000,1
/home/student/data/genimagepp/flux/flux/val/1_fake/Italian Greyhound_2.png,1,1.0000,1
/home/student/data/genimagepp/flux/flux/val/1_fake/Italian Greyhound_3.png,1,1.0000,1
/home/student/data/genimagepp/flux/flux/val/1_fake/Italian Greyhound_4.png,1,1.0000,1
/home/student/data/genimagepp/flux/flux/val/1_fake/Italian Greyhound_5.png,1,1.0000,1
/home/student/data/genimagepp/flux/flux/val/1_fake/Japanese Chin_0.png,1,1.0000,1
/home/student/data/genimagepp/flux/flux/val/1_fake/Japanese Chin_1.png,1,1.0000,1
/home/student/data/genimagepp/flux/flux/val/1_fake/Japanese Chin_2.png,1,1.0000,1
/home/student/data/genimagepp/flux/flux/val/1_fake/Japanese Chin_3.png,1,1.0000,1
/home/student/data/genimagepp/flux/flux/val/1_fake/Japanese Chin_4.png,1,1.0000,1
/home/student/data/genimagepp/flux/flux/val/1_fake/Japanese Chin_5.png,1,1.0000,1
/home/student/data/genimagepp/flux/flux/val/1_fake/Keeshond_0.png,1,1.0000,1
/home/student/data/genimagepp/flux/flux/val/1_fake/Keeshond_1.png,1,1.0000,1
/home/student/data/genimagepp/flux/flux/val/1_fake/Keeshond_2.png,1,1.0000,1
/home/student/data/genimagepp/flux/flux/val/1_fake/Keeshond_3.png,1,1.0000,1
/home/student/data/genimagepp/flux/flux/val/1_fake/Keeshond_4.png,1,1.0000,1
/home/student/data/genimagepp/flux/flux/val/1_fake/Keeshond_5.png,1,1.0000,1
/home/student/data/genimagepp/flux/flux/val/1_fake/Kerry Blue Terrier_0.png,1,1.0000,1
/home/student/data/genimagepp/flux/flux/val/1_fake/Kerry Blue Terrier_1.png,1,1.0000,1
/home/student/data/genimagepp/flux/flux/val/1_fake/Kerry Blue Terrier_2.png,1,1.0000,1
/home/student/data/genimagepp/flux/flux/val/1_fake/Kerry Blue Terrier_3.png,1,1.0000,1
/home/student/data/genimagepp/flux/flux/val/1_fake/Kerry Blue Terrier_4.png,1,1.0000,1
/home/student/data/genimagepp/flux/flux/val/1_fake/Kerry Blue Terrier_5.png,1,1.0000,1
/home/student/data/genimagepp/flux/flux/val/1_fake/King Charles Spaniel_0.png,1,1.0000,1
/home/student/data/genimagepp/flux/flux/val/1_fake/King Charles Spaniel_1.png,1,1.0000,1
/home/student/data/genimagepp/flux/flux/val/1_fake/King Charles Spaniel_2.png,1,1.0000,1
/home/student/data/genimagepp/flux/flux/val/1_fake/King Charles Spaniel_3.png,1,1.0000,1
/home/student/data/genimagepp/flux/flux/val/1_fake/King Charles Spaniel_4.png,1,1.0000,1
/home/student/data/genimagepp/flux/flux/val/1_fake/King Charles Spaniel_5.png,1,1.0000,1
/home/student/data/genimagepp/flux/flux/val/1_fake/Komodo dragon_0.png,1,1.0000,1
/home/student/data/genimagepp/flux/flux/val/1_fake/Komodo dragon_1.png,1,1.0000,1
/home/student/data/genimagepp/flux/flux/val/1_fake/Komodo dragon_2.png,1,1.0000,1
/home/student/data/genimagepp/flux/flux/val/1_fake/Komodo dragon_3.png,1,1.0000,1
/home/student/data/genimagepp/flux/flux/val/1_fake/Komodo dragon_4.png,1,1.0000,1
/home/student/data/genimagepp/flux/flux/val/1_fake/Komodo dragon_5.png,1,1.0000,1
/home/student/data/genimagepp/flux/flux/val/1_fake/Komondor_0.png,1,1.0000,1
/home/student/data/genimagepp/flux/flux/val/1_fake/Komondor_1.png,1,1.0000,1
/home/student/data/genimagepp/flux/flux/val/1_fake/Komondor_2.png,1,0.9999,1
/home/student/data/genimagepp/flux/flux/val/1_fake/Komondor_3.png,1,1.0000,1
/home/student/data/genimagepp/flux/flux/val/1_fake/Komondor_4.png,1,0.9940,1
/home/student/data/genimagepp/flux/flux/val/1_fake/Komondor_5.png,1,1.0000,1
/home/student/data/genimagepp/flux/flux/val/1_fake/Kuvasz_0.png,1,0.9995,1
/home/student/data/genimagepp/flux/flux/val/1_fake/Kuvasz_1.png,1,1.0000,1
/home/student/data/genimagepp/flux/flux/val/1_fake/Kuvasz_2.png,1,1.0000,1
/home/student/data/genimagepp/flux/flux/val/1_fake/Kuvasz_3.png,1,0.9999,1
/home/student/data/genimagepp/flux/flux/val/1_fake/Kuvasz_4.png,1,1.0000,1
/home/student/data/genimagepp/flux/flux/val/1_fake/Kuvasz_5.png,1,1.0000,1
/home/student/data/genimagepp/flux/flux/val/1_fake/Labrador Retriever_0.png,1,1.0000,1
/home/student/data/genimagepp/flux/flux/val/1_fake/Labrador Retriever_1.png,1,1.0000,1
/home/student/data/genimagepp/flux/flux/val/1_fake/Labrador Retriever_2.png,1,1.0000,1
/home/student/data/genimagepp/flux/flux/val/1_fake/Labrador Retriever_3.png,1,1.0000,1
/home/student/data/genimagepp/flux/flux/val/1_fake/Labrador Retriever_4.png,1,1.0000,1
/home/student/data/genimagepp/flux/flux/val/1_fake/Labrador Retriever_5.png,1,1.0000,1
/home/student/data/genimagepp/flux/flux/val/1_fake/Lakeland Terrier_0.png,1,1.0000,1
/home/student/data/genimagepp/flux/flux/val/1_fake/Lakeland Terrier_1.png,1,1.0000,1
/home/student/data/genimagepp/flux/flux/val/1_fake/Lakeland Terrier_2.png,1,1.0000,1
/home/student/data/genimagepp/flux/flux/val/1_fake/Lakeland Terrier_3.png,1,1.0000,1
/home/student/data/genimagepp/flux/flux/val/1_fake/Lakeland Terrier_4.png,1,1.0000,1
/home/student/data/genimagepp/flux/flux/val/1_fake/Lakeland Terrier_5.png,1,1.0000,1
/home/student/data/genimagepp/flux/flux/val/1_fake/Leonberger_0.png,1,1.0000,1
/home/student/data/genimagepp/flux/flux/val/1_fake/Leonberger_1.png,1,1.0000,1
/home/student/data/genimagepp/flux/flux/val/1_fake/Leonberger_2.png,1,1.0000,1
/home/student/data/genimagepp/flux/flux/val/1_fake/Leonberger_3.png,1,1.0000,1
/home/student/data/genimagepp/flux/flux/val/1_fake/Leonberger_4.png,1,1.0000,1
/home/student/data/genimagepp/flux/flux/val/1_fake/Leonberger_5.png,1,1.0000,1
/home/student/data/genimagepp/flux/flux/val/1_fake/Lhasa Apso_0.png,1,1.0000,1
/home/student/data/genimagepp/flux/flux/val/1_fake/Lhasa Apso_1.png,1,1.0000,1
/home/student/data/genimagepp/flux/flux/val/1_fake/Lhasa Apso_2.png,1,1.0000,1
/home/student/data/genimagepp/flux/flux/val/1_fake/Lhasa Apso_3.png,1,1.0000,1
/home/student/data/genimagepp/flux/flux/val/1_fake/Lhasa Apso_4.png,1,1.0000,1
/home/student/data/genimagepp/flux/flux/val/1_fake/Lhasa Apso_5.png,1,1.0000,1
/home/student/data/genimagepp/flux/flux/val/1_fake/Malinois_0.png,1,1.0000,1
/home/student/data/genimagepp/flux/flux/val/1_fake/Malinois_1.png,1,1.0000,1
/home/student/data/genimagepp/flux/flux/val/1_fake/Malinois_2.png,1,1.0000,1
/home/student/data/genimagepp/flux/flux/val/1_fake/Malinois_3.png,1,1.0000,1
/home/student/data/genimagepp/flux/flux/val/1_fake/Malinois_4.png,1,1.0000,1
/home/student/data/genimagepp/flux/flux/val/1_fake/Malinois_5.png,1,1.0000,1
/home/student/data/genimagepp/flux/flux/val/1_fake/Maltese_0.png,1,0.9993,1
/home/student/data/genimagepp/flux/flux/val/1_fake/Maltese_1.png,1,0.0026,0
/home/student/data/genimagepp/flux/flux/val/1_fake/Maltese_2.png,1,1.0000,1
/home/student/data/genimagepp/flux/flux/val/1_fake/Maltese_3.png,1,1.0000,1
/home/student/data/genimagepp/flux/flux/val/1_fake/Maltese_4.png,1,1.0000,1
/home/student/data/genimagepp/flux/flux/val/1_fake/Maltese_5.png,1,1.0000,1
/home/student/data/genimagepp/flux/flux/val/1_fake/Mexican hairless dog_0.png,1,1.0000,1
/home/student/data/genimagepp/flux/flux/val/1_fake/Mexican hairless dog_1.png,1,1.0000,1
/home/student/data/genimagepp/flux/flux/val/1_fake/Mexican hairless dog_2.png,1,1.0000,1
/home/student/data/genimagepp/flux/flux/val/1_fake/Mexican hairless dog_3.png,1,1.0000,1
/home/student/data/genimagepp/flux/flux/val/1_fake/Mexican hairless dog_4.png,1,1.0000,1
/home/student/data/genimagepp/flux/flux/val/1_fake/Mexican hairless dog_5.png,1,1.0000,1
/home/student/data/genimagepp/flux/flux/val/1_fake/Miniature Pinscher_0.png,1,1.0000,1
/home/student/data/genimagepp/flux/flux/val/1_fake/Miniature Pinscher_1.png,1,1.0000,1
/home/student/data/genimagepp/flux/flux/val/1_fake/Miniature Pinscher_2.png,1,1.0000,1
/home/student/data/genimagepp/flux/flux/val/1_fake/Miniature Pinscher_3.png,1,1.0000,1
/home/student/data/genimagepp/flux/flux/val/1_fake/Miniature Pinscher_4.png,1,1.0000,1
/home/student/data/genimagepp/flux/flux/val/1_fake/Miniature Pinscher_5.png,1,1.0000,1
/home/student/data/genimagepp/flux/flux/val/1_fake/Miniature Poodle_0.png,1,1.0000,1
/home/student/data/genimagepp/flux/flux/val/1_fake/Miniature Poodle_1.png,1,1.0000,1
/home/student/data/genimagepp/flux/flux/val/1_fake/Miniature Poodle_2.png,1,1.0000,1
/home/student/data/genimagepp/flux/flux/val/1_fake/Miniature Poodle_3.png,1,1.0000,1
/home/student/data/genimagepp/flux/flux/val/1_fake/Miniature Poodle_4.png,1,1.0000,1
/home/student/data/genimagepp/flux/flux/val/1_fake/Miniature Poodle_5.png,1,1.0000,1
/home/student/data/genimagepp/flux/flux/val/1_fake/Miniature Schnauzer_0.png,1,1.0000,1
/home/student/data/genimagepp/flux/flux/val/1_fake/Miniature Schnauzer_1.png,1,1.0000,1
/home/student/data/genimagepp/flux/flux/val/1_fake/Miniature Schnauzer_2.png,1,1.0000,1
/home/student/data/genimagepp/flux/flux/val/1_fake/Miniature Schnauzer_3.png,1,1.0000,1
/home/student/data/genimagepp/flux/flux/val/1_fake/Miniature Schnauzer_4.png,1,1.0000,1
/home/student/data/genimagepp/flux/flux/val/1_fake/Miniature Schnauzer_5.png,1,1.0000,1
/home/student/data/genimagepp/flux/flux/val/1_fake/Model T_0.png,1,0.9988,1
/home/student/data/genimagepp/flux/flux/val/1_fake/Model T_1.png,1,0.9992,1
/home/student/data/genimagepp/flux/flux/val/1_fake/Model T_2.png,1,0.9992,1
/home/student/data/genimagepp/flux/flux/val/1_fake/Model T_3.png,1,1.0000,1
/home/student/data/genimagepp/flux/flux/val/1_fake/Model T_4.png,1,0.9999,1
/home/student/data/genimagepp/flux/flux/val/1_fake/Model T_5.png,1,1.0000,1
/home/student/data/genimagepp/flux/flux/val/1_fake/Newfoundland_0.png,1,1.0000,1
/home/student/data/genimagepp/flux/flux/val/1_fake/Newfoundland_1.png,1,1.0000,1
/home/student/data/genimagepp/flux/flux/val/1_fake/Newfoundland_2.png,1,1.0000,1
/home/student/data/genimagepp/flux/flux/val/1_fake/Newfoundland_3.png,1,0.4172,0
/home/student/data/genimagepp/flux/flux/val/1_fake/Newfoundland_4.png,1,1.0000,1
/home/student/data/genimagepp/flux/flux/val/1_fake/Newfoundland_5.png,1,0.9999,1
/home/student/data/genimagepp/flux/flux/val/1_fake/Nile crocodile_0.png,1,1.0000,1
/home/student/data/genimagepp/flux/flux/val/1_fake/Nile crocodile_1.png,1,1.0000,1
/home/student/data/genimagepp/flux/flux/val/1_fake/Nile crocodile_2.png,1,1.0000,1
/home/student/data/genimagepp/flux/flux/val/1_fake/Nile crocodile_3.png,1,1.0000,1
/home/student/data/genimagepp/flux/flux/val/1_fake/Nile crocodile_4.png,1,1.0000,1
/home/student/data/genimagepp/flux/flux/val/1_fake/Nile crocodile_5.png,1,1.0000,1
/home/student/data/genimagepp/flux/flux/val/1_fake/Norfolk Terrier_0.png,1,1.0000,1
/home/student/data/genimagepp/flux/flux/val/1_fake/Norfolk Terrier_1.png,1,1.0000,1
/home/student/data/genimagepp/flux/flux/val/1_fake/Norfolk Terrier_2.png,1,1.0000,1
/home/student/data/genimagepp/flux/flux/val/1_fake/Norfolk Terrier_3.png,1,1.0000,1
/home/student/data/genimagepp/flux/flux/val/1_fake/Norfolk Terrier_4.png,1,1.0000,1
/home/student/data/genimagepp/flux/flux/val/1_fake/Norfolk Terrier_5.png,1,1.0000,1
/home/student/data/genimagepp/flux/flux/val/1_fake/Norwegian Elkhound_0.png,1,1.0000,1
/home/student/data/genimagepp/flux/flux/val/1_fake/Norwegian Elkhound_1.png,1,1.0000,1
/home/student/data/genimagepp/flux/flux/val/1_fake/Norwegian Elkhound_2.png,1,1.0000,1
/home/student/data/genimagepp/flux/flux/val/1_fake/Norwegian Elkhound_3.png,1,1.0000,1
/home/student/data/genimagepp/flux/flux/val/1_fake/Norwegian Elkhound_4.png,1,1.0000,1
/home/student/data/genimagepp/flux/flux/val/1_fake/Norwegian Elkhound_5.png,1,1.0000,1
/home/student/data/genimagepp/flux/flux/val/1_fake/Norwich Terrier_0.png,1,1.0000,1
/home/student/data/genimagepp/flux/flux/val/1_fake/Norwich Terrier_1.png,1,1.0000,1
/home/student/data/genimagepp/flux/flux/val/1_fake/Norwich Terrier_2.png,1,1.0000,1
/home/student/data/genimagepp/flux/flux/val/1_fake/Norwich Terrier_3.png,1,1.0000,1
/home/student/data/genimagepp/flux/flux/val/1_fake/Norwich Terrier_4.png,1,1.0000,1
/home/student/data/genimagepp/flux/flux/val/1_fake/Norwich Terrier_5.png,1,1.0000,1
/home/student/data/genimagepp/flux/flux/val/1_fake/Old English Sheepdog_0.png,1,1.0000,1
/home/student/data/genimagepp/flux/flux/val/1_fake/Old English Sheepdog_1.png,1,1.0000,1
/home/student/data/genimagepp/flux/flux/val/1_fake/Old English Sheepdog_2.png,1,1.0000,1
/home/student/data/genimagepp/flux/flux/val/1_fake/Old English Sheepdog_3.png,1,1.0000,1
/home/student/data/genimagepp/flux/flux/val/1_fake/Old English Sheepdog_4.png,1,1.0000,1
/home/student/data/genimagepp/flux/flux/val/1_fake/Old English Sheepdog_5.png,1,1.0000,1
/home/student/data/genimagepp/flux/flux/val/1_fake/Otterhound_0.png,1,1.0000,1
/home/student/data/genimagepp/flux/flux/val/1_fake/Otterhound_1.png,1,1.0000,1
/home/student/data/genimagepp/flux/flux/val/1_fake/Otterhound_2.png,1,1.0000,1
/home/student/data/genimagepp/flux/flux/val/1_fake/Otterhound_3.png,1,1.0000,1
/home/student/data/genimagepp/flux/flux/val/1_fake/Otterhound_4.png,1,1.0000,1
/home/student/data/genimagepp/flux/flux/val/1_fake/Otterhound_5.png,1,1.0000,1
/home/student/data/genimagepp/flux/flux/val/1_fake/Papillon_0.png,1,1.0000,1
/home/student/data/genimagepp/flux/flux/val/1_fake/Papillon_1.png,1,1.0000,1
/home/student/data/genimagepp/flux/flux/val/1_fake/Papillon_2.png,1,1.0000,1
/home/student/data/genimagepp/flux/flux/val/1_fake/Papillon_3.png,1,1.0000,1
/home/student/data/genimagepp/flux/flux/val/1_fake/Papillon_4.png,1,1.0000,1
/home/student/data/genimagepp/flux/flux/val/1_fake/Papillon_5.png,1,1.0000,1
/home/student/data/genimagepp/flux/flux/val/1_fake/Pekingese_0.png,1,1.0000,1
/home/student/data/genimagepp/flux/flux/val/1_fake/Pekingese_1.png,1,1.0000,1
/home/student/data/genimagepp/flux/flux/val/1_fake/Pekingese_2.png,1,1.0000,1
/home/student/data/genimagepp/flux/flux/val/1_fake/Pekingese_3.png,1,1.0000,1
/home/student/data/genimagepp/flux/flux/val/1_fake/Pekingese_4.png,1,1.0000,1
/home/student/data/genimagepp/flux/flux/val/1_fake/Pekingese_5.png,1,1.0000,1
/home/student/data/genimagepp/flux/flux/val/1_fake/Pembroke Welsh Corgi_0.png,1,1.0000,1
/home/student/data/genimagepp/flux/flux/val/1_fake/Pembroke Welsh Corgi_1.png,1,1.0000,1
/home/student/data/genimagepp/flux/flux/val/1_fake/Pembroke Welsh Corgi_2.png,1,1.0000,1
/home/student/data/genimagepp/flux/flux/val/1_fake/Pembroke Welsh Corgi_3.png,1,1.0000,1
/home/student/data/genimagepp/flux/flux/val/1_fake/Pembroke Welsh Corgi_4.png,1,1.0000,1
/home/student/data/genimagepp/flux/flux/val/1_fake/Pembroke Welsh Corgi_5.png,1,1.0000,1
/home/student/data/genimagepp/flux/flux/val/1_fake/Persian cat_0.png,1,1.0000,1
/home/student/data/genimagepp/flux/flux/val/1_fake/Persian cat_1.png,1,1.0000,1
/home/student/data/genimagepp/flux/flux/val/1_fake/Persian cat_2.png,1,1.0000,1
/home/student/data/genimagepp/flux/flux/val/1_fake/Persian cat_3.png,1,1.0000,1
/home/student/data/genimagepp/flux/flux/val/1_fake/Persian cat_4.png,1,1.0000,1
/home/student/data/genimagepp/flux/flux/val/1_fake/Persian cat_5.png,1,1.0000,1
/home/student/data/genimagepp/flux/flux/val/1_fake/Petri dish_0.png,1,0.9999,1
/home/student/data/genimagepp/flux/flux/val/1_fake/Petri dish_1.png,1,0.9977,1
/home/student/data/genimagepp/flux/flux/val/1_fake/Petri dish_2.png,1,0.9959,1
/home/student/data/genimagepp/flux/flux/val/1_fake/Petri dish_3.png,1,0.9998,1
/home/student/data/genimagepp/flux/flux/val/1_fake/Petri dish_4.png,1,1.0000,1
/home/student/data/genimagepp/flux/flux/val/1_fake/Petri dish_5.png,1,0.9986,1
/home/student/data/genimagepp/flux/flux/val/1_fake/Pickelhaube_0.png,1,1.0000,1
/home/student/data/genimagepp/flux/flux/val/1_fake/Pickelhaube_1.png,1,0.9992,1
/home/student/data/genimagepp/flux/flux/val/1_fake/Pickelhaube_2.png,1,1.0000,1
/home/student/data/genimagepp/flux/flux/val/1_fake/Pickelhaube_3.png,1,0.9976,1
/home/student/data/genimagepp/flux/flux/val/1_fake/Pickelhaube_4.png,1,1.0000,1
/home/student/data/genimagepp/flux/flux/val/1_fake/Pickelhaube_5.png,1,0.9998,1
/home/student/data/genimagepp/flux/flux/val/1_fake/Polaroid camera_0.png,1,1.0000,1
/home/student/data/genimagepp/flux/flux/val/1_fake/Polaroid camera_1.png,1,1.0000,1
/home/student/data/genimagepp/flux/flux/val/1_fake/Polaroid camera_2.png,1,1.0000,1
/home/student/data/genimagepp/flux/flux/val/1_fake/Polaroid camera_3.png,1,0.9998,1
/home/student/data/genimagepp/flux/flux/val/1_fake/Polaroid camera_4.png,1,1.0000,1
/home/student/data/genimagepp/flux/flux/val/1_fake/Polaroid camera_5.png,1,0.4257,0
/home/student/data/genimagepp/flux/flux/val/1_fake/Pomeranian_0.png,1,1.0000,1
/home/student/data/genimagepp/flux/flux/val/1_fake/Pomeranian_1.png,1,1.0000,1
/home/student/data/genimagepp/flux/flux/val/1_fake/Pomeranian_2.png,1,1.0000,1
/home/student/data/genimagepp/flux/flux/val/1_fake/Pomeranian_3.png,1,1.0000,1
/home/student/data/genimagepp/flux/flux/val/1_fake/Pomeranian_4.png,1,1.0000,1
/home/student/data/genimagepp/flux/flux/val/1_fake/Pomeranian_5.png,1,1.0000,1
/home/student/data/genimagepp/flux/flux/val/1_fake/Pyrenean Mountain Dog_0.png,1,1.0000,1
/home/student/data/genimagepp/flux/flux/val/1_fake/Pyrenean Mountain Dog_1.png,1,1.0000,1
/home/student/data/genimagepp/flux/flux/val/1_fake/Pyrenean Mountain Dog_2.png,1,1.0000,1
/home/student/data/genimagepp/flux/flux/val/1_fake/Pyrenean Mountain Dog_3.png,1,0.9997,1
/home/student/data/genimagepp/flux/flux/val/1_fake/Pyrenean Mountain Dog_4.png,1,1.0000,1
/home/student/data/genimagepp/flux/flux/val/1_fake/Pyrenean Mountain Dog_5.png,1,1.0000,1
/home/student/data/genimagepp/flux/flux/val/1_fake/Redbone Coonhound_0.png,1,1.0000,1
/home/student/data/genimagepp/flux/flux/val/1_fake/Redbone Coonhound_1.png,1,1.0000,1
/home/student/data/genimagepp/flux/flux/val/1_fake/Redbone Coonhound_2.png,1,1.0000,1
/home/student/data/genimagepp/flux/flux/val/1_fake/Redbone Coonhound_3.png,1,1.0000,1
/home/student/data/genimagepp/flux/flux/val/1_fake/Redbone Coonhound_4.png,1,1.0000,1
/home/student/data/genimagepp/flux/flux/val/1_fake/Redbone Coonhound_5.png,1,1.0000,1
/home/student/data/genimagepp/flux/flux/val/1_fake/Rhodesian Ridgeback_0.png,1,1.0000,1
/home/student/data/genimagepp/flux/flux/val/1_fake/Rhodesian Ridgeback_1.png,1,1.0000,1
/home/student/data/genimagepp/flux/flux/val/1_fake/Rhodesian Ridgeback_2.png,1,1.0000,1
/home/student/data/genimagepp/flux/flux/val/1_fake/Rhodesian Ridgeback_3.png,1,1.0000,1
/home/student/data/genimagepp/flux/flux/val/1_fake/Rhodesian Ridgeback_4.png,1,1.0000,1
/home/student/data/genimagepp/flux/flux/val/1_fake/Rhodesian Ridgeback_5.png,1,1.0000,1
/home/student/data/genimagepp/flux/flux/val/1_fake/Rottweiler_0.png,1,1.0000,1
/home/student/data/genimagepp/flux/flux/val/1_fake/Rottweiler_1.png,1,1.0000,1
/home/student/data/genimagepp/flux/flux/val/1_fake/Rottweiler_2.png,1,1.0000,1
/home/student/data/genimagepp/flux/flux/val/1_fake/Rottweiler_3.png,1,1.0000,1
/home/student/data/genimagepp/flux/flux/val/1_fake/Rottweiler_4.png,1,1.0000,1
/home/student/data/genimagepp/flux/flux/val/1_fake/Rottweiler_5.png,1,1.0000,1
/home/student/data/genimagepp/flux/flux/val/1_fake/Saharan horned viper_0.png,1,1.0000,1
/home/student/data/genimagepp/flux/flux/val/1_fake/Saharan horned viper_1.png,1,1.0000,1
/home/student/data/genimagepp/flux/flux/val/1_fake/Saharan horned viper_2.png,1,1.0000,1
/home/student/data/genimagepp/flux/flux/val/1_fake/Saharan horned viper_3.png,1,1.0000,1
/home/student/data/genimagepp/flux/flux/val/1_fake/Saharan horned viper_4.png,1,1.0000,1
/home/student/data/genimagepp/flux/flux/val/1_fake/Saharan horned viper_5.png,1,1.0000,1
/home/student/data/genimagepp/flux/flux/val/1_fake/Saluki_0.png,1,1.0000,1
/home/student/data/genimagepp/flux/flux/val/1_fake/Saluki_1.png,1,1.0000,1
/home/student/data/genimagepp/flux/flux/val/1_fake/Saluki_2.png,1,1.0000,1
/home/student/data/genimagepp/flux/flux/val/1_fake/Saluki_3.png,1,1.0000,1
/home/student/data/genimagepp/flux/flux/val/1_fake/Saluki_4.png,1,1.0000,1
/home/student/data/genimagepp/flux/flux/val/1_fake/Saluki_5.png,1,1.0000,1
/home/student/data/genimagepp/flux/flux/val/1_fake/Samoyed_0.png,1,1.0000,1
/home/student/data/genimagepp/flux/flux/val/1_fake/Samoyed_1.png,1,1.0000,1
/home/student/data/genimagepp/flux/flux/val/1_fake/Samoyed_2.png,1,1.0000,1
/home/student/data/genimagepp/flux/flux/val/1_fake/Samoyed_3.png,1,1.0000,1
/home/student/data/genimagepp/flux/flux/val/1_fake/Samoyed_4.png,1,1.0000,1
/home/student/data/genimagepp/flux/flux/val/1_fake/Samoyed_5.png,1,1.0000,1
/home/student/data/genimagepp/flux/flux/val/1_fake/Schipperke_0.png,1,1.0000,1
/home/student/data/genimagepp/flux/flux/val/1_fake/Schipperke_1.png,1,1.0000,1
/home/student/data/genimagepp/flux/flux/val/1_fake/Schipperke_2.png,1,1.0000,1
/home/student/data/genimagepp/flux/flux/val/1_fake/Schipperke_3.png,1,1.0000,1
/home/student/data/genimagepp/flux/flux/val/1_fake/Schipperke_4.png,1,1.0000,1
/home/student/data/genimagepp/flux/flux/val/1_fake/Schipperke_5.png,1,1.0000,1
/home/student/data/genimagepp/flux/flux/val/1_fake/Scottish Deerhound_0.png,1,1.0000,1
/home/student/data/genimagepp/flux/flux/val/1_fake/Scottish Deerhound_1.png,1,1.0000,1
/home/student/data/genimagepp/flux/flux/val/1_fake/Scottish Deerhound_2.png,1,1.0000,1
/home/student/data/genimagepp/flux/flux/val/1_fake/Scottish Deerhound_3.png,1,1.0000,1
/home/student/data/genimagepp/flux/flux/val/1_fake/Scottish Deerhound_4.png,1,1.0000,1
/home/student/data/genimagepp/flux/flux/val/1_fake/Scottish Deerhound_5.png,1,1.0000,1
/home/student/data/genimagepp/flux/flux/val/1_fake/Scottish Terrier_0.png,1,1.0000,1
/home/student/data/genimagepp/flux/flux/val/1_fake/Scottish Terrier_1.png,1,1.0000,1
/home/student/data/genimagepp/flux/flux/val/1_fake/Scottish Terrier_2.png,1,1.0000,1
/home/student/data/genimagepp/flux/flux/val/1_fake/Scottish Terrier_3.png,1,1.0000,1
/home/student/data/genimagepp/flux/flux/val/1_fake/Scottish Terrier_4.png,1,1.0000,1
/home/student/data/genimagepp/flux/flux/val/1_fake/Scottish Terrier_5.png,1,1.0000,1
/home/student/data/genimagepp/flux/flux/val/1_fake/Sealyham Terrier_0.png,1,1.0000,1
/home/student/data/genimagepp/flux/flux/val/1_fake/Sealyham Terrier_1.png,1,1.0000,1
/home/student/data/genimagepp/flux/flux/val/1_fake/Sealyham Terrier_2.png,1,1.0000,1
/home/student/data/genimagepp/flux/flux/val/1_fake/Sealyham Terrier_3.png,1,1.0000,1
/home/student/data/genimagepp/flux/flux/val/1_fake/Sealyham Terrier_4.png,1,1.0000,1
/home/student/data/genimagepp/flux/flux/val/1_fake/Sealyham Terrier_5.png,1,1.0000,1
/home/student/data/genimagepp/flux/flux/val/1_fake/Shetland Sheepdog_0.png,1,1.0000,1
/home/student/data/genimagepp/flux/flux/val/1_fake/Shetland Sheepdog_1.png,1,1.0000,1
/home/student/data/genimagepp/flux/flux/val/1_fake/Shetland Sheepdog_2.png,1,1.0000,1
/home/student/data/genimagepp/flux/flux/val/1_fake/Shetland Sheepdog_3.png,1,1.0000,1
/home/student/data/genimagepp/flux/flux/val/1_fake/Shetland Sheepdog_4.png,1,1.0000,1
/home/student/data/genimagepp/flux/flux/val/1_fake/Shetland Sheepdog_5.png,1,1.0000,1
/home/student/data/genimagepp/flux/flux/val/1_fake/Shih Tzu_0.png,1,1.0000,1
/home/student/data/genimagepp/flux/flux/val/1_fake/Shih Tzu_1.png,1,1.0000,1
/home/student/data/genimagepp/flux/flux/val/1_fake/Shih Tzu_2.png,1,1.0000,1
/home/student/data/genimagepp/flux/flux/val/1_fake/Shih Tzu_3.png,1,1.0000,1
/home/student/data/genimagepp/flux/flux/val/1_fake/Shih Tzu_4.png,1,1.0000,1
/home/student/data/genimagepp/flux/flux/val/1_fake/Shih Tzu_5.png,1,1.0000,1
/home/student/data/genimagepp/flux/flux/val/1_fake/Siamese cat_0.png,1,1.0000,1
/home/student/data/genimagepp/flux/flux/val/1_fake/Siamese cat_1.png,1,1.0000,1
/home/student/data/genimagepp/flux/flux/val/1_fake/Siamese cat_2.png,1,1.0000,1
/home/student/data/genimagepp/flux/flux/val/1_fake/Siamese cat_3.png,1,1.0000,1
/home/student/data/genimagepp/flux/flux/val/1_fake/Siamese cat_4.png,1,1.0000,1
/home/student/data/genimagepp/flux/flux/val/1_fake/Siamese cat_5.png,1,1.0000,1
/home/student/data/genimagepp/flux/flux/val/1_fake/Siberian Husky_0.png,1,1.0000,1
/home/student/data/genimagepp/flux/flux/val/1_fake/Siberian Husky_1.png,1,1.0000,1
/home/student/data/genimagepp/flux/flux/val/1_fake/Siberian Husky_2.png,1,1.0000,1
/home/student/data/genimagepp/flux/flux/val/1_fake/Siberian Husky_3.png,1,1.0000,1
/home/student/data/genimagepp/flux/flux/val/1_fake/Siberian Husky_4.png,1,1.0000,1
/home/student/data/genimagepp/flux/flux/val/1_fake/Siberian Husky_5.png,1,1.0000,1
/home/student/data/genimagepp/flux/flux/val/1_fake/Soft-coated Wheaten Terrier_0.png,1,1.0000,1
/home/student/data/genimagepp/flux/flux/val/1_fake/Soft-coated Wheaten Terrier_1.png,1,1.0000,1
/home/student/data/genimagepp/flux/flux/val/1_fake/Soft-coated Wheaten Terrier_2.png,1,1.0000,1
/home/student/data/genimagepp/flux/flux/val/1_fake/Soft-coated Wheaten Terrier_3.png,1,1.0000,1
/home/student/data/genimagepp/flux/flux/val/1_fake/Soft-coated Wheaten Terrier_4.png,1,1.0000,1
/home/student/data/genimagepp/flux/flux/val/1_fake/Soft-coated Wheaten Terrier_5.png,1,1.0000,1
/home/student/data/genimagepp/flux/flux/val/1_fake/St. Bernard_0.png,1,1.0000,1
/home/student/data/genimagepp/flux/flux/val/1_fake/St. Bernard_1.png,1,1.0000,1
/home/student/data/genimagepp/flux/flux/val/1_fake/St. Bernard_2.png,1,1.0000,1
/home/student/data/genimagepp/flux/flux/val/1_fake/St. Bernard_3.png,1,1.0000,1
/home/student/data/genimagepp/flux/flux/val/1_fake/St. Bernard_4.png,1,1.0000,1
/home/student/data/genimagepp/flux/flux/val/1_fake/St. Bernard_5.png,1,1.0000,1
/home/student/data/genimagepp/flux/flux/val/1_fake/Staffordshire Bull Terrier_0.png,1,1.0000,1
/home/student/data/genimagepp/flux/flux/val/1_fake/Staffordshire Bull Terrier_1.png,1,1.0000,1
/home/student/data/genimagepp/flux/flux/val/1_fake/Staffordshire Bull Terrier_2.png,1,1.0000,1
/home/student/data/genimagepp/flux/flux/val/1_fake/Staffordshire Bull Terrier_3.png,1,1.0000,1
/home/student/data/genimagepp/flux/flux/val/1_fake/Staffordshire Bull Terrier_4.png,1,1.0000,1
/home/student/data/genimagepp/flux/flux/val/1_fake/Staffordshire Bull Terrier_5.png,1,1.0000,1
/home/student/data/genimagepp/flux/flux/val/1_fake/Standard Poodle_0.png,1,1.0000,1
/home/student/data/genimagepp/flux/flux/val/1_fake/Standard Poodle_1.png,1,1.0000,1
/home/student/data/genimagepp/flux/flux/val/1_fake/Standard Poodle_2.png,1,1.0000,1
/home/student/data/genimagepp/flux/flux/val/1_fake/Standard Poodle_3.png,1,1.0000,1
/home/student/data/genimagepp/flux/flux/val/1_fake/Standard Poodle_4.png,1,1.0000,1
/home/student/data/genimagepp/flux/flux/val/1_fake/Standard Poodle_5.png,1,1.0000,1
/home/student/data/genimagepp/flux/flux/val/1_fake/Standard Schnauzer_0.png,1,1.0000,1
/home/student/data/genimagepp/flux/flux/val/1_fake/Standard Schnauzer_1.png,1,1.0000,1
/home/student/data/genimagepp/flux/flux/val/1_fake/Standard Schnauzer_2.png,1,1.0000,1
/home/student/data/genimagepp/flux/flux/val/1_fake/Standard Schnauzer_3.png,1,1.0000,1
/home/student/data/genimagepp/flux/flux/val/1_fake/Standard Schnauzer_4.png,1,1.0000,1
/home/student/data/genimagepp/flux/flux/val/1_fake/Standard Schnauzer_5.png,1,1.0000,1
/home/student/data/genimagepp/flux/flux/val/1_fake/Sussex Spaniel_0.png,1,1.0000,1
/home/student/data/genimagepp/flux/flux/val/1_fake/Sussex Spaniel_1.png,1,1.0000,1
/home/student/data/genimagepp/flux/flux/val/1_fake/Sussex Spaniel_2.png,1,1.0000,1
/home/student/data/genimagepp/flux/flux/val/1_fake/Sussex Spaniel_3.png,1,1.0000,1
/home/student/data/genimagepp/flux/flux/val/1_fake/Sussex Spaniel_4.png,1,1.0000,1
/home/student/data/genimagepp/flux/flux/val/1_fake/Sussex Spaniel_5.png,1,1.0000,1
/home/student/data/genimagepp/flux/flux/val/1_fake/T-shirt_0.png,1,0.9998,1
/home/student/data/genimagepp/flux/flux/val/1_fake/T-shirt_1.png,1,0.9999,1
/home/student/data/genimagepp/flux/flux/val/1_fake/T-shirt_2.png,1,0.9744,1
/home/student/data/genimagepp/flux/flux/val/1_fake/T-shirt_3.png,1,0.9858,1
/home/student/data/genimagepp/flux/flux/val/1_fake/T-shirt_4.png,1,1.0000,1
/home/student/data/genimagepp/flux/flux/val/1_fake/T-shirt_5.png,1,1.0000,1
/home/student/data/genimagepp/flux/flux/val/1_fake/Tibetan Mastiff_0.png,1,1.0000,1
/home/student/data/genimagepp/flux/flux/val/1_fake/Tibetan Mastiff_1.png,1,1.0000,1
/home/student/data/genimagepp/flux/flux/val/1_fake/Tibetan Mastiff_2.png,1,1.0000,1
/home/student/data/genimagepp/flux/flux/val/1_fake/Tibetan Mastiff_3.png,1,1.0000,1
/home/student/data/genimagepp/flux/flux/val/1_fake/Tibetan Mastiff_4.png,1,1.0000,1
/home/student/data/genimagepp/flux/flux/val/1_fake/Tibetan Mastiff_5.png,1,1.0000,1
/home/student/data/genimagepp/flux/flux/val/1_fake/Tibetan Terrier_0.png,1,1.0000,1
/home/student/data/genimagepp/flux/flux/val/1_fake/Tibetan Terrier_1.png,1,1.0000,1
/home/student/data/genimagepp/flux/flux/val/1_fake/Tibetan Terrier_2.png,1,1.0000,1
/home/student/data/genimagepp/flux/flux/val/1_fake/Tibetan Terrier_3.png,1,1.0000,1
/home/student/data/genimagepp/flux/flux/val/1_fake/Tibetan Terrier_4.png,1,1.0000,1
/home/student/data/genimagepp/flux/flux/val/1_fake/Tibetan Terrier_5.png,1,1.0000,1
/home/student/data/genimagepp/flux/flux/val/1_fake/Toy Poodle_0.png,1,1.0000,1
/home/student/data/genimagepp/flux/flux/val/1_fake/Toy Poodle_1.png,1,1.0000,1
/home/student/data/genimagepp/flux/flux/val/1_fake/Toy Poodle_2.png,1,1.0000,1
/home/student/data/genimagepp/flux/flux/val/1_fake/Toy Poodle_3.png,1,1.0000,1
/home/student/data/genimagepp/flux/flux/val/1_fake/Toy Poodle_4.png,1,1.0000,1
/home/student/data/genimagepp/flux/flux/val/1_fake/Toy Poodle_5.png,1,1.0000,1
/home/student/data/genimagepp/flux/flux/val/1_fake/Treeing Walker Coonhound_0.png,1,1.0000,1
/home/student/data/genimagepp/flux/flux/val/1_fake/Treeing Walker Coonhound_1.png,1,1.0000,1
/home/student/data/genimagepp/flux/flux/val/1_fake/Treeing Walker Coonhound_2.png,1,1.0000,1
/home/student/data/genimagepp/flux/flux/val/1_fake/Treeing Walker Coonhound_3.png,1,1.0000,1
/home/student/data/genimagepp/flux/flux/val/1_fake/Treeing Walker Coonhound_4.png,1,1.0000,1
/home/student/data/genimagepp/flux/flux/val/1_fake/Treeing Walker Coonhound_5.png,1,1.0000,1
/home/student/data/genimagepp/flux/flux/val/1_fake/Vizsla_0.png,1,1.0000,1
/home/student/data/genimagepp/flux/flux/val/1_fake/Vizsla_1.png,1,1.0000,1
/home/student/data/genimagepp/flux/flux/val/1_fake/Vizsla_2.png,1,1.0000,1
/home/student/data/genimagepp/flux/flux/val/1_fake/Vizsla_3.png,1,1.0000,1
/home/student/data/genimagepp/flux/flux/val/1_fake/Vizsla_4.png,1,1.0000,1
/home/student/data/genimagepp/flux/flux/val/1_fake/Vizsla_5.png,1,1.0000,1
/home/student/data/genimagepp/flux/flux/val/1_fake/Weimaraner_0.png,1,1.0000,1
/home/student/data/genimagepp/flux/flux/val/1_fake/Weimaraner_1.png,1,1.0000,1
/home/student/data/genimagepp/flux/flux/val/1_fake/Weimaraner_2.png,1,1.0000,1
/home/student/data/genimagepp/flux/flux/val/1_fake/Weimaraner_3.png,1,1.0000,1
/home/student/data/genimagepp/flux/flux/val/1_fake/Weimaraner_4.png,1,1.0000,1
/home/student/data/genimagepp/flux/flux/val/1_fake/Weimaraner_5.png,1,1.0000,1
/home/student/data/genimagepp/flux/flux/val/1_fake/Welsh Springer Spaniel_0.png,1,1.0000,1
/home/student/data/genimagepp/flux/flux/val/1_fake/Welsh Springer Spaniel_1.png,1,1.0000,1
/home/student/data/genimagepp/flux/flux/val/1_fake/Welsh Springer Spaniel_2.png,1,1.0000,1
/home/student/data/genimagepp/flux/flux/val/1_fake/Welsh Springer Spaniel_3.png,1,1.0000,1
/home/student/data/genimagepp/flux/flux/val/1_fake/Welsh Springer Spaniel_4.png,1,1.0000,1
/home/student/data/genimagepp/flux/flux/val/1_fake/Welsh Springer Spaniel_5.png,1,1.0000,1
/home/student/data/genimagepp/flux/flux/val/1_fake/West Highland White Terrier_0.png,1,1.0000,1
/home/student/data/genimagepp/flux/flux/val/1_fake/West Highland White Terrier_1.png,1,1.0000,1
/home/student/data/genimagepp/flux/flux/val/1_fake/West Highland White Terrier_2.png,1,1.0000,1
/home/student/data/genimagepp/flux/flux/val/1_fake/West Highland White Terrier_3.png,1,1.0000,1
/home/student/data/genimagepp/flux/flux/val/1_fake/West Highland White Terrier_4.png,1,1.0000,1
/home/student/data/genimagepp/flux/flux/val/1_fake/West Highland White Terrier_5.png,1,1.0000,1
/home/student/data/genimagepp/flux/flux/val/1_fake/Whippet_0.png,1,1.0000,1
/home/student/data/genimagepp/flux/flux/val/1_fake/Whippet_1.png,1,1.0000,1
/home/student/data/genimagepp/flux/flux/val/1_fake/Whippet_2.png,1,1.0000,1
/home/student/data/genimagepp/flux/flux/val/1_fake/Whippet_3.png,1,1.0000,1
/home/student/data/genimagepp/flux/flux/val/1_fake/Whippet_4.png,1,1.0000,1
/home/student/data/genimagepp/flux/flux/val/1_fake/Whippet_5.png,1,1.0000,1
/home/student/data/genimagepp/flux/flux/val/1_fake/Windsor tie_0.png,1,1.0000,1
/home/student/data/genimagepp/flux/flux/val/1_fake/Windsor tie_1.png,1,1.0000,1
/home/student/data/genimagepp/flux/flux/val/1_fake/Windsor tie_2.png,1,1.0000,1
/home/student/data/genimagepp/flux/flux/val/1_fake/Windsor tie_3.png,1,1.0000,1
/home/student/data/genimagepp/flux/flux/val/1_fake/Windsor tie_4.png,1,1.0000,1
/home/student/data/genimagepp/flux/flux/val/1_fake/Windsor tie_5.png,1,1.0000,1
/home/student/data/genimagepp/flux/flux/val/1_fake/Wire Fox Terrier_0.png,1,1.0000,1
/home/student/data/genimagepp/flux/flux/val/1_fake/Wire Fox Terrier_1.png,1,1.0000,1
/home/student/data/genimagepp/flux/flux/val/1_fake/Wire Fox Terrier_2.png,1,1.0000,1
/home/student/data/genimagepp/flux/flux/val/1_fake/Wire Fox Terrier_3.png,1,1.0000,1
/home/student/data/genimagepp/flux/flux/val/1_fake/Wire Fox Terrier_4.png,1,1.0000,1
/home/student/data/genimagepp/flux/flux/val/1_fake/Wire Fox Terrier_5.png,1,1.0000,1
/home/student/data/genimagepp/flux/flux/val/1_fake/Yorkshire Terrier_0.png,1,1.0000,1
/home/student/data/genimagepp/flux/flux/val/1_fake/Yorkshire Terrier_1.png,1,1.0000,1
/home/student/data/genimagepp/flux/flux/val/1_fake/Yorkshire Terrier_2.png,1,1.0000,1
/home/student/data/genimagepp/flux/flux/val/1_fake/Yorkshire Terrier_3.png,1,1.0000,1
/home/student/data/genimagepp/flux/flux/val/1_fake/Yorkshire Terrier_4.png,1,1.0000,1
/home/student/data/genimagepp/flux/flux/val/1_fake/Yorkshire Terrier_5.png,1,1.0000,1
/home/student/data/genimagepp/flux/flux/val/1_fake/abacus_0.png,1,1.0000,1
/home/student/data/genimagepp/flux/flux/val/1_fake/abacus_1.png,1,1.0000,1
/home/student/data/genimagepp/flux/flux/val/1_fake/abacus_2.png,1,1.0000,1
/home/student/data/genimagepp/flux/flux/val/1_fake/abacus_3.png,1,1.0000,1
/home/student/data/genimagepp/flux/flux/val/1_fake/abacus_4.png,1,1.0000,1
/home/student/data/genimagepp/flux/flux/val/1_fake/abacus_5.png,1,1.0000,1
/home/student/data/genimagepp/flux/flux/val/1_fake/abaya_0.png,1,1.0000,1
/home/student/data/genimagepp/flux/flux/val/1_fake/abaya_1.png,1,1.0000,1
/home/student/data/genimagepp/flux/flux/val/1_fake/abaya_2.png,1,1.0000,1
/home/student/data/genimagepp/flux/flux/val/1_fake/abaya_3.png,1,1.0000,1
/home/student/data/genimagepp/flux/flux/val/1_fake/abaya_4.png,1,0.9997,1
/home/student/data/genimagepp/flux/flux/val/1_fake/abaya_5.png,1,1.0000,1
/home/student/data/genimagepp/flux/flux/val/1_fake/academic gown_0.png,1,1.0000,1
/home/student/data/genimagepp/flux/flux/val/1_fake/academic gown_1.png,1,1.0000,1
/home/student/data/genimagepp/flux/flux/val/1_fake/academic gown_2.png,1,1.0000,1
/home/student/data/genimagepp/flux/flux/val/1_fake/academic gown_3.png,1,0.9999,1
/home/student/data/genimagepp/flux/flux/val/1_fake/academic gown_4.png,1,0.9866,1
/home/student/data/genimagepp/flux/flux/val/1_fake/academic gown_5.png,1,0.9975,1
/home/student/data/genimagepp/flux/flux/val/1_fake/accordion_0.png,1,0.9998,1
/home/student/data/genimagepp/flux/flux/val/1_fake/accordion_1.png,1,1.0000,1
/home/student/data/genimagepp/flux/flux/val/1_fake/accordion_2.png,1,1.0000,1
/home/student/data/genimagepp/flux/flux/val/1_fake/accordion_3.png,1,1.0000,1
/home/student/data/genimagepp/flux/flux/val/1_fake/accordion_4.png,1,1.0000,1
/home/student/data/genimagepp/flux/flux/val/1_fake/accordion_5.png,1,1.0000,1
/home/student/data/genimagepp/flux/flux/val/1_fake/acorn squash_0.png,1,1.0000,1
/home/student/data/genimagepp/flux/flux/val/1_fake/acorn squash_1.png,1,0.8356,1
/home/student/data/genimagepp/flux/flux/val/1_fake/acorn squash_2.png,1,0.7694,1
/home/student/data/genimagepp/flux/flux/val/1_fake/acorn squash_3.png,1,0.9974,1
/home/student/data/genimagepp/flux/flux/val/1_fake/acorn squash_4.png,1,1.0000,1
/home/student/data/genimagepp/flux/flux/val/1_fake/acorn squash_5.png,1,1.0000,1
/home/student/data/genimagepp/flux/flux/val/1_fake/acorn_0.png,1,0.9999,1
/home/student/data/genimagepp/flux/flux/val/1_fake/acorn_1.png,1,1.0000,1
/home/student/data/genimagepp/flux/flux/val/1_fake/acorn_2.png,1,1.0000,1
/home/student/data/genimagepp/flux/flux/val/1_fake/acorn_3.png,1,1.0000,1
/home/student/data/genimagepp/flux/flux/val/1_fake/acorn_4.png,1,1.0000,1
/home/student/data/genimagepp/flux/flux/val/1_fake/acorn_5.png,1,1.0000,1
/home/student/data/genimagepp/flux/flux/val/1_fake/acoustic guitar_0.png,1,0.0026,0
/home/student/data/genimagepp/flux/flux/val/1_fake/acoustic guitar_1.png,1,0.9991,1
/home/student/data/genimagepp/flux/flux/val/1_fake/acoustic guitar_2.png,1,1.0000,1
/home/student/data/genimagepp/flux/flux/val/1_fake/acoustic guitar_3.png,1,0.9977,1
/home/student/data/genimagepp/flux/flux/val/1_fake/acoustic guitar_4.png,1,0.9997,1
/home/student/data/genimagepp/flux/flux/val/1_fake/acoustic guitar_5.png,1,1.0000,1
/home/student/data/genimagepp/flux/flux/val/1_fake/agama_0.png,1,1.0000,1
/home/student/data/genimagepp/flux/flux/val/1_fake/agama_1.png,1,1.0000,1
/home/student/data/genimagepp/flux/flux/val/1_fake/agama_2.png,1,1.0000,1
/home/student/data/genimagepp/flux/flux/val/1_fake/agama_3.png,1,1.0000,1
/home/student/data/genimagepp/flux/flux/val/1_fake/agama_4.png,1,1.0000,1
/home/student/data/genimagepp/flux/flux/val/1_fake/agama_5.png,1,1.0000,1
/home/student/data/genimagepp/flux/flux/val/1_fake/agaric_0.png,1,1.0000,1
/home/student/data/genimagepp/flux/flux/val/1_fake/agaric_1.png,1,1.0000,1
/home/student/data/genimagepp/flux/flux/val/1_fake/agaric_2.png,1,1.0000,1
/home/student/data/genimagepp/flux/flux/val/1_fake/agaric_3.png,1,1.0000,1
/home/student/data/genimagepp/flux/flux/val/1_fake/agaric_4.png,1,0.9686,1
/home/student/data/genimagepp/flux/flux/val/1_fake/agaric_5.png,1,0.9999,1
/home/student/data/genimagepp/flux/flux/val/1_fake/aircraft carrier_0.png,1,0.9996,1
/home/student/data/genimagepp/flux/flux/val/1_fake/aircraft carrier_1.png,1,0.9870,1
/home/student/data/genimagepp/flux/flux/val/1_fake/aircraft carrier_2.png,1,0.2335,0
/home/student/data/genimagepp/flux/flux/val/1_fake/aircraft carrier_3.png,1,0.9998,1
/home/student/data/genimagepp/flux/flux/val/1_fake/aircraft carrier_4.png,1,0.6979,1
/home/student/data/genimagepp/flux/flux/val/1_fake/aircraft carrier_5.png,1,0.8593,1
/home/student/data/genimagepp/flux/flux/val/1_fake/airliner_0.png,1,0.7355,1
/home/student/data/genimagepp/flux/flux/val/1_fake/airliner_1.png,1,0.9874,1
/home/student/data/genimagepp/flux/flux/val/1_fake/airliner_2.png,1,0.1964,0
/home/student/data/genimagepp/flux/flux/val/1_fake/airliner_3.png,1,0.9546,1
/home/student/data/genimagepp/flux/flux/val/1_fake/airliner_4.png,1,0.9492,1
/home/student/data/genimagepp/flux/flux/val/1_fake/airliner_5.png,1,0.9652,1
/home/student/data/genimagepp/flux/flux/val/1_fake/airship_0.png,1,0.4272,0
/home/student/data/genimagepp/flux/flux/val/1_fake/airship_1.png,1,0.4871,0
/home/student/data/genimagepp/flux/flux/val/1_fake/airship_2.png,1,0.0018,0
/home/student/data/genimagepp/flux/flux/val/1_fake/airship_3.png,1,0.7917,1
/home/student/data/genimagepp/flux/flux/val/1_fake/airship_4.png,1,0.9996,1
/home/student/data/genimagepp/flux/flux/val/1_fake/airship_5.png,1,0.4018,0
/home/student/data/genimagepp/flux/flux/val/1_fake/albatross_0.png,1,0.9581,1
/home/student/data/genimagepp/flux/flux/val/1_fake/albatross_1.png,1,0.9938,1
/home/student/data/genimagepp/flux/flux/val/1_fake/albatross_2.png,1,0.7817,1
/home/student/data/genimagepp/flux/flux/val/1_fake/albatross_3.png,1,0.5454,1
/home/student/data/genimagepp/flux/flux/val/1_fake/albatross_4.png,1,0.1175,0
/home/student/data/genimagepp/flux/flux/val/1_fake/albatross_5.png,1,1.0000,1
/home/student/data/genimagepp/flux/flux/val/1_fake/alligator lizard_0.png,1,1.0000,1
/home/student/data/genimagepp/flux/flux/val/1_fake/alligator lizard_1.png,1,1.0000,1
/home/student/data/genimagepp/flux/flux/val/1_fake/alligator lizard_2.png,1,1.0000,1
/home/student/data/genimagepp/flux/flux/val/1_fake/alligator lizard_3.png,1,1.0000,1
/home/student/data/genimagepp/flux/flux/val/1_fake/alligator lizard_4.png,1,1.0000,1
/home/student/data/genimagepp/flux/flux/val/1_fake/alligator lizard_5.png,1,1.0000,1
/home/student/data/genimagepp/flux/flux/val/1_fake/alp_0.png,1,0.9999,1
/home/student/data/genimagepp/flux/flux/val/1_fake/alp_1.png,1,0.9999,1
/home/student/data/genimagepp/flux/flux/val/1_fake/alp_2.png,1,0.9800,1
/home/student/data/genimagepp/flux/flux/val/1_fake/alp_3.png,1,0.9948,1
/home/student/data/genimagepp/flux/flux/val/1_fake/alp_4.png,1,0.9999,1
/home/student/data/genimagepp/flux/flux/val/1_fake/alp_5.png,1,1.0000,1
/home/student/data/genimagepp/flux/flux/val/1_fake/altar_0.png,1,0.9975,1
/home/student/data/genimagepp/flux/flux/val/1_fake/altar_1.png,1,0.9998,1
/home/student/data/genimagepp/flux/flux/val/1_fake/altar_2.png,1,0.9631,1
/home/student/data/genimagepp/flux/flux/val/1_fake/altar_3.png,1,1.0000,1
/home/student/data/genimagepp/flux/flux/val/1_fake/altar_4.png,1,0.9900,1
/home/student/data/genimagepp/flux/flux/val/1_fake/altar_5.png,1,0.6858,1
/home/student/data/genimagepp/flux/flux/val/1_fake/ambulance_0.png,1,0.9999,1
/home/student/data/genimagepp/flux/flux/val/1_fake/ambulance_1.png,1,0.9998,1
/home/student/data/genimagepp/flux/flux/val/1_fake/ambulance_2.png,1,0.9999,1
/home/student/data/genimagepp/flux/flux/val/1_fake/ambulance_3.png,1,0.8126,1
/home/student/data/genimagepp/flux/flux/val/1_fake/ambulance_4.png,1,0.9969,1
/home/student/data/genimagepp/flux/flux/val/1_fake/ambulance_5.png,1,1.0000,1
/home/student/data/genimagepp/flux/flux/val/1_fake/amphibious vehicle_0.png,1,0.0010,0
/home/student/data/genimagepp/flux/flux/val/1_fake/amphibious vehicle_1.png,1,1.0000,1
/home/student/data/genimagepp/flux/flux/val/1_fake/amphibious vehicle_2.png,1,0.0075,0
/home/student/data/genimagepp/flux/flux/val/1_fake/amphibious vehicle_3.png,1,0.0595,0
/home/student/data/genimagepp/flux/flux/val/1_fake/amphibious vehicle_4.png,1,0.0435,0
/home/student/data/genimagepp/flux/flux/val/1_fake/amphibious vehicle_5.png,1,0.0750,0
/home/student/data/genimagepp/flux/flux/val/1_fake/analog clock_0.png,1,1.0000,1
/home/student/data/genimagepp/flux/flux/val/1_fake/analog clock_1.png,1,1.0000,1
/home/student/data/genimagepp/flux/flux/val/1_fake/analog clock_2.png,1,1.0000,1
/home/student/data/genimagepp/flux/flux/val/1_fake/analog clock_3.png,1,1.0000,1
/home/student/data/genimagepp/flux/flux/val/1_fake/analog clock_4.png,1,1.0000,1
/home/student/data/genimagepp/flux/flux/val/1_fake/analog clock_5.png,1,1.0000,1
/home/student/data/genimagepp/flux/flux/val/1_fake/ant_0.png,1,1.0000,1
/home/student/data/genimagepp/flux/flux/val/1_fake/ant_1.png,1,1.0000,1
/home/student/data/genimagepp/flux/flux/val/1_fake/ant_2.png,1,0.9987,1
/home/student/data/genimagepp/flux/flux/val/1_fake/ant_3.png,1,1.0000,1
/home/student/data/genimagepp/flux/flux/val/1_fake/ant_4.png,1,1.0000,1
/home/student/data/genimagepp/flux/flux/val/1_fake/ant_5.png,1,1.0000,1
/home/student/data/genimagepp/flux/flux/val/1_fake/apiary_0.png,1,0.9998,1
/home/student/data/genimagepp/flux/flux/val/1_fake/apiary_1.png,1,0.9998,1
/home/student/data/genimagepp/flux/flux/val/1_fake/apiary_2.png,1,1.0000,1
/home/student/data/genimagepp/flux/flux/val/1_fake/apiary_3.png,1,1.0000,1
/home/student/data/genimagepp/flux/flux/val/1_fake/apiary_4.png,1,1.0000,1
/home/student/data/genimagepp/flux/flux/val/1_fake/apiary_5.png,1,1.0000,1
/home/student/data/genimagepp/flux/flux/val/1_fake/apron_0.png,1,1.0000,1
/home/student/data/genimagepp/flux/flux/val/1_fake/apron_1.png,1,0.9999,1
/home/student/data/genimagepp/flux/flux/val/1_fake/apron_2.png,1,1.0000,1
/home/student/data/genimagepp/flux/flux/val/1_fake/apron_3.png,1,1.0000,1
/home/student/data/genimagepp/flux/flux/val/1_fake/apron_4.png,1,1.0000,1
/home/student/data/genimagepp/flux/flux/val/1_fake/apron_5.png,1,1.0000,1
/home/student/data/genimagepp/flux/flux/val/1_fake/armadillo_0.png,1,1.0000,1
/home/student/data/genimagepp/flux/flux/val/1_fake/armadillo_1.png,1,1.0000,1
/home/student/data/genimagepp/flux/flux/val/1_fake/armadillo_2.png,1,1.0000,1
/home/student/data/genimagepp/flux/flux/val/1_fake/armadillo_3.png,1,1.0000,1
/home/student/data/genimagepp/flux/flux/val/1_fake/armadillo_4.png,1,1.0000,1
/home/student/data/genimagepp/flux/flux/val/1_fake/armadillo_5.png,1,1.0000,1
/home/student/data/genimagepp/flux/flux/val/1_fake/artichoke_0.png,1,1.0000,1
/home/student/data/genimagepp/flux/flux/val/1_fake/artichoke_1.png,1,1.0000,1
/home/student/data/genimagepp/flux/flux/val/1_fake/artichoke_2.png,1,1.0000,1
/home/student/data/genimagepp/flux/flux/val/1_fake/artichoke_3.png,1,1.0000,1
/home/student/data/genimagepp/flux/flux/val/1_fake/artichoke_4.png,1,1.0000,1
/home/student/data/genimagepp/flux/flux/val/1_fake/artichoke_5.png,1,1.0000,1
/home/student/data/genimagepp/flux/flux/val/1_fake/assault rifle_0.png,1,0.9997,1
/home/student/data/genimagepp/flux/flux/val/1_fake/assault rifle_1.png,1,1.0000,1
/home/student/data/genimagepp/flux/flux/val/1_fake/assault rifle_2.png,1,1.0000,1
/home/student/data/genimagepp/flux/flux/val/1_fake/assault rifle_3.png,1,1.0000,1
/home/student/data/genimagepp/flux/flux/val/1_fake/assault rifle_4.png,1,1.0000,1
/home/student/data/genimagepp/flux/flux/val/1_fake/assault rifle_5.png,1,1.0000,1
/home/student/data/genimagepp/flux/flux/val/1_fake/automated teller machine_0.png,1,1.0000,1
/home/student/data/genimagepp/flux/flux/val/1_fake/automated teller machine_1.png,1,0.9991,1
/home/student/data/genimagepp/flux/flux/val/1_fake/automated teller machine_2.png,1,1.0000,1
/home/student/data/genimagepp/flux/flux/val/1_fake/automated teller machine_3.png,1,1.0000,1
/home/student/data/genimagepp/flux/flux/val/1_fake/automated teller machine_4.png,1,0.9995,1
/home/student/data/genimagepp/flux/flux/val/1_fake/automated teller machine_5.png,1,1.0000,1
/home/student/data/genimagepp/flux/flux/val/1_fake/axolotl_0.png,1,0.9999,1
/home/student/data/genimagepp/flux/flux/val/1_fake/axolotl_1.png,1,1.0000,1
/home/student/data/genimagepp/flux/flux/val/1_fake/axolotl_2.png,1,1.0000,1
/home/student/data/genimagepp/flux/flux/val/1_fake/axolotl_3.png,1,0.9861,1
/home/student/data/genimagepp/flux/flux/val/1_fake/axolotl_4.png,1,1.0000,1
/home/student/data/genimagepp/flux/flux/val/1_fake/axolotl_5.png,1,1.0000,1
/home/student/data/genimagepp/flux/flux/val/1_fake/baboon_0.png,1,1.0000,1
/home/student/data/genimagepp/flux/flux/val/1_fake/baboon_1.png,1,1.0000,1
/home/student/data/genimagepp/flux/flux/val/1_fake/baboon_2.png,1,1.0000,1
/home/student/data/genimagepp/flux/flux/val/1_fake/baboon_3.png,1,1.0000,1
/home/student/data/genimagepp/flux/flux/val/1_fake/baboon_4.png,1,1.0000,1
/home/student/data/genimagepp/flux/flux/val/1_fake/baboon_5.png,1,1.0000,1
/home/student/data/genimagepp/flux/flux/val/1_fake/backpack_0.png,1,1.0000,1
/home/student/data/genimagepp/flux/flux/val/1_fake/backpack_1.png,1,1.0000,1
/home/student/data/genimagepp/flux/flux/val/1_fake/backpack_2.png,1,0.9906,1
/home/student/data/genimagepp/flux/flux/val/1_fake/backpack_3.png,1,0.9994,1
/home/student/data/genimagepp/flux/flux/val/1_fake/backpack_4.png,1,0.9995,1
/home/student/data/genimagepp/flux/flux/val/1_fake/backpack_5.png,1,1.0000,1
/home/student/data/genimagepp/flux/flux/val/1_fake/badger_0.png,1,1.0000,1
/home/student/data/genimagepp/flux/flux/val/1_fake/badger_1.png,1,1.0000,1
/home/student/data/genimagepp/flux/flux/val/1_fake/badger_2.png,1,1.0000,1
/home/student/data/genimagepp/flux/flux/val/1_fake/badger_3.png,1,1.0000,1
/home/student/data/genimagepp/flux/flux/val/1_fake/badger_4.png,1,1.0000,1
/home/student/data/genimagepp/flux/flux/val/1_fake/badger_5.png,1,1.0000,1
/home/student/data/genimagepp/flux/flux/val/1_fake/bagel_0.png,1,1.0000,1
/home/student/data/genimagepp/flux/flux/val/1_fake/bagel_1.png,1,1.0000,1
/home/student/data/genimagepp/flux/flux/val/1_fake/bagel_2.png,1,1.0000,1
/home/student/data/genimagepp/flux/flux/val/1_fake/bagel_3.png,1,1.0000,1
/home/student/data/genimagepp/flux/flux/val/1_fake/bagel_4.png,1,1.0000,1
/home/student/data/genimagepp/flux/flux/val/1_fake/bagel_5.png,1,0.9985,1
/home/student/data/genimagepp/flux/flux/val/1_fake/baguette_0.png,1,0.9739,1
/home/student/data/genimagepp/flux/flux/val/1_fake/baguette_1.png,1,1.0000,1
/home/student/data/genimagepp/flux/flux/val/1_fake/baguette_2.png,1,0.9973,1
/home/student/data/genimagepp/flux/flux/val/1_fake/baguette_3.png,1,0.9998,1
/home/student/data/genimagepp/flux/flux/val/1_fake/baguette_4.png,1,1.0000,1
/home/student/data/genimagepp/flux/flux/val/1_fake/baguette_5.png,1,1.0000,1
/home/student/data/genimagepp/flux/flux/val/1_fake/bakery_0.png,1,0.9689,1
/home/student/data/genimagepp/flux/flux/val/1_fake/bakery_1.png,1,1.0000,1
/home/student/data/genimagepp/flux/flux/val/1_fake/bakery_2.png,1,1.0000,1
/home/student/data/genimagepp/flux/flux/val/1_fake/bakery_3.png,1,0.9975,1
/home/student/data/genimagepp/flux/flux/val/1_fake/bakery_4.png,1,0.9993,1
/home/student/data/genimagepp/flux/flux/val/1_fake/bakery_5.png,1,1.0000,1
/home/student/data/genimagepp/flux/flux/val/1_fake/balance beam_0.png,1,0.9999,1
/home/student/data/genimagepp/flux/flux/val/1_fake/balance beam_1.png,1,0.0023,0
/home/student/data/genimagepp/flux/flux/val/1_fake/balance beam_2.png,1,0.3177,0
/home/student/data/genimagepp/flux/flux/val/1_fake/balance beam_3.png,1,0.9999,1
/home/student/data/genimagepp/flux/flux/val/1_fake/balance beam_4.png,1,0.9996,1
/home/student/data/genimagepp/flux/flux/val/1_fake/balance beam_5.png,1,0.7518,1
/home/student/data/genimagepp/flux/flux/val/1_fake/bald eagle_0.png,1,1.0000,1
/home/student/data/genimagepp/flux/flux/val/1_fake/bald eagle_1.png,1,1.0000,1
/home/student/data/genimagepp/flux/flux/val/1_fake/bald eagle_2.png,1,1.0000,1
/home/student/data/genimagepp/flux/flux/val/1_fake/bald eagle_3.png,1,1.0000,1
/home/student/data/genimagepp/flux/flux/val/1_fake/bald eagle_4.png,1,1.0000,1
/home/student/data/genimagepp/flux/flux/val/1_fake/bald eagle_5.png,1,1.0000,1
/home/student/data/genimagepp/flux/flux/val/1_fake/balloon_0.png,1,0.9913,1
/home/student/data/genimagepp/flux/flux/val/1_fake/balloon_1.png,1,0.9999,1
/home/student/data/genimagepp/flux/flux/val/1_fake/balloon_2.png,1,1.0000,1
/home/student/data/genimagepp/flux/flux/val/1_fake/balloon_3.png,1,1.0000,1
/home/student/data/genimagepp/flux/flux/val/1_fake/balloon_4.png,1,0.9883,1
/home/student/data/genimagepp/flux/flux/val/1_fake/balloon_5.png,1,0.9999,1
/home/student/data/genimagepp/flux/flux/val/1_fake/ballpoint pen_0.png,1,0.9997,1
/home/student/data/genimagepp/flux/flux/val/1_fake/ballpoint pen_1.png,1,0.9999,1
/home/student/data/genimagepp/flux/flux/val/1_fake/ballpoint pen_2.png,1,1.0000,1
/home/student/data/genimagepp/flux/flux/val/1_fake/ballpoint pen_3.png,1,1.0000,1
/home/student/data/genimagepp/flux/flux/val/1_fake/ballpoint pen_4.png,1,1.0000,1
/home/student/data/genimagepp/flux/flux/val/1_fake/ballpoint pen_5.png,1,0.9906,1
/home/student/data/genimagepp/flux/flux/val/1_fake/baluster_0.png,1,1.0000,1
/home/student/data/genimagepp/flux/flux/val/1_fake/baluster_1.png,1,1.0000,1
/home/student/data/genimagepp/flux/flux/val/1_fake/baluster_2.png,1,1.0000,1
/home/student/data/genimagepp/flux/flux/val/1_fake/baluster_3.png,1,1.0000,1
/home/student/data/genimagepp/flux/flux/val/1_fake/baluster_4.png,1,1.0000,1
/home/student/data/genimagepp/flux/flux/val/1_fake/baluster_5.png,1,1.0000,1
/home/student/data/genimagepp/flux/flux/val/1_fake/banana_0.png,1,1.0000,1
/home/student/data/genimagepp/flux/flux/val/1_fake/banana_1.png,1,0.9999,1
/home/student/data/genimagepp/flux/flux/val/1_fake/banana_2.png,1,0.9962,1
/home/student/data/genimagepp/flux/flux/val/1_fake/banana_3.png,1,1.0000,1
/home/student/data/genimagepp/flux/flux/val/1_fake/banana_4.png,1,0.9999,1
/home/student/data/genimagepp/flux/flux/val/1_fake/banana_5.png,1,1.0000,1
/home/student/data/genimagepp/flux/flux/val/1_fake/banded gecko_0.png,1,1.0000,1
/home/student/data/genimagepp/flux/flux/val/1_fake/banded gecko_1.png,1,1.0000,1
/home/student/data/genimagepp/flux/flux/val/1_fake/banded gecko_2.png,1,1.0000,1
/home/student/data/genimagepp/flux/flux/val/1_fake/banded gecko_3.png,1,1.0000,1
/home/student/data/genimagepp/flux/flux/val/1_fake/banded gecko_4.png,1,1.0000,1
/home/student/data/genimagepp/flux/flux/val/1_fake/banded gecko_5.png,1,1.0000,1
/home/student/data/genimagepp/flux/flux/val/1_fake/banjo_0.png,1,0.9998,1
/home/student/data/genimagepp/flux/flux/val/1_fake/banjo_1.png,1,0.9991,1
/home/student/data/genimagepp/flux/flux/val/1_fake/banjo_2.png,1,1.0000,1
/home/student/data/genimagepp/flux/flux/val/1_fake/banjo_3.png,1,1.0000,1
/home/student/data/genimagepp/flux/flux/val/1_fake/banjo_4.png,1,0.9904,1
/home/student/data/genimagepp/flux/flux/val/1_fake/banjo_5.png,1,1.0000,1
/home/student/data/genimagepp/flux/flux/val/1_fake/barbell_0.png,1,0.9964,1
/home/student/data/genimagepp/flux/flux/val/1_fake/barbell_1.png,1,1.0000,1
/home/student/data/genimagepp/flux/flux/val/1_fake/barbell_2.png,1,0.9999,1
/home/student/data/genimagepp/flux/flux/val/1_fake/barbell_3.png,1,1.0000,1
/home/student/data/genimagepp/flux/flux/val/1_fake/barbell_4.png,1,0.9999,1
/home/student/data/genimagepp/flux/flux/val/1_fake/barbell_5.png,1,0.5101,1
/home/student/data/genimagepp/flux/flux/val/1_fake/barber chair_0.png,1,1.0000,1
/home/student/data/genimagepp/flux/flux/val/1_fake/barber chair_1.png,1,1.0000,1
/home/student/data/genimagepp/flux/flux/val/1_fake/barber chair_2.png,1,1.0000,1
/home/student/data/genimagepp/flux/flux/val/1_fake/barber chair_3.png,1,1.0000,1
/home/student/data/genimagepp/flux/flux/val/1_fake/barber chair_4.png,1,0.6079,1
/home/student/data/genimagepp/flux/flux/val/1_fake/barber chair_5.png,1,1.0000,1
/home/student/data/genimagepp/flux/flux/val/1_fake/barbershop_0.png,1,1.0000,1
/home/student/data/genimagepp/flux/flux/val/1_fake/barbershop_1.png,1,1.0000,1
/home/student/data/genimagepp/flux/flux/val/1_fake/barbershop_2.png,1,1.0000,1
/home/student/data/genimagepp/flux/flux/val/1_fake/barbershop_3.png,1,1.0000,1
/home/student/data/genimagepp/flux/flux/val/1_fake/barbershop_4.png,1,0.2158,0
/home/student/data/genimagepp/flux/flux/val/1_fake/barbershop_5.png,1,0.9997,1
/home/student/data/genimagepp/flux/flux/val/1_fake/barn spider_0.png,1,0.9846,1
/home/student/data/genimagepp/flux/flux/val/1_fake/barn spider_1.png,1,1.0000,1
/home/student/data/genimagepp/flux/flux/val/1_fake/barn spider_2.png,1,1.0000,1
/home/student/data/genimagepp/flux/flux/val/1_fake/barn spider_3.png,1,1.0000,1
/home/student/data/genimagepp/flux/flux/val/1_fake/barn spider_4.png,1,1.0000,1
/home/student/data/genimagepp/flux/flux/val/1_fake/barn spider_5.png,1,1.0000,1
/home/student/data/genimagepp/flux/flux/val/1_fake/barn_0.png,1,1.0000,1
/home/student/data/genimagepp/flux/flux/val/1_fake/barn_1.png,1,1.0000,1
/home/student/data/genimagepp/flux/flux/val/1_fake/barn_2.png,1,0.7466,1
/home/student/data/genimagepp/flux/flux/val/1_fake/barn_3.png,1,0.9208,1
/home/student/data/genimagepp/flux/flux/val/1_fake/barn_4.png,1,1.0000,1
/home/student/data/genimagepp/flux/flux/val/1_fake/barn_5.png,1,0.8891,1
/home/student/data/genimagepp/flux/flux/val/1_fake/barometer_0.png,1,1.0000,1
/home/student/data/genimagepp/flux/flux/val/1_fake/barometer_1.png,1,1.0000,1
/home/student/data/genimagepp/flux/flux/val/1_fake/barometer_2.png,1,1.0000,1
/home/student/data/genimagepp/flux/flux/val/1_fake/barometer_3.png,1,1.0000,1
/home/student/data/genimagepp/flux/flux/val/1_fake/barometer_4.png,1,1.0000,1
/home/student/data/genimagepp/flux/flux/val/1_fake/barometer_5.png,1,1.0000,1
/home/student/data/genimagepp/flux/flux/val/1_fake/barrel_0.png,1,0.9970,1
/home/student/data/genimagepp/flux/flux/val/1_fake/barrel_1.png,1,1.0000,1
/home/student/data/genimagepp/flux/flux/val/1_fake/barrel_2.png,1,0.9249,1
/home/student/data/genimagepp/flux/flux/val/1_fake/barrel_3.png,1,0.9474,1
/home/student/data/genimagepp/flux/flux/val/1_fake/barrel_4.png,1,1.0000,1
/home/student/data/genimagepp/flux/flux/val/1_fake/barrel_5.png,1,1.0000,1
/home/student/data/genimagepp/flux/flux/val/1_fake/barrette_0.png,1,1.0000,1
/home/student/data/genimagepp/flux/flux/val/1_fake/barrette_1.png,1,0.9952,1
/home/student/data/genimagepp/flux/flux/val/1_fake/barrette_2.png,1,0.9999,1
/home/student/data/genimagepp/flux/flux/val/1_fake/barrette_3.png,1,0.9993,1
/home/student/data/genimagepp/flux/flux/val/1_fake/barrette_4.png,1,0.9993,1
/home/student/data/genimagepp/flux/flux/val/1_fake/barrette_5.png,1,1.0000,1
/home/student/data/genimagepp/flux/flux/val/1_fake/baseball player_0.png,1,0.9995,1
/home/student/data/genimagepp/flux/flux/val/1_fake/baseball player_1.png,1,1.0000,1
/home/student/data/genimagepp/flux/flux/val/1_fake/baseball player_2.png,1,0.9999,1
/home/student/data/genimagepp/flux/flux/val/1_fake/baseball player_3.png,1,0.9998,1
/home/student/data/genimagepp/flux/flux/val/1_fake/baseball player_4.png,1,1.0000,1
/home/student/data/genimagepp/flux/flux/val/1_fake/baseball player_5.png,1,1.0000,1
/home/student/data/genimagepp/flux/flux/val/1_fake/baseball_0.png,1,0.9835,1
/home/student/data/genimagepp/flux/flux/val/1_fake/baseball_1.png,1,0.9992,1
/home/student/data/genimagepp/flux/flux/val/1_fake/baseball_2.png,1,0.9998,1
/home/student/data/genimagepp/flux/flux/val/1_fake/baseball_3.png,1,0.9847,1
/home/student/data/genimagepp/flux/flux/val/1_fake/baseball_4.png,1,0.9994,1
/home/student/data/genimagepp/flux/flux/val/1_fake/baseball_5.png,1,1.0000,1
/home/student/data/genimagepp/flux/flux/val/1_fake/basketball_0.png,1,0.9995,1
/home/student/data/genimagepp/flux/flux/val/1_fake/basketball_1.png,1,0.9562,1
/home/student/data/genimagepp/flux/flux/val/1_fake/basketball_2.png,1,0.9999,1
/home/student/data/genimagepp/flux/flux/val/1_fake/basketball_3.png,1,1.0000,1
/home/student/data/genimagepp/flux/flux/val/1_fake/basketball_4.png,1,1.0000,1
/home/student/data/genimagepp/flux/flux/val/1_fake/basketball_5.png,1,1.0000,1
/home/student/data/genimagepp/flux/flux/val/1_fake/bassinet_0.png,1,0.8592,1
/home/student/data/genimagepp/flux/flux/val/1_fake/bassinet_1.png,1,1.0000,1
/home/student/data/genimagepp/flux/flux/val/1_fake/bassinet_2.png,1,0.8557,1
/home/student/data/genimagepp/flux/flux/val/1_fake/bassinet_3.png,1,0.9973,1
/home/student/data/genimagepp/flux/flux/val/1_fake/bassinet_4.png,1,0.9999,1
/home/student/data/genimagepp/flux/flux/val/1_fake/bassinet_5.png,1,1.0000,1
/home/student/data/genimagepp/flux/flux/val/1_fake/bassoon_0.png,1,1.0000,1
/home/student/data/genimagepp/flux/flux/val/1_fake/bassoon_1.png,1,1.0000,1
/home/student/data/genimagepp/flux/flux/val/1_fake/bassoon_2.png,1,1.0000,1
/home/student/data/genimagepp/flux/flux/val/1_fake/bassoon_3.png,1,1.0000,1
/home/student/data/genimagepp/flux/flux/val/1_fake/bassoon_4.png,1,1.0000,1
/home/student/data/genimagepp/flux/flux/val/1_fake/bassoon_5.png,1,1.0000,1
/home/student/data/genimagepp/flux/flux/val/1_fake/bath towel_0.png,1,0.4614,0
/home/student/data/genimagepp/flux/flux/val/1_fake/bath towel_1.png,1,0.9997,1
/home/student/data/genimagepp/flux/flux/val/1_fake/bath towel_2.png,1,0.9998,1
/home/student/data/genimagepp/flux/flux/val/1_fake/bath towel_3.png,1,1.0000,1
/home/student/data/genimagepp/flux/flux/val/1_fake/bath towel_4.png,1,0.9994,1
/home/student/data/genimagepp/flux/flux/val/1_fake/bath towel_5.png,1,0.9998,1
/home/student/data/genimagepp/flux/flux/val/1_fake/bathtub_0.png,1,0.9909,1
/home/student/data/genimagepp/flux/flux/val/1_fake/bathtub_1.png,1,1.0000,1
/home/student/data/genimagepp/flux/flux/val/1_fake/bathtub_2.png,1,0.9999,1
/home/student/data/genimagepp/flux/flux/val/1_fake/bathtub_3.png,1,0.8891,1
/home/student/data/genimagepp/flux/flux/val/1_fake/bathtub_4.png,1,0.0079,0
/home/student/data/genimagepp/flux/flux/val/1_fake/bathtub_5.png,1,0.9981,1
/home/student/data/genimagepp/flux/flux/val/1_fake/beaker_0.png,1,1.0000,1
/home/student/data/genimagepp/flux/flux/val/1_fake/beaker_1.png,1,1.0000,1
/home/student/data/genimagepp/flux/flux/val/1_fake/beaker_2.png,1,1.0000,1
/home/student/data/genimagepp/flux/flux/val/1_fake/beaker_3.png,1,0.9999,1
/home/student/data/genimagepp/flux/flux/val/1_fake/beaker_4.png,1,1.0000,1
/home/student/data/genimagepp/flux/flux/val/1_fake/beaker_5.png,1,0.9996,1
/home/student/data/genimagepp/flux/flux/val/1_fake/beaver_0.png,1,1.0000,1
/home/student/data/genimagepp/flux/flux/val/1_fake/beaver_1.png,1,0.9999,1
/home/student/data/genimagepp/flux/flux/val/1_fake/beaver_2.png,1,1.0000,1
/home/student/data/genimagepp/flux/flux/val/1_fake/beaver_3.png,1,1.0000,1
/home/student/data/genimagepp/flux/flux/val/1_fake/beaver_4.png,1,1.0000,1
/home/student/data/genimagepp/flux/flux/val/1_fake/beaver_5.png,1,1.0000,1
/home/student/data/genimagepp/flux/flux/val/1_fake/bee eater_0.png,1,1.0000,1
/home/student/data/genimagepp/flux/flux/val/1_fake/bee eater_1.png,1,1.0000,1
/home/student/data/genimagepp/flux/flux/val/1_fake/bee eater_2.png,1,1.0000,1
/home/student/data/genimagepp/flux/flux/val/1_fake/bee eater_3.png,1,1.0000,1
/home/student/data/genimagepp/flux/flux/val/1_fake/bee eater_4.png,1,1.0000,1
/home/student/data/genimagepp/flux/flux/val/1_fake/bee eater_5.png,1,1.0000,1
/home/student/data/genimagepp/flux/flux/val/1_fake/bee_0.png,1,1.0000,1
/home/student/data/genimagepp/flux/flux/val/1_fake/bee_1.png,1,1.0000,1
/home/student/data/genimagepp/flux/flux/val/1_fake/bee_2.png,1,1.0000,1
/home/student/data/genimagepp/flux/flux/val/1_fake/bee_3.png,1,1.0000,1
/home/student/data/genimagepp/flux/flux/val/1_fake/bee_4.png,1,1.0000,1
/home/student/data/genimagepp/flux/flux/val/1_fake/bee_5.png,1,1.0000,1
/home/student/data/genimagepp/flux/flux/val/1_fake/beer bottle_0.png,1,0.9995,1
/home/student/data/genimagepp/flux/flux/val/1_fake/beer bottle_1.png,1,1.0000,1
/home/student/data/genimagepp/flux/flux/val/1_fake/beer bottle_2.png,1,1.0000,1
/home/student/data/genimagepp/flux/flux/val/1_fake/beer bottle_3.png,1,1.0000,1
/home/student/data/genimagepp/flux/flux/val/1_fake/beer bottle_4.png,1,1.0000,1
/home/student/data/genimagepp/flux/flux/val/1_fake/beer bottle_5.png,1,1.0000,1
/home/student/data/genimagepp/flux/flux/val/1_fake/beer glass_0.png,1,1.0000,1
/home/student/data/genimagepp/flux/flux/val/1_fake/beer glass_1.png,1,0.9987,1
/home/student/data/genimagepp/flux/flux/val/1_fake/beer glass_2.png,1,1.0000,1
/home/student/data/genimagepp/flux/flux/val/1_fake/beer glass_3.png,1,0.5320,1
/home/student/data/genimagepp/flux/flux/val/1_fake/beer glass_4.png,1,1.0000,1
/home/student/data/genimagepp/flux/flux/val/1_fake/beer glass_5.png,1,1.0000,1
/home/student/data/genimagepp/flux/flux/val/1_fake/bell pepper_0.png,1,1.0000,1
/home/student/data/genimagepp/flux/flux/val/1_fake/bell pepper_1.png,1,1.0000,1
/home/student/data/genimagepp/flux/flux/val/1_fake/bell pepper_2.png,1,1.0000,1
/home/student/data/genimagepp/flux/flux/val/1_fake/bell pepper_3.png,1,0.9995,1
/home/student/data/genimagepp/flux/flux/val/1_fake/bell pepper_4.png,1,1.0000,1
/home/student/data/genimagepp/flux/flux/val/1_fake/bell pepper_5.png,1,1.0000,1
/home/student/data/genimagepp/flux/flux/val/1_fake/bell-cot_0.png,1,0.9710,1
/home/student/data/genimagepp/flux/flux/val/1_fake/bell-cot_1.png,1,1.0000,1
/home/student/data/genimagepp/flux/flux/val/1_fake/bell-cot_2.png,1,1.0000,1
/home/student/data/genimagepp/flux/flux/val/1_fake/bell-cot_3.png,1,1.0000,1
/home/student/data/genimagepp/flux/flux/val/1_fake/bell-cot_4.png,1,1.0000,1
/home/student/data/genimagepp/flux/flux/val/1_fake/bell-cot_5.png,1,1.0000,1
/home/student/data/genimagepp/flux/flux/val/1_fake/bib_0.png,1,1.0000,1
/home/student/data/genimagepp/flux/flux/val/1_fake/bib_1.png,1,1.0000,1
/home/student/data/genimagepp/flux/flux/val/1_fake/bib_2.png,1,1.0000,1
/home/student/data/genimagepp/flux/flux/val/1_fake/bib_3.png,1,0.9430,1
/home/student/data/genimagepp/flux/flux/val/1_fake/bib_4.png,1,1.0000,1
/home/student/data/genimagepp/flux/flux/val/1_fake/bib_5.png,1,1.0000,1
/home/student/data/genimagepp/flux/flux/val/1_fake/bighorn sheep_0.png,1,1.0000,1
/home/student/data/genimagepp/flux/flux/val/1_fake/bighorn sheep_1.png,1,1.0000,1
/home/student/data/genimagepp/flux/flux/val/1_fake/bighorn sheep_2.png,1,1.0000,1
/home/student/data/genimagepp/flux/flux/val/1_fake/bighorn sheep_3.png,1,1.0000,1
/home/student/data/genimagepp/flux/flux/val/1_fake/bighorn sheep_4.png,1,1.0000,1
/home/student/data/genimagepp/flux/flux/val/1_fake/bighorn sheep_5.png,1,1.0000,1
/home/student/data/genimagepp/flux/flux/val/1_fake/bikini_0.png,1,0.9980,1
/home/student/data/genimagepp/flux/flux/val/1_fake/bikini_1.png,1,0.9905,1
/home/student/data/genimagepp/flux/flux/val/1_fake/bikini_2.png,1,0.9999,1
/home/student/data/genimagepp/flux/flux/val/1_fake/bikini_3.png,1,1.0000,1
/home/student/data/genimagepp/flux/flux/val/1_fake/bikini_4.png,1,0.9999,1
/home/student/data/genimagepp/flux/flux/val/1_fake/bikini_5.png,1,1.0000,1
/home/student/data/genimagepp/flux/flux/val/1_fake/billiard table_0.png,1,1.0000,1
/home/student/data/genimagepp/flux/flux/val/1_fake/billiard table_1.png,1,1.0000,1
/home/student/data/genimagepp/flux/flux/val/1_fake/billiard table_2.png,1,1.0000,1
/home/student/data/genimagepp/flux/flux/val/1_fake/billiard table_3.png,1,1.0000,1
/home/student/data/genimagepp/flux/flux/val/1_fake/billiard table_4.png,1,1.0000,1
/home/student/data/genimagepp/flux/flux/val/1_fake/billiard table_5.png,1,1.0000,1
/home/student/data/genimagepp/flux/flux/val/1_fake/binoculars_0.png,1,0.4932,0
/home/student/data/genimagepp/flux/flux/val/1_fake/binoculars_1.png,1,0.9620,1
/home/student/data/genimagepp/flux/flux/val/1_fake/binoculars_2.png,1,0.9999,1
/home/student/data/genimagepp/flux/flux/val/1_fake/binoculars_3.png,1,1.0000,1
/home/student/data/genimagepp/flux/flux/val/1_fake/binoculars_4.png,1,0.0013,0
/home/student/data/genimagepp/flux/flux/val/1_fake/binoculars_5.png,1,0.9998,1
/home/student/data/genimagepp/flux/flux/val/1_fake/birdhouse_0.png,1,1.0000,1
/home/student/data/genimagepp/flux/flux/val/1_fake/birdhouse_1.png,1,1.0000,1
/home/student/data/genimagepp/flux/flux/val/1_fake/birdhouse_2.png,1,1.0000,1
/home/student/data/genimagepp/flux/flux/val/1_fake/birdhouse_3.png,1,1.0000,1
/home/student/data/genimagepp/flux/flux/val/1_fake/birdhouse_4.png,1,1.0000,1
/home/student/data/genimagepp/flux/flux/val/1_fake/birdhouse_5.png,1,1.0000,1
/home/student/data/genimagepp/flux/flux/val/1_fake/bison_0.png,1,1.0000,1
/home/student/data/genimagepp/flux/flux/val/1_fake/bison_1.png,1,1.0000,1
/home/student/data/genimagepp/flux/flux/val/1_fake/bison_2.png,1,1.0000,1
/home/student/data/genimagepp/flux/flux/val/1_fake/bison_3.png,1,1.0000,1
/home/student/data/genimagepp/flux/flux/val/1_fake/bison_4.png,1,1.0000,1
/home/student/data/genimagepp/flux/flux/val/1_fake/bison_5.png,1,1.0000,1
/home/student/data/genimagepp/flux/flux/val/1_fake/bittern_0.png,1,1.0000,1
/home/student/data/genimagepp/flux/flux/val/1_fake/bittern_1.png,1,1.0000,1
/home/student/data/genimagepp/flux/flux/val/1_fake/bittern_2.png,1,1.0000,1
/home/student/data/genimagepp/flux/flux/val/1_fake/bittern_3.png,1,1.0000,1
/home/student/data/genimagepp/flux/flux/val/1_fake/bittern_4.png,1,1.0000,1
/home/student/data/genimagepp/flux/flux/val/1_fake/bittern_5.png,1,1.0000,1
/home/student/data/genimagepp/flux/flux/val/1_fake/black grouse_0.png,1,1.0000,1
/home/student/data/genimagepp/flux/flux/val/1_fake/black grouse_1.png,1,1.0000,1
/home/student/data/genimagepp/flux/flux/val/1_fake/black grouse_2.png,1,1.0000,1
/home/student/data/genimagepp/flux/flux/val/1_fake/black grouse_3.png,1,1.0000,1
/home/student/data/genimagepp/flux/flux/val/1_fake/black grouse_4.png,1,1.0000,1
/home/student/data/genimagepp/flux/flux/val/1_fake/black grouse_5.png,1,1.0000,1
/home/student/data/genimagepp/flux/flux/val/1_fake/black stork_0.png,1,1.0000,1
/home/student/data/genimagepp/flux/flux/val/1_fake/black stork_1.png,1,1.0000,1
/home/student/data/genimagepp/flux/flux/val/1_fake/black stork_2.png,1,1.0000,1
/home/student/data/genimagepp/flux/flux/val/1_fake/black stork_3.png,1,1.0000,1
/home/student/data/genimagepp/flux/flux/val/1_fake/black stork_4.png,1,1.0000,1
/home/student/data/genimagepp/flux/flux/val/1_fake/black stork_5.png,1,1.0000,1
/home/student/data/genimagepp/flux/flux/val/1_fake/black swan_0.png,1,1.0000,1
/home/student/data/genimagepp/flux/flux/val/1_fake/black swan_1.png,1,1.0000,1
/home/student/data/genimagepp/flux/flux/val/1_fake/black swan_2.png,1,1.0000,1
/home/student/data/genimagepp/flux/flux/val/1_fake/black swan_3.png,1,1.0000,1
/home/student/data/genimagepp/flux/flux/val/1_fake/black swan_4.png,1,1.0000,1
/home/student/data/genimagepp/flux/flux/val/1_fake/black swan_5.png,1,1.0000,1
/home/student/data/genimagepp/flux/flux/val/1_fake/black-and-white colobus_0.png,1,1.0000,1
/home/student/data/genimagepp/flux/flux/val/1_fake/black-and-white colobus_1.png,1,1.0000,1
/home/student/data/genimagepp/flux/flux/val/1_fake/black-and-white colobus_2.png,1,1.0000,1
/home/student/data/genimagepp/flux/flux/val/1_fake/black-and-white colobus_3.png,1,1.0000,1
/home/student/data/genimagepp/flux/flux/val/1_fake/black-and-white colobus_4.png,1,1.0000,1
/home/student/data/genimagepp/flux/flux/val/1_fake/black-and-white colobus_5.png,1,1.0000,1
/home/student/data/genimagepp/flux/flux/val/1_fake/black-footed ferret_0.png,1,1.0000,1
/home/student/data/genimagepp/flux/flux/val/1_fake/black-footed ferret_1.png,1,1.0000,1
/home/student/data/genimagepp/flux/flux/val/1_fake/black-footed ferret_2.png,1,1.0000,1
/home/student/data/genimagepp/flux/flux/val/1_fake/black-footed ferret_3.png,1,1.0000,1
/home/student/data/genimagepp/flux/flux/val/1_fake/black-footed ferret_4.png,1,1.0000,1
/home/student/data/genimagepp/flux/flux/val/1_fake/black-footed ferret_5.png,1,1.0000,1
/home/student/data/genimagepp/flux/flux/val/1_fake/boa constrictor_0.png,1,1.0000,1
/home/student/data/genimagepp/flux/flux/val/1_fake/boa constrictor_1.png,1,0.9993,1
/home/student/data/genimagepp/flux/flux/val/1_fake/boa constrictor_2.png,1,1.0000,1
/home/student/data/genimagepp/flux/flux/val/1_fake/boa constrictor_3.png,1,0.9999,1
/home/student/data/genimagepp/flux/flux/val/1_fake/boa constrictor_4.png,1,1.0000,1
/home/student/data/genimagepp/flux/flux/val/1_fake/boa constrictor_5.png,1,1.0000,1
/home/student/data/genimagepp/flux/flux/val/1_fake/boathouse_0.png,1,0.1206,0
/home/student/data/genimagepp/flux/flux/val/1_fake/boathouse_1.png,1,0.9996,1
/home/student/data/genimagepp/flux/flux/val/1_fake/boathouse_2.png,1,1.0000,1
/home/student/data/genimagepp/flux/flux/val/1_fake/boathouse_3.png,1,0.9996,1
/home/student/data/genimagepp/flux/flux/val/1_fake/boathouse_4.png,1,0.8650,1
/home/student/data/genimagepp/flux/flux/val/1_fake/boathouse_5.png,1,0.0357,0
/home/student/data/genimagepp/flux/flux/val/1_fake/bobsleigh_0.png,1,1.0000,1
/home/student/data/genimagepp/flux/flux/val/1_fake/bobsleigh_1.png,1,1.0000,1
/home/student/data/genimagepp/flux/flux/val/1_fake/bobsleigh_2.png,1,1.0000,1
/home/student/data/genimagepp/flux/flux/val/1_fake/bobsleigh_3.png,1,1.0000,1
/home/student/data/genimagepp/flux/flux/val/1_fake/bobsleigh_4.png,1,1.0000,1
/home/student/data/genimagepp/flux/flux/val/1_fake/bobsleigh_5.png,1,1.0000,1
/home/student/data/genimagepp/flux/flux/val/1_fake/bolete_0.png,1,1.0000,1
/home/student/data/genimagepp/flux/flux/val/1_fake/bolete_1.png,1,1.0000,1
/home/student/data/genimagepp/flux/flux/val/1_fake/bolete_2.png,1,1.0000,1
/home/student/data/genimagepp/flux/flux/val/1_fake/bolete_3.png,1,1.0000,1
/home/student/data/genimagepp/flux/flux/val/1_fake/bolete_4.png,1,1.0000,1
/home/student/data/genimagepp/flux/flux/val/1_fake/bolete_5.png,1,1.0000,1
/home/student/data/genimagepp/flux/flux/val/1_fake/bolo tie_0.png,1,0.9999,1
/home/student/data/genimagepp/flux/flux/val/1_fake/bolo tie_1.png,1,1.0000,1
/home/student/data/genimagepp/flux/flux/val/1_fake/bolo tie_2.png,1,0.9998,1
/home/student/data/genimagepp/flux/flux/val/1_fake/bolo tie_3.png,1,0.9971,1
/home/student/data/genimagepp/flux/flux/val/1_fake/bolo tie_4.png,1,1.0000,1
/home/student/data/genimagepp/flux/flux/val/1_fake/bolo tie_5.png,1,1.0000,1
/home/student/data/genimagepp/flux/flux/val/1_fake/bookcase_0.png,1,1.0000,1
/home/student/data/genimagepp/flux/flux/val/1_fake/bookcase_1.png,1,1.0000,1
/home/student/data/genimagepp/flux/flux/val/1_fake/bookcase_2.png,1,1.0000,1
/home/student/data/genimagepp/flux/flux/val/1_fake/bookcase_3.png,1,1.0000,1
/home/student/data/genimagepp/flux/flux/val/1_fake/bookcase_4.png,1,1.0000,1
/home/student/data/genimagepp/flux/flux/val/1_fake/bookcase_5.png,1,1.0000,1
/home/student/data/genimagepp/flux/flux/val/1_fake/bookstore_0.png,1,1.0000,1
/home/student/data/genimagepp/flux/flux/val/1_fake/bookstore_1.png,1,1.0000,1
/home/student/data/genimagepp/flux/flux/val/1_fake/bookstore_2.png,1,0.9999,1
/home/student/data/genimagepp/flux/flux/val/1_fake/bookstore_3.png,1,0.9995,1
/home/student/data/genimagepp/flux/flux/val/1_fake/bookstore_4.png,1,1.0000,1
/home/student/data/genimagepp/flux/flux/val/1_fake/bookstore_5.png,1,1.0000,1
/home/student/data/genimagepp/flux/flux/val/1_fake/borzoi_0.png,1,1.0000,1
/home/student/data/genimagepp/flux/flux/val/1_fake/borzoi_1.png,1,1.0000,1
/home/student/data/genimagepp/flux/flux/val/1_fake/borzoi_2.png,1,1.0000,1
/home/student/data/genimagepp/flux/flux/val/1_fake/borzoi_3.png,1,0.9999,1
/home/student/data/genimagepp/flux/flux/val/1_fake/borzoi_4.png,1,1.0000,1
/home/student/data/genimagepp/flux/flux/val/1_fake/borzoi_5.png,1,1.0000,1
/home/student/data/genimagepp/flux/flux/val/1_fake/bottle cap_0.png,1,1.0000,1
/home/student/data/genimagepp/flux/flux/val/1_fake/bottle cap_1.png,1,0.9968,1
/home/student/data/genimagepp/flux/flux/val/1_fake/bottle cap_2.png,1,0.9999,1
/home/student/data/genimagepp/flux/flux/val/1_fake/bottle cap_3.png,1,1.0000,1
/home/student/data/genimagepp/flux/flux/val/1_fake/bottle cap_4.png,1,1.0000,1
/home/student/data/genimagepp/flux/flux/val/1_fake/bottle cap_5.png,1,0.9999,1
/home/student/data/genimagepp/flux/flux/val/1_fake/bow tie_0.png,1,1.0000,1
/home/student/data/genimagepp/flux/flux/val/1_fake/bow tie_1.png,1,1.0000,1
/home/student/data/genimagepp/flux/flux/val/1_fake/bow tie_2.png,1,1.0000,1
/home/student/data/genimagepp/flux/flux/val/1_fake/bow tie_3.png,1,1.0000,1
/home/student/data/genimagepp/flux/flux/val/1_fake/bow tie_4.png,1,1.0000,1
/home/student/data/genimagepp/flux/flux/val/1_fake/bow tie_5.png,1,1.0000,1
/home/student/data/genimagepp/flux/flux/val/1_fake/bow_0.png,1,1.0000,1
/home/student/data/genimagepp/flux/flux/val/1_fake/bow_1.png,1,1.0000,1
/home/student/data/genimagepp/flux/flux/val/1_fake/bow_2.png,1,0.9994,1
/home/student/data/genimagepp/flux/flux/val/1_fake/bow_3.png,1,1.0000,1
/home/student/data/genimagepp/flux/flux/val/1_fake/bow_4.png,1,1.0000,1
/home/student/data/genimagepp/flux/flux/val/1_fake/bow_5.png,1,1.0000,1
/home/student/data/genimagepp/flux/flux/val/1_fake/box turtle_0.png,1,1.0000,1
/home/student/data/genimagepp/flux/flux/val/1_fake/box turtle_1.png,1,1.0000,1
/home/student/data/genimagepp/flux/flux/val/1_fake/box turtle_2.png,1,1.0000,1
/home/student/data/genimagepp/flux/flux/val/1_fake/box turtle_3.png,1,1.0000,1
/home/student/data/genimagepp/flux/flux/val/1_fake/box turtle_4.png,1,1.0000,1
/home/student/data/genimagepp/flux/flux/val/1_fake/box turtle_5.png,1,1.0000,1
/home/student/data/genimagepp/flux/flux/val/1_fake/bra_0.png,1,0.9999,1
/home/student/data/genimagepp/flux/flux/val/1_fake/bra_1.png,1,1.0000,1
/home/student/data/genimagepp/flux/flux/val/1_fake/bra_2.png,1,0.9998,1
/home/student/data/genimagepp/flux/flux/val/1_fake/bra_3.png,1,0.9979,1
/home/student/data/genimagepp/flux/flux/val/1_fake/bra_4.png,1,1.0000,1
/home/student/data/genimagepp/flux/flux/val/1_fake/bra_5.png,1,1.0000,1
/home/student/data/genimagepp/flux/flux/val/1_fake/brain coral_0.png,1,0.6140,1
/home/student/data/genimagepp/flux/flux/val/1_fake/brain coral_1.png,1,1.0000,1
/home/student/data/genimagepp/flux/flux/val/1_fake/brain coral_2.png,1,0.9999,1
/home/student/data/genimagepp/flux/flux/val/1_fake/brain coral_3.png,1,0.9689,1
/home/student/data/genimagepp/flux/flux/val/1_fake/brain coral_4.png,1,0.9226,1
/home/student/data/genimagepp/flux/flux/val/1_fake/brain coral_5.png,1,0.8672,1
/home/student/data/genimagepp/flux/flux/val/1_fake/brambling_0.png,1,1.0000,1
/home/student/data/genimagepp/flux/flux/val/1_fake/brambling_1.png,1,0.9997,1
/home/student/data/genimagepp/flux/flux/val/1_fake/brambling_2.png,1,1.0000,1
/home/student/data/genimagepp/flux/flux/val/1_fake/brambling_3.png,1,1.0000,1
/home/student/data/genimagepp/flux/flux/val/1_fake/brambling_4.png,1,1.0000,1
/home/student/data/genimagepp/flux/flux/val/1_fake/brambling_5.png,1,1.0000,1
/home/student/data/genimagepp/flux/flux/val/1_fake/brass_0.png,1,1.0000,1
/home/student/data/genimagepp/flux/flux/val/1_fake/brass_1.png,1,0.9967,1
/home/student/data/genimagepp/flux/flux/val/1_fake/brass_2.png,1,0.9999,1
/home/student/data/genimagepp/flux/flux/val/1_fake/brass_3.png,1,0.9891,1
/home/student/data/genimagepp/flux/flux/val/1_fake/brass_4.png,1,0.9997,1
/home/student/data/genimagepp/flux/flux/val/1_fake/brass_5.png,1,0.9999,1
/home/student/data/genimagepp/flux/flux/val/1_fake/breakwater_0.png,1,0.9819,1
/home/student/data/genimagepp/flux/flux/val/1_fake/breakwater_1.png,1,0.3044,0
/home/student/data/genimagepp/flux/flux/val/1_fake/breakwater_2.png,1,0.9834,1
/home/student/data/genimagepp/flux/flux/val/1_fake/breakwater_3.png,1,0.7714,1
/home/student/data/genimagepp/flux/flux/val/1_fake/breakwater_4.png,1,0.9999,1
/home/student/data/genimagepp/flux/flux/val/1_fake/breakwater_5.png,1,0.9996,1
/home/student/data/genimagepp/flux/flux/val/1_fake/breastplate_0.png,1,1.0000,1
/home/student/data/genimagepp/flux/flux/val/1_fake/breastplate_1.png,1,0.9999,1
/home/student/data/genimagepp/flux/flux/val/1_fake/breastplate_2.png,1,0.9911,1
/home/student/data/genimagepp/flux/flux/val/1_fake/breastplate_3.png,1,1.0000,1
/home/student/data/genimagepp/flux/flux/val/1_fake/breastplate_4.png,1,1.0000,1
/home/student/data/genimagepp/flux/flux/val/1_fake/breastplate_5.png,1,0.7141,1
/home/student/data/genimagepp/flux/flux/val/1_fake/bridegroom_0.png,1,0.9972,1
/home/student/data/genimagepp/flux/flux/val/1_fake/bridegroom_1.png,1,1.0000,1
/home/student/data/genimagepp/flux/flux/val/1_fake/bridegroom_2.png,1,0.9993,1
/home/student/data/genimagepp/flux/flux/val/1_fake/bridegroom_3.png,1,1.0000,1
/home/student/data/genimagepp/flux/flux/val/1_fake/bridegroom_4.png,1,1.0000,1
/home/student/data/genimagepp/flux/flux/val/1_fake/bridegroom_5.png,1,1.0000,1
/home/student/data/genimagepp/flux/flux/val/1_fake/broccoli_0.png,1,0.9994,1
/home/student/data/genimagepp/flux/flux/val/1_fake/broccoli_1.png,1,1.0000,1
/home/student/data/genimagepp/flux/flux/val/1_fake/broccoli_2.png,1,1.0000,1
/home/student/data/genimagepp/flux/flux/val/1_fake/broccoli_3.png,1,1.0000,1
/home/student/data/genimagepp/flux/flux/val/1_fake/broccoli_4.png,1,1.0000,1
/home/student/data/genimagepp/flux/flux/val/1_fake/broccoli_5.png,1,1.0000,1
/home/student/data/genimagepp/flux/flux/val/1_fake/broom_0.png,1,0.9942,1
/home/student/data/genimagepp/flux/flux/val/1_fake/broom_1.png,1,0.9937,1
/home/student/data/genimagepp/flux/flux/val/1_fake/broom_2.png,1,0.9930,1
/home/student/data/genimagepp/flux/flux/val/1_fake/broom_3.png,1,1.0000,1
/home/student/data/genimagepp/flux/flux/val/1_fake/broom_4.png,1,1.0000,1
/home/student/data/genimagepp/flux/flux/val/1_fake/broom_5.png,1,0.9984,1
/home/student/data/genimagepp/flux/flux/val/1_fake/brown bear_0.png,1,1.0000,1
/home/student/data/genimagepp/flux/flux/val/1_fake/brown bear_1.png,1,1.0000,1
/home/student/data/genimagepp/flux/flux/val/1_fake/brown bear_2.png,1,1.0000,1
/home/student/data/genimagepp/flux/flux/val/1_fake/brown bear_3.png,1,1.0000,1
/home/student/data/genimagepp/flux/flux/val/1_fake/brown bear_4.png,1,1.0000,1
/home/student/data/genimagepp/flux/flux/val/1_fake/brown bear_5.png,1,1.0000,1
/home/student/data/genimagepp/flux/flux/val/1_fake/bubble_0.png,1,1.0000,1
/home/student/data/genimagepp/flux/flux/val/1_fake/bubble_1.png,1,0.9940,1
/home/student/data/genimagepp/flux/flux/val/1_fake/bubble_2.png,1,0.9979,1
/home/student/data/genimagepp/flux/flux/val/1_fake/bubble_3.png,1,0.9991,1
/home/student/data/genimagepp/flux/flux/val/1_fake/bubble_4.png,1,1.0000,1
/home/student/data/genimagepp/flux/flux/val/1_fake/bubble_5.png,1,0.9994,1
/home/student/data/genimagepp/flux/flux/val/1_fake/bucket_0.png,1,0.9608,1
/home/student/data/genimagepp/flux/flux/val/1_fake/bucket_1.png,1,1.0000,1
/home/student/data/genimagepp/flux/flux/val/1_fake/bucket_2.png,1,0.9968,1
/home/student/data/genimagepp/flux/flux/val/1_fake/bucket_3.png,1,0.9993,1
/home/student/data/genimagepp/flux/flux/val/1_fake/bucket_4.png,1,0.9992,1
/home/student/data/genimagepp/flux/flux/val/1_fake/bucket_5.png,1,0.9976,1
/home/student/data/genimagepp/flux/flux/val/1_fake/buckle_0.png,1,1.0000,1
/home/student/data/genimagepp/flux/flux/val/1_fake/buckle_1.png,1,1.0000,1
/home/student/data/genimagepp/flux/flux/val/1_fake/buckle_2.png,1,1.0000,1
/home/student/data/genimagepp/flux/flux/val/1_fake/buckle_3.png,1,1.0000,1
/home/student/data/genimagepp/flux/flux/val/1_fake/buckle_4.png,1,1.0000,1
/home/student/data/genimagepp/flux/flux/val/1_fake/buckle_5.png,1,1.0000,1
/home/student/data/genimagepp/flux/flux/val/1_fake/bulbul_0.png,1,1.0000,1
/home/student/data/genimagepp/flux/flux/val/1_fake/bulbul_1.png,1,0.9998,1
/home/student/data/genimagepp/flux/flux/val/1_fake/bulbul_2.png,1,1.0000,1
/home/student/data/genimagepp/flux/flux/val/1_fake/bulbul_3.png,1,1.0000,1
/home/student/data/genimagepp/flux/flux/val/1_fake/bulbul_4.png,1,1.0000,1
/home/student/data/genimagepp/flux/flux/val/1_fake/bulbul_5.png,1,1.0000,1
/home/student/data/genimagepp/flux/flux/val/1_fake/bulletproof vest_0.png,1,1.0000,1
/home/student/data/genimagepp/flux/flux/val/1_fake/bulletproof vest_1.png,1,0.9872,1
/home/student/data/genimagepp/flux/flux/val/1_fake/bulletproof vest_2.png,1,1.0000,1
/home/student/data/genimagepp/flux/flux/val/1_fake/bulletproof vest_3.png,1,1.0000,1
/home/student/data/genimagepp/flux/flux/val/1_fake/bulletproof vest_4.png,1,0.9987,1
/home/student/data/genimagepp/flux/flux/val/1_fake/bulletproof vest_5.png,1,0.9997,1
/home/student/data/genimagepp/flux/flux/val/1_fake/bullock cart_0.png,1,1.0000,1
/home/student/data/genimagepp/flux/flux/val/1_fake/bullock cart_1.png,1,0.9778,1
/home/student/data/genimagepp/flux/flux/val/1_fake/bullock cart_2.png,1,0.9992,1
/home/student/data/genimagepp/flux/flux/val/1_fake/bullock cart_3.png,1,0.9994,1
/home/student/data/genimagepp/flux/flux/val/1_fake/bullock cart_4.png,1,0.9998,1
/home/student/data/genimagepp/flux/flux/val/1_fake/bullock cart_5.png,1,0.4802,0
/home/student/data/genimagepp/flux/flux/val/1_fake/burrito_0.png,1,0.0110,0
/home/student/data/genimagepp/flux/flux/val/1_fake/burrito_1.png,1,1.0000,1
/home/student/data/genimagepp/flux/flux/val/1_fake/burrito_2.png,1,1.0000,1
/home/student/data/genimagepp/flux/flux/val/1_fake/burrito_3.png,1,1.0000,1
/home/student/data/genimagepp/flux/flux/val/1_fake/burrito_4.png,1,0.9999,1
/home/student/data/genimagepp/flux/flux/val/1_fake/burrito_5.png,1,1.0000,1
/home/student/data/genimagepp/flux/flux/val/1_fake/bustard_0.png,1,1.0000,1
/home/student/data/genimagepp/flux/flux/val/1_fake/bustard_1.png,1,1.0000,1
/home/student/data/genimagepp/flux/flux/val/1_fake/bustard_2.png,1,1.0000,1
/home/student/data/genimagepp/flux/flux/val/1_fake/bustard_3.png,1,1.0000,1
/home/student/data/genimagepp/flux/flux/val/1_fake/bustard_4.png,1,1.0000,1
/home/student/data/genimagepp/flux/flux/val/1_fake/bustard_5.png,1,1.0000,1
/home/student/data/genimagepp/flux/flux/val/1_fake/butcher shop_0.png,1,0.9999,1
/home/student/data/genimagepp/flux/flux/val/1_fake/butcher shop_1.png,1,0.9998,1
/home/student/data/genimagepp/flux/flux/val/1_fake/butcher shop_2.png,1,0.9998,1
/home/student/data/genimagepp/flux/flux/val/1_fake/butcher shop_3.png,1,1.0000,1
/home/student/data/genimagepp/flux/flux/val/1_fake/butcher shop_4.png,1,0.9999,1
/home/student/data/genimagepp/flux/flux/val/1_fake/butcher shop_5.png,1,1.0000,1
/home/student/data/genimagepp/flux/flux/val/1_fake/butternut squash_0.png,1,1.0000,1
/home/student/data/genimagepp/flux/flux/val/1_fake/butternut squash_1.png,1,1.0000,1
/home/student/data/genimagepp/flux/flux/val/1_fake/butternut squash_2.png,1,1.0000,1
/home/student/data/genimagepp/flux/flux/val/1_fake/butternut squash_3.png,1,1.0000,1
/home/student/data/genimagepp/flux/flux/val/1_fake/butternut squash_4.png,1,1.0000,1
/home/student/data/genimagepp/flux/flux/val/1_fake/butternut squash_5.png,1,1.0000,1
/home/student/data/genimagepp/flux/flux/val/1_fake/cabbage_0.png,1,1.0000,1
/home/student/data/genimagepp/flux/flux/val/1_fake/cabbage_1.png,1,1.0000,1
/home/student/data/genimagepp/flux/flux/val/1_fake/cabbage_2.png,1,1.0000,1
/home/student/data/genimagepp/flux/flux/val/1_fake/cabbage_3.png,1,1.0000,1
/home/student/data/genimagepp/flux/flux/val/1_fake/cabbage_4.png,1,1.0000,1
/home/student/data/genimagepp/flux/flux/val/1_fake/cabbage_5.png,1,1.0000,1
/home/student/data/genimagepp/flux/flux/val/1_fake/can opener_0.png,1,0.9935,1
/home/student/data/genimagepp/flux/flux/val/1_fake/can opener_1.png,1,0.6234,1
/home/student/data/genimagepp/flux/flux/val/1_fake/can opener_2.png,1,1.0000,1
/home/student/data/genimagepp/flux/flux/val/1_fake/can opener_3.png,1,0.9997,1
/home/student/data/genimagepp/flux/flux/val/1_fake/can opener_4.png,1,0.9976,1
/home/student/data/genimagepp/flux/flux/val/1_fake/can opener_5.png,1,0.9891,1
/home/student/data/genimagepp/flux/flux/val/1_fake/candle_0.png,1,0.5356,1
/home/student/data/genimagepp/flux/flux/val/1_fake/candle_1.png,1,0.0014,0
/home/student/data/genimagepp/flux/flux/val/1_fake/candle_2.png,1,0.0010,0
/home/student/data/genimagepp/flux/flux/val/1_fake/candle_3.png,1,0.9889,1
/home/student/data/genimagepp/flux/flux/val/1_fake/candle_4.png,1,0.0055,0
/home/student/data/genimagepp/flux/flux/val/1_fake/candle_5.png,1,0.7094,1
/home/student/data/genimagepp/flux/flux/val/1_fake/cannon_0.png,1,0.7387,1
/home/student/data/genimagepp/flux/flux/val/1_fake/cannon_1.png,1,0.1610,0
/home/student/data/genimagepp/flux/flux/val/1_fake/cannon_2.png,1,0.0075,0
/home/student/data/genimagepp/flux/flux/val/1_fake/cannon_3.png,1,1.0000,1
/home/student/data/genimagepp/flux/flux/val/1_fake/cannon_4.png,1,0.5316,1
/home/student/data/genimagepp/flux/flux/val/1_fake/cannon_5.png,1,1.0000,1
/home/student/data/genimagepp/flux/flux/val/1_fake/canoe_0.png,1,0.9872,1
/home/student/data/genimagepp/flux/flux/val/1_fake/canoe_1.png,1,0.9998,1
/home/student/data/genimagepp/flux/flux/val/1_fake/canoe_2.png,1,1.0000,1
/home/student/data/genimagepp/flux/flux/val/1_fake/canoe_3.png,1,1.0000,1
/home/student/data/genimagepp/flux/flux/val/1_fake/canoe_4.png,1,0.9999,1
/home/student/data/genimagepp/flux/flux/val/1_fake/canoe_5.png,1,0.9996,1
/home/student/data/genimagepp/flux/flux/val/1_fake/car mirror_0.png,1,0.9855,1
/home/student/data/genimagepp/flux/flux/val/1_fake/car mirror_1.png,1,0.7976,1
/home/student/data/genimagepp/flux/flux/val/1_fake/car mirror_2.png,1,0.9981,1
/home/student/data/genimagepp/flux/flux/val/1_fake/car mirror_3.png,1,0.9587,1
/home/student/data/genimagepp/flux/flux/val/1_fake/car mirror_4.png,1,0.8896,1
/home/student/data/genimagepp/flux/flux/val/1_fake/car mirror_5.png,1,1.0000,1
/home/student/data/genimagepp/flux/flux/val/1_fake/car wheel_0.png,1,1.0000,1
/home/student/data/genimagepp/flux/flux/val/1_fake/car wheel_1.png,1,0.9997,1
/home/student/data/genimagepp/flux/flux/val/1_fake/car wheel_2.png,1,1.0000,1
/home/student/data/genimagepp/flux/flux/val/1_fake/car wheel_3.png,1,1.0000,1
/home/student/data/genimagepp/flux/flux/val/1_fake/car wheel_4.png,1,1.0000,1
/home/student/data/genimagepp/flux/flux/val/1_fake/car wheel_5.png,1,1.0000,1
/home/student/data/genimagepp/flux/flux/val/1_fake/carbonara_0.png,1,1.0000,1
/home/student/data/genimagepp/flux/flux/val/1_fake/carbonara_1.png,1,0.9972,1
/home/student/data/genimagepp/flux/flux/val/1_fake/carbonara_2.png,1,0.9780,1
/home/student/data/genimagepp/flux/flux/val/1_fake/carbonara_3.png,1,0.9999,1
/home/student/data/genimagepp/flux/flux/val/1_fake/carbonara_4.png,1,1.0000,1
/home/student/data/genimagepp/flux/flux/val/1_fake/carbonara_5.png,1,1.0000,1
/home/student/data/genimagepp/flux/flux/val/1_fake/cardigan_0.png,1,1.0000,1
/home/student/data/genimagepp/flux/flux/val/1_fake/cardigan_1.png,1,0.9999,1
/home/student/data/genimagepp/flux/flux/val/1_fake/cardigan_2.png,1,1.0000,1
/home/student/data/genimagepp/flux/flux/val/1_fake/cardigan_3.png,1,1.0000,1
/home/student/data/genimagepp/flux/flux/val/1_fake/cardigan_4.png,1,1.0000,1
/home/student/data/genimagepp/flux/flux/val/1_fake/cardigan_5.png,1,1.0000,1
/home/student/data/genimagepp/flux/flux/val/1_fake/cardoon_0.png,1,1.0000,1
/home/student/data/genimagepp/flux/flux/val/1_fake/cardoon_1.png,1,1.0000,1
/home/student/data/genimagepp/flux/flux/val/1_fake/cardoon_2.png,1,1.0000,1
/home/student/data/genimagepp/flux/flux/val/1_fake/cardoon_3.png,1,0.9966,1
/home/student/data/genimagepp/flux/flux/val/1_fake/cardoon_4.png,1,1.0000,1
/home/student/data/genimagepp/flux/flux/val/1_fake/cardoon_5.png,1,1.0000,1
/home/student/data/genimagepp/flux/flux/val/1_fake/carousel_0.png,1,1.0000,1
/home/student/data/genimagepp/flux/flux/val/1_fake/carousel_1.png,1,1.0000,1
/home/student/data/genimagepp/flux/flux/val/1_fake/carousel_2.png,1,1.0000,1
/home/student/data/genimagepp/flux/flux/val/1_fake/carousel_3.png,1,1.0000,1
/home/student/data/genimagepp/flux/flux/val/1_fake/carousel_4.png,1,1.0000,1
/home/student/data/genimagepp/flux/flux/val/1_fake/carousel_5.png,1,1.0000,1
/home/student/data/genimagepp/flux/flux/val/1_fake/carton_0.png,1,1.0000,1
/home/student/data/genimagepp/flux/flux/val/1_fake/carton_1.png,1,0.9792,1
/home/student/data/genimagepp/flux/flux/val/1_fake/carton_2.png,1,0.9596,1
/home/student/data/genimagepp/flux/flux/val/1_fake/carton_3.png,1,0.9992,1
/home/student/data/genimagepp/flux/flux/val/1_fake/carton_4.png,1,0.9994,1
/home/student/data/genimagepp/flux/flux/val/1_fake/carton_5.png,1,0.9999,1
/home/student/data/genimagepp/flux/flux/val/1_fake/cassette player_0.png,1,0.9903,1
/home/student/data/genimagepp/flux/flux/val/1_fake/cassette player_1.png,1,1.0000,1
/home/student/data/genimagepp/flux/flux/val/1_fake/cassette player_2.png,1,0.9937,1
/home/student/data/genimagepp/flux/flux/val/1_fake/cassette player_3.png,1,1.0000,1
/home/student/data/genimagepp/flux/flux/val/1_fake/cassette player_4.png,1,0.9620,1
/home/student/data/genimagepp/flux/flux/val/1_fake/cassette player_5.png,1,1.0000,1
/home/student/data/genimagepp/flux/flux/val/1_fake/cassette_0.png,1,0.9842,1
/home/student/data/genimagepp/flux/flux/val/1_fake/cassette_1.png,1,1.0000,1
/home/student/data/genimagepp/flux/flux/val/1_fake/cassette_2.png,1,1.0000,1
/home/student/data/genimagepp/flux/flux/val/1_fake/cassette_3.png,1,1.0000,1
/home/student/data/genimagepp/flux/flux/val/1_fake/cassette_4.png,1,0.9999,1
/home/student/data/genimagepp/flux/flux/val/1_fake/cassette_5.png,1,0.9997,1
/home/student/data/genimagepp/flux/flux/val/1_fake/castle_0.png,1,0.9919,1
/home/student/data/genimagepp/flux/flux/val/1_fake/castle_1.png,1,1.0000,1
/home/student/data/genimagepp/flux/flux/val/1_fake/castle_2.png,1,0.9986,1
/home/student/data/genimagepp/flux/flux/val/1_fake/castle_3.png,1,0.9992,1
/home/student/data/genimagepp/flux/flux/val/1_fake/castle_4.png,1,0.9503,1
/home/student/data/genimagepp/flux/flux/val/1_fake/castle_5.png,1,0.3052,0
/home/student/data/genimagepp/flux/flux/val/1_fake/catamaran_0.png,1,0.6287,1
/home/student/data/genimagepp/flux/flux/val/1_fake/catamaran_1.png,1,0.9956,1
/home/student/data/genimagepp/flux/flux/val/1_fake/catamaran_2.png,1,0.9947,1
/home/student/data/genimagepp/flux/flux/val/1_fake/catamaran_3.png,1,0.8585,1
/home/student/data/genimagepp/flux/flux/val/1_fake/catamaran_4.png,1,0.3800,0
/home/student/data/genimagepp/flux/flux/val/1_fake/catamaran_5.png,1,0.3484,0
/home/student/data/genimagepp/flux/flux/val/1_fake/cauldron_0.png,1,1.0000,1
/home/student/data/genimagepp/flux/flux/val/1_fake/cauldron_1.png,1,1.0000,1
/home/student/data/genimagepp/flux/flux/val/1_fake/cauldron_2.png,1,0.9908,1
/home/student/data/genimagepp/flux/flux/val/1_fake/cauldron_3.png,1,1.0000,1
/home/student/data/genimagepp/flux/flux/val/1_fake/cauldron_4.png,1,1.0000,1
/home/student/data/genimagepp/flux/flux/val/1_fake/cauldron_5.png,1,1.0000,1
/home/student/data/genimagepp/flux/flux/val/1_fake/cauliflower_0.png,1,1.0000,1
/home/student/data/genimagepp/flux/flux/val/1_fake/cauliflower_1.png,1,1.0000,1
/home/student/data/genimagepp/flux/flux/val/1_fake/cauliflower_2.png,1,1.0000,1
/home/student/data/genimagepp/flux/flux/val/1_fake/cauliflower_3.png,1,1.0000,1
/home/student/data/genimagepp/flux/flux/val/1_fake/cauliflower_4.png,1,1.0000,1
/home/student/data/genimagepp/flux/flux/val/1_fake/cauliflower_5.png,1,1.0000,1
/home/student/data/genimagepp/flux/flux/val/1_fake/cello_0.png,1,0.9991,1
/home/student/data/genimagepp/flux/flux/val/1_fake/cello_1.png,1,1.0000,1
/home/student/data/genimagepp/flux/flux/val/1_fake/cello_2.png,1,1.0000,1
/home/student/data/genimagepp/flux/flux/val/1_fake/cello_3.png,1,0.9980,1
/home/student/data/genimagepp/flux/flux/val/1_fake/cello_4.png,1,1.0000,1
/home/student/data/genimagepp/flux/flux/val/1_fake/cello_5.png,1,1.0000,1
/home/student/data/genimagepp/flux/flux/val/1_fake/centipede_0.png,1,1.0000,1
/home/student/data/genimagepp/flux/flux/val/1_fake/centipede_1.png,1,1.0000,1
/home/student/data/genimagepp/flux/flux/val/1_fake/centipede_2.png,1,0.9995,1
/home/student/data/genimagepp/flux/flux/val/1_fake/centipede_3.png,1,0.9996,1
/home/student/data/genimagepp/flux/flux/val/1_fake/centipede_4.png,1,1.0000,1
/home/student/data/genimagepp/flux/flux/val/1_fake/centipede_5.png,1,0.9995,1
/home/student/data/genimagepp/flux/flux/val/1_fake/chain mail_0.png,1,1.0000,1
/home/student/data/genimagepp/flux/flux/val/1_fake/chain mail_1.png,1,1.0000,1
/home/student/data/genimagepp/flux/flux/val/1_fake/chain mail_2.png,1,1.0000,1
/home/student/data/genimagepp/flux/flux/val/1_fake/chain mail_3.png,1,1.0000,1
/home/student/data/genimagepp/flux/flux/val/1_fake/chain mail_4.png,1,0.9733,1
/home/student/data/genimagepp/flux/flux/val/1_fake/chain mail_5.png,1,0.9997,1
/home/student/data/genimagepp/flux/flux/val/1_fake/chain-link fence_0.png,1,1.0000,1
/home/student/data/genimagepp/flux/flux/val/1_fake/chain-link fence_1.png,1,1.0000,1
/home/student/data/genimagepp/flux/flux/val/1_fake/chain-link fence_2.png,1,1.0000,1
/home/student/data/genimagepp/flux/flux/val/1_fake/chain-link fence_3.png,1,1.0000,1
/home/student/data/genimagepp/flux/flux/val/1_fake/chain-link fence_4.png,1,0.9997,1
/home/student/data/genimagepp/flux/flux/val/1_fake/chain-link fence_5.png,1,1.0000,1
/home/student/data/genimagepp/flux/flux/val/1_fake/chain_0.png,1,0.9975,1
/home/student/data/genimagepp/flux/flux/val/1_fake/chain_1.png,1,1.0000,1
/home/student/data/genimagepp/flux/flux/val/1_fake/chain_2.png,1,0.9913,1
/home/student/data/genimagepp/flux/flux/val/1_fake/chain_3.png,1,0.9997,1
/home/student/data/genimagepp/flux/flux/val/1_fake/chain_4.png,1,0.5558,1
/home/student/data/genimagepp/flux/flux/val/1_fake/chain_5.png,1,0.9913,1
/home/student/data/genimagepp/flux/flux/val/1_fake/chainsaw_0.png,1,1.0000,1
/home/student/data/genimagepp/flux/flux/val/1_fake/chainsaw_1.png,1,1.0000,1
/home/student/data/genimagepp/flux/flux/val/1_fake/chainsaw_2.png,1,1.0000,1
/home/student/data/genimagepp/flux/flux/val/1_fake/chainsaw_3.png,1,1.0000,1
/home/student/data/genimagepp/flux/flux/val/1_fake/chainsaw_4.png,1,1.0000,1
/home/student/data/genimagepp/flux/flux/val/1_fake/chainsaw_5.png,1,1.0000,1
/home/student/data/genimagepp/flux/flux/val/1_fake/chambered nautilus_0.png,1,0.9891,1
/home/student/data/genimagepp/flux/flux/val/1_fake/chambered nautilus_1.png,1,0.9995,1
/home/student/data/genimagepp/flux/flux/val/1_fake/chambered nautilus_2.png,1,1.0000,1
/home/student/data/genimagepp/flux/flux/val/1_fake/chambered nautilus_3.png,1,0.9771,1
/home/student/data/genimagepp/flux/flux/val/1_fake/chambered nautilus_4.png,1,1.0000,1
/home/student/data/genimagepp/flux/flux/val/1_fake/chambered nautilus_5.png,1,0.9639,1
/home/student/data/genimagepp/flux/flux/val/1_fake/chameleon_0.png,1,1.0000,1
/home/student/data/genimagepp/flux/flux/val/1_fake/chameleon_1.png,1,1.0000,1
/home/student/data/genimagepp/flux/flux/val/1_fake/chameleon_2.png,1,1.0000,1
/home/student/data/genimagepp/flux/flux/val/1_fake/chameleon_3.png,1,1.0000,1
/home/student/data/genimagepp/flux/flux/val/1_fake/chameleon_4.png,1,1.0000,1
/home/student/data/genimagepp/flux/flux/val/1_fake/chameleon_5.png,1,1.0000,1
/home/student/data/genimagepp/flux/flux/val/1_fake/cheeseburger_0.png,1,1.0000,1
/home/student/data/genimagepp/flux/flux/val/1_fake/cheeseburger_1.png,1,0.9999,1
/home/student/data/genimagepp/flux/flux/val/1_fake/cheeseburger_2.png,1,0.9998,1
/home/student/data/genimagepp/flux/flux/val/1_fake/cheeseburger_3.png,1,1.0000,1
/home/student/data/genimagepp/flux/flux/val/1_fake/cheeseburger_4.png,1,1.0000,1
/home/student/data/genimagepp/flux/flux/val/1_fake/cheeseburger_5.png,1,0.9989,1
/home/student/data/genimagepp/flux/flux/val/1_fake/cheetah_0.png,1,1.0000,1
/home/student/data/genimagepp/flux/flux/val/1_fake/cheetah_1.png,1,1.0000,1
/home/student/data/genimagepp/flux/flux/val/1_fake/cheetah_2.png,1,1.0000,1
/home/student/data/genimagepp/flux/flux/val/1_fake/cheetah_3.png,1,1.0000,1
/home/student/data/genimagepp/flux/flux/val/1_fake/cheetah_4.png,1,1.0000,1
/home/student/data/genimagepp/flux/flux/val/1_fake/cheetah_5.png,1,1.0000,1
/home/student/data/genimagepp/flux/flux/val/1_fake/chest_0.png,1,1.0000,1
/home/student/data/genimagepp/flux/flux/val/1_fake/chest_1.png,1,0.5495,1
/home/student/data/genimagepp/flux/flux/val/1_fake/chest_2.png,1,1.0000,1
/home/student/data/genimagepp/flux/flux/val/1_fake/chest_3.png,1,1.0000,1
/home/student/data/genimagepp/flux/flux/val/1_fake/chest_4.png,1,1.0000,1
/home/student/data/genimagepp/flux/flux/val/1_fake/chest_5.png,1,1.0000,1
/home/student/data/genimagepp/flux/flux/val/1_fake/chickadee_0.png,1,1.0000,1
/home/student/data/genimagepp/flux/flux/val/1_fake/chickadee_1.png,1,1.0000,1
/home/student/data/genimagepp/flux/flux/val/1_fake/chickadee_2.png,1,1.0000,1
/home/student/data/genimagepp/flux/flux/val/1_fake/chickadee_3.png,1,1.0000,1
/home/student/data/genimagepp/flux/flux/val/1_fake/chickadee_4.png,1,1.0000,1
/home/student/data/genimagepp/flux/flux/val/1_fake/chickadee_5.png,1,1.0000,1
/home/student/data/genimagepp/flux/flux/val/1_fake/chiffonier_0.png,1,1.0000,1
/home/student/data/genimagepp/flux/flux/val/1_fake/chiffonier_1.png,1,1.0000,1
/home/student/data/genimagepp/flux/flux/val/1_fake/chiffonier_2.png,1,1.0000,1
/home/student/data/genimagepp/flux/flux/val/1_fake/chiffonier_3.png,1,1.0000,1
/home/student/data/genimagepp/flux/flux/val/1_fake/chiffonier_4.png,1,1.0000,1
/home/student/data/genimagepp/flux/flux/val/1_fake/chiffonier_5.png,1,1.0000,1
/home/student/data/genimagepp/flux/flux/val/1_fake/chime_0.png,1,0.9658,1
/home/student/data/genimagepp/flux/flux/val/1_fake/chime_1.png,1,0.1404,0
/home/student/data/genimagepp/flux/flux/val/1_fake/chime_2.png,1,1.0000,1
/home/student/data/genimagepp/flux/flux/val/1_fake/chime_3.png,1,0.9968,1
/home/student/data/genimagepp/flux/flux/val/1_fake/chime_4.png,1,0.9983,1
/home/student/data/genimagepp/flux/flux/val/1_fake/chime_5.png,1,0.0038,0
/home/student/data/genimagepp/flux/flux/val/1_fake/chimpanzee_0.png,1,1.0000,1
/home/student/data/genimagepp/flux/flux/val/1_fake/chimpanzee_1.png,1,1.0000,1
/home/student/data/genimagepp/flux/flux/val/1_fake/chimpanzee_2.png,1,1.0000,1
/home/student/data/genimagepp/flux/flux/val/1_fake/chimpanzee_3.png,1,1.0000,1
/home/student/data/genimagepp/flux/flux/val/1_fake/chimpanzee_4.png,1,1.0000,1
/home/student/data/genimagepp/flux/flux/val/1_fake/chimpanzee_5.png,1,1.0000,1
/home/student/data/genimagepp/flux/flux/val/1_fake/china cabinet_0.png,1,0.9999,1
/home/student/data/genimagepp/flux/flux/val/1_fake/china cabinet_1.png,1,1.0000,1
/home/student/data/genimagepp/flux/flux/val/1_fake/china cabinet_2.png,1,1.0000,1
/home/student/data/genimagepp/flux/flux/val/1_fake/china cabinet_3.png,1,1.0000,1
/home/student/data/genimagepp/flux/flux/val/1_fake/china cabinet_4.png,1,1.0000,1
/home/student/data/genimagepp/flux/flux/val/1_fake/china cabinet_5.png,1,1.0000,1
/home/student/data/genimagepp/flux/flux/val/1_fake/chiton_0.png,1,1.0000,1
/home/student/data/genimagepp/flux/flux/val/1_fake/chiton_1.png,1,0.9695,1
/home/student/data/genimagepp/flux/flux/val/1_fake/chiton_2.png,1,1.0000,1
/home/student/data/genimagepp/flux/flux/val/1_fake/chiton_3.png,1,0.9980,1
/home/student/data/genimagepp/flux/flux/val/1_fake/chiton_4.png,1,0.9993,1
/home/student/data/genimagepp/flux/flux/val/1_fake/chiton_5.png,1,0.0012,0
/home/student/data/genimagepp/flux/flux/val/1_fake/chocolate syrup_0.png,1,1.0000,1
/home/student/data/genimagepp/flux/flux/val/1_fake/chocolate syrup_1.png,1,1.0000,1
/home/student/data/genimagepp/flux/flux/val/1_fake/chocolate syrup_2.png,1,1.0000,1
/home/student/data/genimagepp/flux/flux/val/1_fake/chocolate syrup_3.png,1,1.0000,1
/home/student/data/genimagepp/flux/flux/val/1_fake/chocolate syrup_4.png,1,1.0000,1
/home/student/data/genimagepp/flux/flux/val/1_fake/chocolate syrup_5.png,1,0.9841,1
/home/student/data/genimagepp/flux/flux/val/1_fake/church_0.png,1,1.0000,1
/home/student/data/genimagepp/flux/flux/val/1_fake/church_1.png,1,0.9105,1
/home/student/data/genimagepp/flux/flux/val/1_fake/church_2.png,1,0.9989,1
/home/student/data/genimagepp/flux/flux/val/1_fake/church_3.png,1,0.9088,1
/home/student/data/genimagepp/flux/flux/val/1_fake/church_4.png,1,0.9998,1
/home/student/data/genimagepp/flux/flux/val/1_fake/church_5.png,1,1.0000,1
/home/student/data/genimagepp/flux/flux/val/1_fake/cicada_0.png,1,1.0000,1
/home/student/data/genimagepp/flux/flux/val/1_fake/cicada_1.png,1,1.0000,1
/home/student/data/genimagepp/flux/flux/val/1_fake/cicada_2.png,1,1.0000,1
/home/student/data/genimagepp/flux/flux/val/1_fake/cicada_3.png,1,1.0000,1
/home/student/data/genimagepp/flux/flux/val/1_fake/cicada_4.png,1,1.0000,1
/home/student/data/genimagepp/flux/flux/val/1_fake/cicada_5.png,1,1.0000,1
/home/student/data/genimagepp/flux/flux/val/1_fake/cleaver_0.png,1,1.0000,1
/home/student/data/genimagepp/flux/flux/val/1_fake/cleaver_1.png,1,1.0000,1
/home/student/data/genimagepp/flux/flux/val/1_fake/cleaver_2.png,1,1.0000,1
/home/student/data/genimagepp/flux/flux/val/1_fake/cleaver_3.png,1,0.9988,1
/home/student/data/genimagepp/flux/flux/val/1_fake/cleaver_4.png,1,0.9906,1
/home/student/data/genimagepp/flux/flux/val/1_fake/cleaver_5.png,1,1.0000,1
/home/student/data/genimagepp/flux/flux/val/1_fake/cliff dwelling_0.png,1,0.9998,1
/home/student/data/genimagepp/flux/flux/val/1_fake/cliff dwelling_1.png,1,1.0000,1
/home/student/data/genimagepp/flux/flux/val/1_fake/cliff dwelling_2.png,1,0.9997,1
/home/student/data/genimagepp/flux/flux/val/1_fake/cliff dwelling_3.png,1,0.9998,1
/home/student/data/genimagepp/flux/flux/val/1_fake/cliff dwelling_4.png,1,0.9996,1
/home/student/data/genimagepp/flux/flux/val/1_fake/cliff dwelling_5.png,1,1.0000,1
/home/student/data/genimagepp/flux/flux/val/1_fake/cliff_0.png,1,0.9999,1
/home/student/data/genimagepp/flux/flux/val/1_fake/cliff_1.png,1,1.0000,1
/home/student/data/genimagepp/flux/flux/val/1_fake/cliff_2.png,1,0.9987,1
/home/student/data/genimagepp/flux/flux/val/1_fake/cliff_3.png,1,0.9611,1
/home/student/data/genimagepp/flux/flux/val/1_fake/cliff_4.png,1,0.9997,1
/home/student/data/genimagepp/flux/flux/val/1_fake/cliff_5.png,1,0.9984,1
/home/student/data/genimagepp/flux/flux/val/1_fake/cloak_0.png,1,1.0000,1
/home/student/data/genimagepp/flux/flux/val/1_fake/cloak_1.png,1,1.0000,1
/home/student/data/genimagepp/flux/flux/val/1_fake/cloak_2.png,1,1.0000,1
/home/student/data/genimagepp/flux/flux/val/1_fake/cloak_3.png,1,1.0000,1
/home/student/data/genimagepp/flux/flux/val/1_fake/cloak_4.png,1,1.0000,1
/home/student/data/genimagepp/flux/flux/val/1_fake/cloak_5.png,1,1.0000,1
/home/student/data/genimagepp/flux/flux/val/1_fake/clogs_0.png,1,1.0000,1
/home/student/data/genimagepp/flux/flux/val/1_fake/clogs_1.png,1,0.6323,1
/home/student/data/genimagepp/flux/flux/val/1_fake/clogs_2.png,1,1.0000,1
/home/student/data/genimagepp/flux/flux/val/1_fake/clogs_3.png,1,0.9997,1
/home/student/data/genimagepp/flux/flux/val/1_fake/clogs_4.png,1,1.0000,1
/home/student/data/genimagepp/flux/flux/val/1_fake/clogs_5.png,1,0.9999,1
/home/student/data/genimagepp/flux/flux/val/1_fake/clothes iron_0.png,1,1.0000,1
/home/student/data/genimagepp/flux/flux/val/1_fake/clothes iron_1.png,1,1.0000,1
/home/student/data/genimagepp/flux/flux/val/1_fake/clothes iron_2.png,1,1.0000,1
/home/student/data/genimagepp/flux/flux/val/1_fake/clothes iron_3.png,1,1.0000,1
/home/student/data/genimagepp/flux/flux/val/1_fake/clothes iron_4.png,1,1.0000,1
/home/student/data/genimagepp/flux/flux/val/1_fake/clothes iron_5.png,1,1.0000,1
/home/student/data/genimagepp/flux/flux/val/1_fake/clownfish_0.png,1,1.0000,1
/home/student/data/genimagepp/flux/flux/val/1_fake/clownfish_1.png,1,1.0000,1
/home/student/data/genimagepp/flux/flux/val/1_fake/clownfish_2.png,1,1.0000,1
/home/student/data/genimagepp/flux/flux/val/1_fake/clownfish_3.png,1,1.0000,1
/home/student/data/genimagepp/flux/flux/val/1_fake/clownfish_4.png,1,1.0000,1
/home/student/data/genimagepp/flux/flux/val/1_fake/clownfish_5.png,1,1.0000,1
/home/student/data/genimagepp/flux/flux/val/1_fake/cock_0.png,1,1.0000,1
/home/student/data/genimagepp/flux/flux/val/1_fake/cock_1.png,1,1.0000,1
/home/student/data/genimagepp/flux/flux/val/1_fake/cock_2.png,1,1.0000,1
/home/student/data/genimagepp/flux/flux/val/1_fake/cock_3.png,1,1.0000,1
/home/student/data/genimagepp/flux/flux/val/1_fake/cock_4.png,1,1.0000,1
/home/student/data/genimagepp/flux/flux/val/1_fake/cock_5.png,1,1.0000,1
/home/student/data/genimagepp/flux/flux/val/1_fake/cockroach_0.png,1,1.0000,1
/home/student/data/genimagepp/flux/flux/val/1_fake/cockroach_1.png,1,1.0000,1
/home/student/data/genimagepp/flux/flux/val/1_fake/cockroach_2.png,1,0.9481,1
/home/student/data/genimagepp/flux/flux/val/1_fake/cockroach_3.png,1,1.0000,1
/home/student/data/genimagepp/flux/flux/val/1_fake/cockroach_4.png,1,1.0000,1
/home/student/data/genimagepp/flux/flux/val/1_fake/cockroach_5.png,1,1.0000,1
/home/student/data/genimagepp/flux/flux/val/1_fake/cocktail shaker_0.png,1,1.0000,1
/home/student/data/genimagepp/flux/flux/val/1_fake/cocktail shaker_1.png,1,1.0000,1
/home/student/data/genimagepp/flux/flux/val/1_fake/cocktail shaker_2.png,1,0.9980,1
/home/student/data/genimagepp/flux/flux/val/1_fake/cocktail shaker_3.png,1,1.0000,1
/home/student/data/genimagepp/flux/flux/val/1_fake/cocktail shaker_4.png,1,0.9987,1
/home/student/data/genimagepp/flux/flux/val/1_fake/cocktail shaker_5.png,1,0.9999,1
/home/student/data/genimagepp/flux/flux/val/1_fake/coffee mug_0.png,1,0.8445,1
/home/student/data/genimagepp/flux/flux/val/1_fake/coffee mug_1.png,1,1.0000,1
/home/student/data/genimagepp/flux/flux/val/1_fake/coffee mug_2.png,1,1.0000,1
/home/student/data/genimagepp/flux/flux/val/1_fake/coffee mug_3.png,1,1.0000,1
/home/student/data/genimagepp/flux/flux/val/1_fake/coffee mug_4.png,1,0.6767,1
/home/student/data/genimagepp/flux/flux/val/1_fake/coffee mug_5.png,1,1.0000,1
/home/student/data/genimagepp/flux/flux/val/1_fake/coffeemaker_0.png,1,0.9996,1
/home/student/data/genimagepp/flux/flux/val/1_fake/coffeemaker_1.png,1,1.0000,1
/home/student/data/genimagepp/flux/flux/val/1_fake/coffeemaker_2.png,1,1.0000,1
/home/student/data/genimagepp/flux/flux/val/1_fake/coffeemaker_3.png,1,1.0000,1
/home/student/data/genimagepp/flux/flux/val/1_fake/coffeemaker_4.png,1,0.9325,1
/home/student/data/genimagepp/flux/flux/val/1_fake/coffeemaker_5.png,1,1.0000,1
/home/student/data/genimagepp/flux/flux/val/1_fake/coho salmon_0.png,1,1.0000,1
/home/student/data/genimagepp/flux/flux/val/1_fake/coho salmon_1.png,1,1.0000,1
/home/student/data/genimagepp/flux/flux/val/1_fake/coho salmon_2.png,1,1.0000,1
/home/student/data/genimagepp/flux/flux/val/1_fake/coho salmon_3.png,1,1.0000,1
/home/student/data/genimagepp/flux/flux/val/1_fake/coho salmon_4.png,1,1.0000,1
/home/student/data/genimagepp/flux/flux/val/1_fake/coho salmon_5.png,1,0.9999,1
/home/student/data/genimagepp/flux/flux/val/1_fake/coil_0.png,1,1.0000,1
/home/student/data/genimagepp/flux/flux/val/1_fake/coil_1.png,1,1.0000,1
/home/student/data/genimagepp/flux/flux/val/1_fake/coil_2.png,1,1.0000,1
/home/student/data/genimagepp/flux/flux/val/1_fake/coil_3.png,1,0.9502,1
/home/student/data/genimagepp/flux/flux/val/1_fake/coil_4.png,1,0.2031,0
/home/student/data/genimagepp/flux/flux/val/1_fake/coil_5.png,1,1.0000,1
/home/student/data/genimagepp/flux/flux/val/1_fake/collie_0.png,1,1.0000,1
/home/student/data/genimagepp/flux/flux/val/1_fake/collie_1.png,1,1.0000,1
/home/student/data/genimagepp/flux/flux/val/1_fake/collie_2.png,1,1.0000,1
/home/student/data/genimagepp/flux/flux/val/1_fake/collie_3.png,1,1.0000,1
/home/student/data/genimagepp/flux/flux/val/1_fake/collie_4.png,1,1.0000,1
/home/student/data/genimagepp/flux/flux/val/1_fake/collie_5.png,1,1.0000,1
/home/student/data/genimagepp/flux/flux/val/1_fake/combination lock_0.png,1,1.0000,1
/home/student/data/genimagepp/flux/flux/val/1_fake/combination lock_1.png,1,0.9994,1
/home/student/data/genimagepp/flux/flux/val/1_fake/combination lock_2.png,1,0.9950,1
/home/student/data/genimagepp/flux/flux/val/1_fake/combination lock_3.png,1,0.9868,1
/home/student/data/genimagepp/flux/flux/val/1_fake/combination lock_4.png,1,0.9924,1
/home/student/data/genimagepp/flux/flux/val/1_fake/combination lock_5.png,1,0.5795,1
/home/student/data/genimagepp/flux/flux/val/1_fake/comic book_0.png,1,0.9996,1
/home/student/data/genimagepp/flux/flux/val/1_fake/comic book_1.png,1,0.8970,1
/home/student/data/genimagepp/flux/flux/val/1_fake/comic book_2.png,1,0.8738,1
/home/student/data/genimagepp/flux/flux/val/1_fake/comic book_3.png,1,0.9995,1
/home/student/data/genimagepp/flux/flux/val/1_fake/comic book_4.png,1,0.9999,1
/home/student/data/genimagepp/flux/flux/val/1_fake/comic book_5.png,1,0.9985,1
/home/student/data/genimagepp/flux/flux/val/1_fake/common gallinule_0.png,1,1.0000,1
/home/student/data/genimagepp/flux/flux/val/1_fake/common gallinule_1.png,1,1.0000,1
/home/student/data/genimagepp/flux/flux/val/1_fake/common gallinule_2.png,1,1.0000,1
/home/student/data/genimagepp/flux/flux/val/1_fake/common gallinule_3.png,1,1.0000,1
/home/student/data/genimagepp/flux/flux/val/1_fake/common gallinule_4.png,1,1.0000,1
/home/student/data/genimagepp/flux/flux/val/1_fake/common gallinule_5.png,1,1.0000,1
/home/student/data/genimagepp/flux/flux/val/1_fake/common redshank_0.png,1,1.0000,1
/home/student/data/genimagepp/flux/flux/val/1_fake/common redshank_1.png,1,1.0000,1
/home/student/data/genimagepp/flux/flux/val/1_fake/common redshank_2.png,1,1.0000,1
/home/student/data/genimagepp/flux/flux/val/1_fake/common redshank_3.png,1,1.0000,1
/home/student/data/genimagepp/flux/flux/val/1_fake/common redshank_4.png,1,1.0000,1
/home/student/data/genimagepp/flux/flux/val/1_fake/common redshank_5.png,1,1.0000,1
/home/student/data/genimagepp/flux/flux/val/1_fake/common sorrel_0.png,1,1.0000,1
/home/student/data/genimagepp/flux/flux/val/1_fake/common sorrel_1.png,1,1.0000,1
/home/student/data/genimagepp/flux/flux/val/1_fake/common sorrel_2.png,1,1.0000,1
/home/student/data/genimagepp/flux/flux/val/1_fake/common sorrel_3.png,1,1.0000,1
/home/student/data/genimagepp/flux/flux/val/1_fake/common sorrel_4.png,1,1.0000,1
/home/student/data/genimagepp/flux/flux/val/1_fake/common sorrel_5.png,1,1.0000,1
/home/student/data/genimagepp/flux/flux/val/1_fake/common squirrel monkey_0.png,1,1.0000,1
/home/student/data/genimagepp/flux/flux/val/1_fake/common squirrel monkey_1.png,1,1.0000,1
/home/student/data/genimagepp/flux/flux/val/1_fake/common squirrel monkey_2.png,1,1.0000,1
/home/student/data/genimagepp/flux/flux/val/1_fake/common squirrel monkey_3.png,1,1.0000,1
/home/student/data/genimagepp/flux/flux/val/1_fake/common squirrel monkey_4.png,1,1.0000,1
/home/student/data/genimagepp/flux/flux/val/1_fake/common squirrel monkey_5.png,1,1.0000,1
/home/student/data/genimagepp/flux/flux/val/1_fake/computer keyboard_0.png,1,0.0111,0
/home/student/data/genimagepp/flux/flux/val/1_fake/computer keyboard_1.png,1,0.9906,1
/home/student/data/genimagepp/flux/flux/val/1_fake/computer keyboard_2.png,1,1.0000,1
/home/student/data/genimagepp/flux/flux/val/1_fake/computer keyboard_3.png,1,1.0000,1
/home/student/data/genimagepp/flux/flux/val/1_fake/computer keyboard_4.png,1,1.0000,1
/home/student/data/genimagepp/flux/flux/val/1_fake/computer keyboard_5.png,1,1.0000,1
/home/student/data/genimagepp/flux/flux/val/1_fake/computer mouse_0.png,1,1.0000,1
/home/student/data/genimagepp/flux/flux/val/1_fake/computer mouse_1.png,1,0.9999,1
/home/student/data/genimagepp/flux/flux/val/1_fake/computer mouse_2.png,1,0.9998,1
/home/student/data/genimagepp/flux/flux/val/1_fake/computer mouse_3.png,1,0.9998,1
/home/student/data/genimagepp/flux/flux/val/1_fake/computer mouse_4.png,1,0.9997,1
/home/student/data/genimagepp/flux/flux/val/1_fake/computer mouse_5.png,1,1.0000,1
/home/student/data/genimagepp/flux/flux/val/1_fake/conch_0.png,1,1.0000,1
/home/student/data/genimagepp/flux/flux/val/1_fake/conch_1.png,1,1.0000,1
/home/student/data/genimagepp/flux/flux/val/1_fake/conch_2.png,1,1.0000,1
/home/student/data/genimagepp/flux/flux/val/1_fake/conch_3.png,1,0.9983,1
/home/student/data/genimagepp/flux/flux/val/1_fake/conch_4.png,1,0.9806,1
/home/student/data/genimagepp/flux/flux/val/1_fake/conch_5.png,1,1.0000,1
/home/student/data/genimagepp/flux/flux/val/1_fake/confectionery store_0.png,1,0.9973,1
/home/student/data/genimagepp/flux/flux/val/1_fake/confectionery store_1.png,1,1.0000,1
/home/student/data/genimagepp/flux/flux/val/1_fake/confectionery store_2.png,1,1.0000,1
/home/student/data/genimagepp/flux/flux/val/1_fake/confectionery store_3.png,1,0.9970,1
/home/student/data/genimagepp/flux/flux/val/1_fake/confectionery store_4.png,1,0.9994,1
/home/student/data/genimagepp/flux/flux/val/1_fake/confectionery store_5.png,1,0.9998,1
/home/student/data/genimagepp/flux/flux/val/1_fake/consomme_0.png,1,0.8796,1
/home/student/data/genimagepp/flux/flux/val/1_fake/consomme_1.png,1,0.9998,1
/home/student/data/genimagepp/flux/flux/val/1_fake/consomme_2.png,1,1.0000,1
/home/student/data/genimagepp/flux/flux/val/1_fake/consomme_3.png,1,0.9999,1
/home/student/data/genimagepp/flux/flux/val/1_fake/consomme_4.png,1,0.9996,1
/home/student/data/genimagepp/flux/flux/val/1_fake/consomme_5.png,1,0.9999,1
/home/student/data/genimagepp/flux/flux/val/1_fake/container ship_0.png,1,0.9989,1
/home/student/data/genimagepp/flux/flux/val/1_fake/container ship_1.png,1,0.8587,1
/home/student/data/genimagepp/flux/flux/val/1_fake/container ship_2.png,1,0.9958,1
/home/student/data/genimagepp/flux/flux/val/1_fake/container ship_3.png,1,0.9618,1
/home/student/data/genimagepp/flux/flux/val/1_fake/container ship_4.png,1,0.9990,1
/home/student/data/genimagepp/flux/flux/val/1_fake/container ship_5.png,1,0.9999,1
/home/student/data/genimagepp/flux/flux/val/1_fake/convertible_0.png,1,0.0089,0
/home/student/data/genimagepp/flux/flux/val/1_fake/convertible_1.png,1,0.8325,1
/home/student/data/genimagepp/flux/flux/val/1_fake/convertible_2.png,1,0.9344,1
/home/student/data/genimagepp/flux/flux/val/1_fake/convertible_3.png,1,0.0281,0
/home/student/data/genimagepp/flux/flux/val/1_fake/convertible_4.png,1,0.0145,0
/home/student/data/genimagepp/flux/flux/val/1_fake/convertible_5.png,1,0.3952,0
/home/student/data/genimagepp/flux/flux/val/1_fake/coral fungus_0.png,1,0.9999,1
/home/student/data/genimagepp/flux/flux/val/1_fake/coral fungus_1.png,1,0.9650,1
/home/student/data/genimagepp/flux/flux/val/1_fake/coral fungus_2.png,1,0.9999,1
/home/student/data/genimagepp/flux/flux/val/1_fake/coral fungus_3.png,1,0.9993,1
/home/student/data/genimagepp/flux/flux/val/1_fake/coral fungus_4.png,1,0.9899,1
/home/student/data/genimagepp/flux/flux/val/1_fake/coral fungus_5.png,1,1.0000,1
/home/student/data/genimagepp/flux/flux/val/1_fake/coral reef_0.png,1,0.9852,1
/home/student/data/genimagepp/flux/flux/val/1_fake/coral reef_1.png,1,0.9711,1
/home/student/data/genimagepp/flux/flux/val/1_fake/coral reef_2.png,1,0.9994,1
/home/student/data/genimagepp/flux/flux/val/1_fake/coral reef_3.png,1,0.9901,1
/home/student/data/genimagepp/flux/flux/val/1_fake/coral reef_4.png,1,0.9920,1
/home/student/data/genimagepp/flux/flux/val/1_fake/coral reef_5.png,1,0.3409,0
/home/student/data/genimagepp/flux/flux/val/1_fake/corkscrew_0.png,1,0.9999,1
/home/student/data/genimagepp/flux/flux/val/1_fake/corkscrew_1.png,1,0.9990,1
